score_date,CustomerID,purchases_90d,spend_90d,units_90d,active_days_90d,avg_order_value,recency_days,Country,return_units,return_rate_units,snapshot_date,propensity_score,priority_band,recommended_action,score_reason
2011-12-10,14911,89,59918.88,36722,49,673.2458426966292,1.3375,EIRE,367.0,0.009895117150637655,2011-12-10,1.0,High,Prioritise for outreach,purchased in the last 14 days; frequent 90-day buyer
2011-12-10,12748,75,18694.29,16295,39,249.2572,0.4861111111111111,United Kingdom,1106.0,0.06355956554221022,2011-12-10,0.999999999999925,High,Prioritise for outreach,purchased in the last 14 days; frequent 90-day buyer
2011-12-10,17841,43,17477.51,10272,36,406.4537209302325,1.4951388888888888,United Kingdom,92.0,0.00887688151292937,2011-12-10,0.9999999999762048,High,Prioritise for outreach,purchased in the last 14 days; frequent 90-day buyer
2011-12-10,15311,26,14451.77,8657,26,555.8373076923077,0.5,United Kingdom,64.0,0.007338607957803004,2011-12-10,0.9999999307552622,High,Prioritise for outreach,purchased in the last 14 days; frequent 90-day buyer
2011-12-10,14646,30,101408.4,69138,15,3380.2799999999997,1.4916666666666667,Netherlands,0.0,0.0,2011-12-10,0.9999985546774208,High,Prioritise for outreach,purchased in the last 14 days; frequent 90-day buyer
2011-12-10,14606,22,2592.46,1344,22,117.83909090909091,1.1888888888888889,United Kingdom,10.0,0.007385524372230428,2011-12-10,0.9999983828599851,High,Prioritise for outreach,purchased in the last 14 days; frequent 90-day buyer
2011-12-10,12971,22,3024.59,3373,19,137.48136363636365,3.486111111111111,United Kingdom,0.0,0.0,2011-12-10,0.9999926150591791,High,Prioritise for outreach,purchased in the last 14 days; frequent 90-day buyer
2011-12-10,13089,26,15501.34,7243,18,596.2053846153847,2.623611111111111,United Kingdom,11.0,0.0015164047422111938,2011-12-10,0.9999911484665419,High,Prioritise for outreach,purchased in the last 14 days; frequent 90-day buyer
2011-12-10,13408,21,10280.36,5726,14,489.54095238095243,1.6215277777777777,United Kingdom,20.0,0.003480682213713888,2011-12-10,0.9998371447177734,High,Prioritise for outreach,purchased in the last 14 days; frequent 90-day buyer
2011-12-10,13798,15,7992.710000000001,5644,15,532.8473333333334,1.3395833333333333,United Kingdom,70.0,0.012250612530626532,2011-12-10,0.9998230578531478,High,Prioritise for outreach,purchased in the last 14 days; frequent 90-day buyer
2011-12-10,14527,15,3227.4,746,15,215.16,2.4868055555555557,United Kingdom,0.0,0.0,2011-12-10,0.9997492219527673,High,Prioritise for outreach,purchased in the last 14 days; frequent 90-day buyer
2011-12-10,17811,15,2973.5699999999997,1859,14,198.23799999999997,4.426388888888889,United Kingdom,41.0,0.02157894736842105,2011-12-10,0.9996010732605778,High,Prioritise for outreach,purchased in the last 14 days; frequent 90-day buyer
2011-12-10,12569,17,1507.01,919,13,88.64764705882352,2.316666666666667,Germany,0.0,0.0,2011-12-10,0.9995227744677999,High,Prioritise for outreach,purchased in the last 14 days; frequent 90-day buyer
2011-12-10,14096,14,53029.62,16240,14,3787.8300000000004,4.279861111111111,United Kingdom,0.0,0.0,2011-12-10,0.9995137935063102,High,Prioritise for outreach,purchased in the last 14 days; frequent 90-day buyer
2011-12-10,13199,16,5076.96,2524,13,317.31,3.4791666666666665,United Kingdom,0.0,0.0,2011-12-10,0.9993802526302642,High,Prioritise for outreach,purchased in the last 14 days; frequent 90-day buyer
2011-12-10,14156,13,18178.489999999998,9024,12,1398.3453846153845,9.545833333333333,EIRE,84.0,0.00922266139657444,2011-12-10,0.9992272633009813,High,Prioritise for outreach,purchased in the last 14 days; frequent 90-day buyer
2011-12-10,16422,12,5566.7,6098,11,463.89166666666665,17.416666666666668,United Kingdom,0.0,0.0,2011-12-10,0.9979822521750704,High,Prioritise for outreach,frequent 90-day buyer
2011-12-10,18102,33,124206.55,32651,10,3763.8348484848484,0.5069444444444444,United Kingdom,0.0,0.0,2011-12-10,0.9973137663028305,High,Prioritise for outreach,purchased in the last 14 days; frequent 90-day buyer
2011-12-10,17450,23,108089.25,37813,10,4699.532608695652,8.438194444444445,United Kingdom,952.0,0.024558235521733522,2011-12-10,0.9968573469355303,High,Prioritise for outreach,purchased in the last 14 days; frequent 90-day buyer
2011-12-10,17377,11,2055.54,982,11,186.86727272727273,23.52986111111111,United Kingdom,0.0,0.0,2011-12-10,0.9964180561528357,High,Prioritise for outreach,frequent 90-day buyer
2011-12-10,13263,11,2568.39,1973,11,233.48999999999998,1.417361111111111,United Kingdom,0.0,0.0,2011-12-10,0.9964008052922898,High,Prioritise for outreach,purchased in the last 14 days; frequent 90-day buyer
2011-12-10,16839,12,5725.07,3251,11,477.08916666666664,8.622916666666667,United Kingdom,486.0,0.13005084292213004,2011-12-10,0.9959856877029445,High,Prioritise for outreach,purchased in the last 14 days; frequent 90-day buyer
2011-12-10,13078,11,5710.79,3130,10,519.1627272727272,3.35,United Kingdom,38.0,0.011994949494949494,2011-12-10,0.9936907270808518,High,Prioritise for outreach,purchased in the last 14 days; frequent 90-day buyer
2011-12-10,14562,11,2734.89,835,10,248.62636363636364,3.5381944444444446,United Kingdom,28.0,0.03244495944380069,2011-12-10,0.9925230327728527,High,Prioritise for outreach,purchased in the last 14 days; frequent 90-day buyer
2011-12-10,17757,10,2284.84,1517,10,228.484,1.3534722222222222,United Kingdom,0.0,0.0,2011-12-10,0.9924029923568486,High,Prioritise for outreach,purchased in the last 14 days; frequent 90-day buyer
2011-12-10,16626,10,2247.76,1582,10,224.776,0.5027777777777778,United Kingdom,19.0,0.011867582760774516,2011-12-10,0.9923393728781391,High,Prioritise for outreach,purchased in the last 14 days; frequent 90-day buyer
2011-12-10,17243,10,4222.69,1837,10,422.26899999999995,1.4402777777777778,United Kingdom,0.0,0.0,2011-12-10,0.9922574683193541,High,Prioritise for outreach,purchased in the last 14 days; frequent 90-day buyer
2011-12-10,13599,13,2827.93,1761,9,217.53307692307692,1.3263888888888888,United Kingdom,26.0,0.014549524342473419,2011-12-10,0.9904724777744511,High,Prioritise for outreach,purchased in the last 14 days; frequent 90-day buyer
2011-12-10,17511,10,31686.63,24272,8,3168.663,2.575,United Kingdom,1427.0,0.05552745243005564,2011-12-10,0.9904319647139557,High,Prioritise for outreach,purchased in the last 14 days; frequent 90-day buyer
2011-12-10,12682,11,3547.2,2003,9,322.47272727272724,3.5833333333333335,France,0.0,0.0,2011-12-10,0.9896698818573482,High,Prioritise for outreach,purchased in the last 14 days; frequent 90-day buyer
2011-12-10,16684,10,31879.06,25590,6,3187.906,4.4125,United Kingdom,0.0,0.0,2011-12-10,0.9889144735766644,High,Prioritise for outreach,purchased in the last 14 days; frequent 90-day buyer
2011-12-10,16133,10,3969.77,2664,9,396.977,3.525,United Kingdom,69.0,0.025246981339187707,2011-12-10,0.9870921080243286,High,Prioritise for outreach,purchased in the last 14 days; frequent 90-day buyer
2011-12-10,13704,9,2308.06,1531,9,256.4511111111111,5.365972222222222,United Kingdom,3.0,0.001955671447196871,2011-12-10,0.9850057200001844,High,Prioritise for outreach,purchased in the last 14 days; frequent 90-day buyer
2011-12-10,12921,13,6503.62,3475,8,500.27846153846156,9.318055555555556,United Kingdom,14.0,0.004012611063341932,2011-12-10,0.9849166187557258,High,Prioritise for outreach,purchased in the last 14 days; frequent 90-day buyer
2011-12-10,14397,9,1576.84,1126,9,175.20444444444445,2.609722222222222,United Kingdom,38.0,0.03264604810996564,2011-12-10,0.9839989740272576,High,Prioritise for outreach,purchased in the last 14 days; frequent 90-day buyer
2011-12-10,13694,11,19127.98,14482,7,1738.9072727272726,3.602777777777778,United Kingdom,192.0,0.013084366907455363,2011-12-10,0.9839904146928606,High,Prioritise for outreach,purchased in the last 14 days; frequent 90-day buyer
2011-12-10,16764,9,2016.7,896,9,224.07777777777778,3.5131944444444443,United Kingdom,12.0,0.013215859030837005,2011-12-10,0.9837426712133825,High,Prioritise for outreach,purchased in the last 14 days; frequent 90-day buyer
2011-12-10,17949,12,10301.28,9768,7,858.44,1.2180555555555554,United Kingdom,24.0,0.0024509803921568627,2011-12-10,0.9827682590016723,High,Prioritise for outreach,purchased in the last 14 days; frequent 90-day buyer
2011-12-10,13098,10,13712.98,7267,8,1371.298,1.4069444444444446,United Kingdom,21.0,0.002881448957189901,2011-12-10,0.9824578596673755,High,Prioritise for outreach,purchased in the last 14 days; frequent 90-day buyer
2011-12-10,12471,10,7723.650000000001,3830,8,772.365,2.345138888888889,Germany,87.0,0.02221087567015573,2011-12-10,0.9812523698915784,High,Prioritise for outreach,purchased in the last 14 days; frequent 90-day buyer
2011-12-10,12901,9,6015.07,10655,7,668.3411111111111,8.578472222222222,United Kingdom,360.0,0.032682705401724924,2011-12-10,0.9776401523690594,High,Prioritise for outreach,purchased in the last 14 days; frequent 90-day buyer
2011-12-10,13881,9,7760.84,4190,8,862.3155555555555,3.4652777777777777,United Kingdom,40.0,0.009456264775413711,2011-12-10,0.9765994832381637,High,Prioritise for outreach,purchased in the last 14 days; frequent 90-day buyer
2011-12-10,15061,11,17959.14,9727,7,1632.6490909090908,3.495833333333333,United Kingdom,36.0,0.0036873911707466967,2011-12-10,0.9757191867456763,High,Prioritise for outreach,purchased in the last 14 days; frequent 90-day buyer
2011-12-10,15187,10,2893.3,1086,8,289.33000000000004,1.5027777777777778,United Kingdom,6.0,0.005494505494505495,2011-12-10,0.9741601905124169,High,Prioritise for outreach,purchased in the last 14 days; frequent 90-day buyer
2011-12-10,15159,12,9671.04,5775,7,805.9200000000001,1.4965277777777777,United Kingdom,41.0,0.007049518569463549,2011-12-10,0.9730880871510343,High,Prioritise for outreach,purchased in the last 14 days; frequent 90-day buyer
2011-12-10,14547,8,4007.54,2668,8,500.9425,3.5375,United Kingdom,10.0,0.0037341299477221808,2011-12-10,0.972356907271016,High,Prioritise for outreach,purchased in the last 14 days; frequent 90-day buyer
2011-12-10,13755,9,2161.35,1264,8,240.14999999999998,3.4819444444444443,United Kingdom,23.0,0.017871017871017872,2011-12-10,0.9720550554177284,High,Prioritise for outreach,purchased in the last 14 days; frequent 90-day buyer
2011-12-10,15039,9,1358.99,671,8,150.9988888888889,9.520138888888889,United Kingdom,0.0,0.0,2011-12-10,0.9719777775187037,High,Prioritise for outreach,purchased in the last 14 days; frequent 90-day buyer
2011-12-10,16168,9,1155.48,500,8,128.38666666666666,10.46875,United Kingdom,4.0,0.007936507936507936,2011-12-10,0.971606729600745,High,Prioritise for outreach,purchased in the last 14 days; frequent 90-day buyer
2011-12-10,17389,9,22329.6,5670,8,2481.0666666666666,0.5986111111111111,United Kingdom,0.0,0.0,2011-12-10,0.9713472775900718,High,Prioritise for outreach,purchased in the last 14 days; frequent 90-day buyer
2011-12-10,15005,8,1794.07,1213,8,224.25875,15.48263888888889,United Kingdom,6.0,0.004922067268252666,2011-12-10,0.9707410711076611,High,Prioritise for outreach,frequent 90-day buyer
2011-12-10,13985,8,4287.09,2065,8,535.88625,4.2875,United Kingdom,0.0,0.0,2011-12-10,0.9704940532618985,High,Prioritise for outreach,purchased in the last 14 days; frequent 90-day buyer
2011-12-10,15189,8,3589.62,1522,8,448.7025,1.4430555555555555,United Kingdom,0.0,0.0,2011-12-10,0.9687179569931196,High,Prioritise for outreach,purchased in the last 14 days; frequent 90-day buyer
2011-12-10,17920,8,1797.28,946,8,224.66,4.396527777777778,United Kingdom,0.0,0.0,2011-12-10,0.9683974973024414,High,Prioritise for outreach,purchased in the last 14 days; frequent 90-day buyer
2011-12-10,17315,8,1923.2199999999998,889,8,240.40249999999997,1.4895833333333333,United Kingdom,6.0,0.0067039106145251395,2011-12-10,0.9675300739530712,High,Prioritise for outreach,purchased in the last 14 days; frequent 90-day buyer
2011-12-10,14702,8,1604.44,805,8,200.555,1.1881944444444446,United Kingdom,10.0,0.012269938650306749,2011-12-10,0.9673155683656678,High,Prioritise for outreach,purchased in the last 14 days; frequent 90-day buyer
2011-12-10,15804,8,1651.55,1073,8,206.44375,0.47847222222222224,United Kingdom,48.0,0.042818911685994644,2011-12-10,0.9673081782336619,High,Prioritise for outreach,purchased in the last 14 days; frequent 90-day buyer
2011-12-10,13468,8,965.95,525,8,120.74375,1.55625,United Kingdom,3.0,0.005681818181818182,2011-12-10,0.9669784583724429,High,Prioritise for outreach,purchased in the last 14 days; frequent 90-day buyer
2011-12-10,13777,9,13220.170000000002,6857,7,1468.907777777778,0.4826388888888889,United Kingdom,12.0,0.0017469791818314165,2011-12-10,0.964921667309825,High,Prioritise for outreach,purchased in the last 14 days; frequent 90-day buyer
2011-12-10,17857,8,11047.02,7110,7,1380.8775,4.449305555555555,United Kingdom,120.0,0.016597510373443983,2011-12-10,0.9631220647544505,High,Prioritise for outreach,purchased in the last 14 days; frequent 90-day buyer
2011-12-10,17677,10,4678.88,2727,7,467.88800000000003,1.586111111111111,United Kingdom,10.0,0.003653635367190354,2011-12-10,0.960150168729218,High,Prioritise for outreach,purchased in the last 14 days; frequent 90-day buyer
2011-12-10,14866,8,13226.0,6200,7,1653.25,10.510416666666666,United Kingdom,183.0,0.028669904433651888,2011-12-10,0.956610346971353,High,Prioritise for outreach,purchased in the last 14 days; frequent 90-day buyer
2011-12-10,12720,8,1839.89,1574,7,229.98625,2.6645833333333333,Germany,10.0,0.006313131313131313,2011-12-10,0.9565001380690139,High,Prioritise for outreach,purchased in the last 14 days; frequent 90-day buyer
2011-12-10,13767,9,7508.290000000001,3383,7,834.2544444444445,2.375,United Kingdom,16.0,0.004707266843189173,2011-12-10,0.9555653702074479,High,Prioritise for outreach,purchased in the last 14 days; frequent 90-day buyer
2011-12-10,14194,9,5683.07,2597,7,631.4522222222222,4.5569444444444445,United Kingdom,9.0,0.0034535686876438986,2011-12-10,0.9543604547625165,High,Prioritise for outreach,purchased in the last 14 days; frequent 90-day buyer
2011-12-10,16013,12,13721.26,6658,6,1143.4383333333333,3.558333333333333,United Kingdom,2.0,0.0003003003003003003,2011-12-10,0.9528487018012685,High,Prioritise for outreach,purchased in the last 14 days; frequent 90-day buyer
2011-12-10,14298,7,10344.79,10649,6,1477.827142857143,8.45,United Kingdom,322.0,0.029350104821802937,2011-12-10,0.9487615562986625,High,Prioritise for outreach,purchased in the last 14 days; frequent 90-day buyer
2011-12-10,17675,8,6300.09,2805,7,787.51125,1.2479166666666666,United Kingdom,28.0,0.009883515707730321,2011-12-10,0.9485173078500436,High,Prioritise for outreach,purchased in the last 14 days; frequent 90-day buyer
2011-12-10,17528,8,3628.5,2138,7,453.5625,1.4395833333333334,United Kingdom,8.0,0.003727865796831314,2011-12-10,0.94850109561273,High,Prioritise for outreach,purchased in the last 14 days; frequent 90-day buyer
2011-12-10,16353,9,3207.9,746,7,356.43333333333334,3.484027777777778,United Kingdom,0.0,0.0,2011-12-10,0.9474157621956402,High,Prioritise for outreach,purchased in the last 14 days; frequent 90-day buyer
2011-12-10,16523,8,4172.52,1940,7,521.565,1.6208333333333333,United Kingdom,28.0,0.014227642276422764,2011-12-10,0.9460649925929274,High,Prioritise for outreach,purchased in the last 14 days; frequent 90-day buyer
2011-12-10,17961,8,116.82,91,7,14.6025,21.29513888888889,United Kingdom,0.0,0.0,2011-12-10,0.9456887481975524,High,Prioritise for outreach,frequent 90-day buyer
2011-12-10,13969,7,5142.59,2559,7,734.6557142857143,7.367361111111111,United Kingdom,59.0,0.022536287242169595,2011-12-10,0.9435208557162983,High,Prioritise for outreach,purchased in the last 14 days; frequent 90-day buyer
2011-12-10,13536,7,3448.29,2136,7,492.61285714285714,1.3069444444444445,United Kingdom,0.0,0.0,2011-12-10,0.943218241665576,High,Prioritise for outreach,purchased in the last 14 days; frequent 90-day buyer
2011-12-10,16210,7,9837.34,3178,7,1405.3342857142857,1.475,United Kingdom,0.0,0.0,2011-12-10,0.9429410177502672,High,Prioritise for outreach,purchased in the last 14 days; frequent 90-day buyer
2011-12-10,15152,7,2362.48,1531,7,337.4971428571429,9.477777777777778,United Kingdom,0.0,0.0,2011-12-10,0.9426601828473344,High,Prioritise for outreach,purchased in the last 14 days; frequent 90-day buyer
2011-12-10,12841,8,1170.91,937,7,146.36375,4.532638888888889,United Kingdom,74.0,0.07319485657764589,2011-12-10,0.9425094048176935,High,Prioritise for outreach,purchased in the last 14 days; frequent 90-day buyer
2011-12-10,13890,8,1382.7,560,7,172.8375,1.35,United Kingdom,3.0,0.0053285968028419185,2011-12-10,0.9418508729593903,High,Prioritise for outreach,purchased in the last 14 days; frequent 90-day buyer
2011-12-10,17434,7,2373.82,1693,7,339.1171428571429,2.4472222222222224,United Kingdom,8.0,0.004703115814226925,2011-12-10,0.9415690353554927,High,Prioritise for outreach,purchased in the last 14 days; frequent 90-day buyer
2011-12-10,18109,8,3201.85,829,7,400.23125,1.5166666666666666,United Kingdom,0.0,0.0,2011-12-10,0.9413718163123665,High,Prioritise for outreach,purchased in the last 14 days; frequent 90-day buyer
2011-12-10,18118,7,1412.13,715,7,201.73285714285717,10.519444444444444,United Kingdom,0.0,0.0,2011-12-10,0.9386713093372163,High,Prioritise for outreach,purchased in the last 14 days; frequent 90-day buyer
2011-12-10,16910,7,1398.28,793,7,199.75428571428571,4.464583333333334,United Kingdom,0.0,0.0,2011-12-10,0.9375537175171924,High,Prioritise for outreach,purchased in the last 14 days; frequent 90-day buyer
2011-12-10,16458,7,1331.24,794,7,190.17714285714285,2.6013888888888888,United Kingdom,0.0,0.0,2011-12-10,0.9371215488783199,High,Prioritise for outreach,purchased in the last 14 days; frequent 90-day buyer
2011-12-10,14110,7,2423.53,911,7,346.21857142857147,3.4819444444444443,United Kingdom,0.0,0.0,2011-12-10,0.9368852384731228,High,Prioritise for outreach,purchased in the last 14 days; frequent 90-day buyer
2011-12-10,16161,7,2499.96,1109,7,357.13714285714286,1.4930555555555556,United Kingdom,20.0,0.01771479185119575,2011-12-10,0.9367508226891986,High,Prioritise for outreach,purchased in the last 14 days; frequent 90-day buyer
2011-12-10,14051,7,5767.35,1373,7,823.907142857143,0.5694444444444444,United Kingdom,0.0,0.0,2011-12-10,0.9352910271036323,High,Prioritise for outreach,purchased in the last 14 days; frequent 90-day buyer
2011-12-10,13018,10,2201.9900000000002,1571,6,220.199,16.43888888888889,United Kingdom,0.0,0.0,2011-12-10,0.9315654407491848,High,Prioritise for outreach,frequent 90-day buyer
2011-12-10,13685,7,3119.44,5056,6,445.63428571428574,2.5131944444444443,United Kingdom,0.0,0.0,2011-12-10,0.929465028990579,High,Prioritise for outreach,purchased in the last 14 days; frequent 90-day buyer
2011-12-10,15078,10,3040.52,1718,6,304.052,7.346527777777778,United Kingdom,0.0,0.0,2011-12-10,0.9282765759102843,High,Prioritise for outreach,purchased in the last 14 days; frequent 90-day buyer
2011-12-10,16705,10,4254.64,1550,6,425.46400000000006,0.49444444444444446,United Kingdom,7.0,0.00449582530507386,2011-12-10,0.9218623238396926,High,Prioritise for outreach,purchased in the last 14 days; frequent 90-day buyer
2011-12-10,16549,8,3373.12,1848,6,421.64,10.370833333333334,United Kingdom,0.0,0.0,2011-12-10,0.912752843554688,High,Prioritise for outreach,purchased in the last 14 days; frequent 90-day buyer
2011-12-10,17428,8,6595.76,2735,6,824.47,0.59375,United Kingdom,11.0,0.004005826656955572,2011-12-10,0.9105975551008746,High,Prioritise for outreach,purchased in the last 14 days; frequent 90-day buyer
2011-12-10,12362,6,3101.33,1211,6,516.8883333333333,3.3472222222222223,Belgium,7.0,0.005747126436781609,2011-12-10,0.9091408249643341,High,Prioritise for outreach,purchased in the last 14 days; frequent 90-day buyer
2011-12-10,12664,6,2634.4,688,6,439.06666666666666,8.286805555555556,Finland,0.0,0.0,2011-12-10,0.9084742757115887,High,Prioritise for outreach,purchased in the last 14 days; frequent 90-day buyer
2011-12-10,12437,7,1942.0,1114,6,277.42857142857144,1.5173611111111112,France,0.0,0.0,2011-12-10,0.9057569739335811,High,Prioritise for outreach,purchased in the last 14 days; frequent 90-day buyer
2011-12-10,14667,7,3170.18,1941,6,452.8828571428571,10.520833333333334,United Kingdom,0.0,0.0,2011-12-10,0.9047418187337314,High,Prioritise for outreach,purchased in the last 14 days; frequent 90-day buyer
2011-12-10,14088,6,24983.920000000002,5591,6,4163.986666666667,10.322222222222223,United Kingdom,0.0,0.0,2011-12-10,0.9042475505547425,High,Prioritise for outreach,purchased in the last 14 days; frequent 90-day buyer
2011-12-10,14735,8,2454.98,898,6,306.8725,3.49375,United Kingdom,0.0,0.0,2011-12-10,0.9025629291140337,High,Prioritise for outreach,purchased in the last 14 days; frequent 90-day buyer
2011-12-10,17651,6,2796.9900000000002,2430,6,466.165,11.563194444444445,United Kingdom,5.0,0.002053388090349076,2011-12-10,0.9008266162034844,High,Prioritise for outreach,purchased in the last 14 days; frequent 90-day buyer
2011-12-10,14456,6,2425.75,2332,6,404.2916666666667,5.417361111111111,United Kingdom,6.0,0.0025662959794696323,2011-12-10,0.8975892401269876,High,Prioritise for outreach,purchased in the last 14 days; frequent 90-day buyer
2011-12-10,16931,7,1685.42,1180,6,240.77428571428572,5.447916666666667,United Kingdom,0.0,0.0,2011-12-10,0.8973165622502943,High,Prioritise for outreach,purchased in the last 14 days; frequent 90-day buyer
2011-12-10,14432,6,2255.51,2070,6,375.91833333333335,9.66388888888889,United Kingdom,0.0,0.0,2011-12-10,0.897214672106052,High,Prioritise for outreach,purchased in the last 14 days; frequent 90-day buyer
2011-12-10,15555,6,1983.49,1970,6,330.58166666666665,12.32013888888889,United Kingdom,14.0,0.007056451612903226,2011-12-10,0.8967991606568194,High,Prioritise for outreach,purchased in the last 14 days; frequent 90-day buyer
2011-12-10,12583,6,2797.17,1583,6,466.195,2.6618055555555555,France,50.0,0.03061849357011635,2011-12-10,0.8966762470321651,High,Prioritise for outreach,purchased in the last 14 days; frequent 90-day buyer
2011-12-10,14191,6,2426.5,2274,6,404.4166666666667,1.6090277777777777,United Kingdom,0.0,0.0,2011-12-10,0.8956564991177944,High,Prioritise for outreach,purchased in the last 14 days; frequent 90-day buyer
2011-12-10,15144,7,3019.6,1130,6,431.37142857142857,8.366666666666667,United Kingdom,0.0,0.0,2011-12-10,0.8955778696517716,High,Prioritise for outreach,purchased in the last 14 days; frequent 90-day buyer
2011-12-10,16779,7,4234.99,1711,6,604.9985714285714,2.379166666666667,United Kingdom,24.0,0.0138328530259366,2011-12-10,0.8954801464475115,High,Prioritise for outreach,purchased in the last 14 days; frequent 90-day buyer
2011-12-10,17017,6,3262.98,2362,6,543.83,2.602777777777778,United Kingdom,13.0,0.0054736842105263155,2011-12-10,0.8950988335734009,High,Prioritise for outreach,purchased in the last 14 days; frequent 90-day buyer
2011-12-10,16746,6,2276.58,2085,6,379.43,4.477083333333334,United Kingdom,0.0,0.0,2011-12-10,0.8950647601664766,High,Prioritise for outreach,purchased in the last 14 days; frequent 90-day buyer
2011-12-10,17086,6,2050.08,1859,6,341.68,7.420833333333333,United Kingdom,0.0,0.0,2011-12-10,0.8942020322581421,High,Prioritise for outreach,purchased in the last 14 days; frequent 90-day buyer
2011-12-10,12963,7,1490.83,709,6,212.97571428571428,8.461805555555555,United Kingdom,0.0,0.0,2011-12-10,0.8938633871356193,High,Prioritise for outreach,purchased in the last 14 days; frequent 90-day buyer
2011-12-10,16360,6,3512.53,2144,6,585.4216666666667,4.488888888888889,United Kingdom,16.0,0.007407407407407408,2011-12-10,0.8929830096925707,High,Prioritise for outreach,purchased in the last 14 days; frequent 90-day buyer
2011-12-10,14132,6,2033.57,1948,6,338.92833333333334,2.4340277777777777,United Kingdom,2.0,0.0010256410256410256,2011-12-10,0.8928427403301598,High,Prioritise for outreach,purchased in the last 14 days; frequent 90-day buyer
2011-12-10,17652,6,2154.15,1040,6,359.02500000000003,25.461805555555557,United Kingdom,13.0,0.012345679012345678,2011-12-10,0.8921512235816292,High,Prioritise for outreach,frequent 90-day buyer
2011-12-10,14367,6,3813.07,1865,6,635.5116666666667,8.44513888888889,United Kingdom,3.0,0.0016059957173447537,2011-12-10,0.8920488346525404,High,Prioritise for outreach,purchased in the last 14 days; frequent 90-day buyer
2011-12-10,16558,6,3653.32,2125,6,608.8866666666667,0.5694444444444444,United Kingdom,0.0,0.0,2011-12-10,0.8918109828139958,High,Prioritise for outreach,purchased in the last 14 days; frequent 90-day buyer
2011-12-10,14560,7,672.57,635,6,96.08142857142857,7.3597222222222225,United Kingdom,36.0,0.05365126676602087,2011-12-10,0.8913113989671072,High,Prioritise for outreach,purchased in the last 14 days; frequent 90-day buyer
2011-12-10,17346,7,1410.35,697,6,201.47857142857143,3.4875,United Kingdom,18.0,0.025174825174825177,2011-12-10,0.8902371757504292,High,Prioritise for outreach,purchased in the last 14 days; frequent 90-day buyer
2011-12-10,12989,7,2454.97,897,6,350.71,3.3555555555555556,United Kingdom,25.0,0.027114967462039046,2011-12-10,0.8899820180317469,High,Prioritise for outreach,purchased in the last 14 days; frequent 90-day buyer
2011-12-10,15856,10,4945.63,3449,5,494.563,4.285416666666666,United Kingdom,48.0,0.01372605090077209,2011-12-10,0.8885837869714359,High,Prioritise for outreach,purchased in the last 14 days; frequent 90-day buyer
2011-12-10,12540,6,3705.38,2236,6,617.5633333333334,19.520138888888887,Spain,2.0,0.0008936550491510277,2011-12-10,0.8874660314148051,High,Prioritise for outreach,frequent 90-day buyer
2011-12-10,14217,7,793.48,309,6,113.35428571428572,1.5048611111111112,United Kingdom,4.0,0.012779552715654952,2011-12-10,0.8870432570614905,High,Prioritise for outreach,purchased in the last 14 days; frequent 90-day buyer
2011-12-10,13924,6,1838.85,1575,6,306.47499999999997,1.5979166666666667,United Kingdom,43.0,0.02657601977750309,2011-12-10,0.885666098329741,High,Prioritise for outreach,purchased in the last 14 days; frequent 90-day buyer
2011-12-10,12856,6,2179.93,1079,6,363.32166666666666,7.5472222222222225,United Kingdom,3.0,0.0027726432532347504,2011-12-10,0.8848989331607053,High,Prioritise for outreach,purchased in the last 14 days; frequent 90-day buyer
2011-12-10,14434,6,1372.8,368,6,228.79999999999998,21.627777777777776,United Kingdom,0.0,0.0,2011-12-10,0.8846541968545999,High,Prioritise for outreach,frequent 90-day buyer
2011-12-10,18229,6,2064.84,784,6,344.14000000000004,11.591666666666667,United Kingdom,0.0,0.0,2011-12-10,0.8837252264929504,High,Prioritise for outreach,purchased in the last 14 days; frequent 90-day buyer
2011-12-10,14056,6,2832.14,1396,6,472.0233333333333,1.4333333333333333,United Kingdom,18.0,0.01272984441301273,2011-12-10,0.8836809612189502,High,Prioritise for outreach,purchased in the last 14 days; frequent 90-day buyer
2011-12-10,17769,6,2169.25,787,6,361.5416666666667,12.529166666666667,United Kingdom,5.0,0.006313131313131313,2011-12-10,0.883659124093062,High,Prioritise for outreach,purchased in the last 14 days; frequent 90-day buyer
2011-12-10,14282,6,1233.9,868,6,205.65,3.2888888888888888,United Kingdom,0.0,0.0,2011-12-10,0.8819493003060405,High,Prioritise for outreach,purchased in the last 14 days; frequent 90-day buyer
2011-12-10,15351,6,1685.44,624,6,280.9066666666667,12.463888888888889,United Kingdom,14.0,0.0219435736677116,2011-12-10,0.8816074806816941,High,Prioritise for outreach,purchased in the last 14 days; frequent 90-day buyer
2011-12-10,16790,6,1545.6200000000001,898,6,257.60333333333335,3.504861111111111,United Kingdom,6.0,0.00663716814159292,2011-12-10,0.8814682630017748,High,Prioritise for outreach,purchased in the last 14 days; frequent 90-day buyer
2011-12-10,17238,6,1784.73,913,6,297.455,2.517361111111111,United Kingdom,0.0,0.0,2011-12-10,0.8812670727192349,High,Prioritise for outreach,purchased in the last 14 days; frequent 90-day buyer
2011-12-10,15214,6,1009.81,698,6,168.30166666666665,1.4951388888888888,United Kingdom,0.0,0.0,2011-12-10,0.8793156504231578,High,Prioritise for outreach,purchased in the last 14 days; frequent 90-day buyer
2011-12-10,18241,6,723.51,331,6,120.585,9.493055555555555,United Kingdom,0.0,0.0,2011-12-10,0.8792261151168522,High,Prioritise for outreach,purchased in the last 14 days; frequent 90-day buyer
2011-12-10,16326,6,1572.99,388,6,262.165,5.575694444444444,United Kingdom,20.0,0.049019607843137254,2011-12-10,0.8745522148072905,High,Prioritise for outreach,purchased in the last 14 days; frequent 90-day buyer
2011-12-10,17404,4,10887.52,11124,4,2721.88,4.315277777777778,Sweden,40.0,0.0035829451809387316,2011-12-10,0.8719073344648703,High,Prioritise for outreach,purchased in the last 14 days; frequent 90-day buyer
2011-12-10,17865,8,3508.98,2224,5,438.6225,30.494444444444444,United Kingdom,19.0,0.008470798038341507,2011-12-10,0.8682633847320497,High,Prioritise for outreach,frequent 90-day buyer
2011-12-10,18172,9,1926.4,904,5,214.04444444444445,14.533333333333333,United Kingdom,3.0,0.0033076074972436605,2011-12-10,0.8609985061506354,High,Prioritise for outreach,frequent 90-day buyer
2011-12-10,12681,7,3416.96,2089,5,488.13714285714286,14.51875,France,5.0,0.002387774594078319,2011-12-10,0.8605923874996645,High,Prioritise for outreach,frequent 90-day buyer
2011-12-10,15838,7,19489.579999999998,10370,4,2784.225714285714,11.416666666666666,United Kingdom,0.0,0.0,2011-12-10,0.8511755969921522,High,Prioritise for outreach,purchased in the last 14 days; frequent 90-day buyer
2011-12-10,15993,7,2788.87,2045,5,398.40999999999997,8.552083333333334,United Kingdom,9.0,0.004381694255111977,2011-12-10,0.8415942662932179,High,Prioritise for outreach,purchased in the last 14 days; frequent 90-day buyer
2011-12-10,12474,5,2761.73,2035,5,552.346,17.389583333333334,Germany,42.0,0.020221473278767454,2011-12-10,0.8414432624226581,High,Prioritise for outreach,frequent 90-day buyer
2011-12-10,15498,8,4190.03,1580,5,523.75375,2.466666666666667,United Kingdom,12.0,0.007537688442211055,2011-12-10,0.8410146764022306,High,Prioritise for outreach,purchased in the last 14 days; frequent 90-day buyer
2011-12-10,15358,7,2707.39,2117,5,386.77,4.622222222222222,United Kingdom,4.0,0.001885902876001886,2011-12-10,0.840900857137932,High,Prioritise for outreach,purchased in the last 14 days; frequent 90-day buyer
2011-12-10,15547,6,2184.13,2186,5,364.0216666666667,7.463888888888889,United Kingdom,0.0,0.0,2011-12-10,0.8299801105986242,High,Prioritise for outreach,purchased in the last 14 days; frequent 90-day buyer
2011-12-10,13269,7,2364.7799999999997,1499,5,337.82571428571424,1.3798611111111112,United Kingdom,2.0,0.0013324450366422385,2011-12-10,0.8299762564752219,High,Prioritise for outreach,purchased in the last 14 days; frequent 90-day buyer
2011-12-10,15290,6,4550.63,2778,5,758.4383333333334,4.514583333333333,United Kingdom,33.0,0.011739594450373533,2011-12-10,0.8298125307759784,High,Prioritise for outreach,purchased in the last 14 days; frequent 90-day buyer
2011-12-10,15805,6,1960.48,1104,5,326.74666666666667,23.31111111111111,United Kingdom,6.0,0.005405405405405406,2011-12-10,0.8224264806543256,High,Prioritise for outreach,frequent 90-day buyer
2011-12-10,15955,6,1952.6100000000001,1032,5,325.435,24.40625,United Kingdom,10.0,0.009596928982725527,2011-12-10,0.8215322992903651,High,Prioritise for outreach,frequent 90-day buyer
2011-12-10,13004,6,1870.82,1547,5,311.80333333333334,11.522916666666667,United Kingdom,14.0,0.008968609865470852,2011-12-10,0.8212634168343639,High,Prioritise for outreach,purchased in the last 14 days; frequent 90-day buyer
2011-12-10,15769,7,14389.0,7532,6,2055.5714285714284,7.4222222222222225,United Kingdom,1912.0,0.2024565861922914,2011-12-10,0.8159552940800773,High,Prioritise for outreach,purchased in the last 14 days; frequent 90-day buyer
2011-12-10,17837,5,1216.87,416,5,243.37399999999997,42.324305555555554,United Kingdom,2.0,0.004784688995215311,2011-12-10,0.8083381164796941,High,Prioritise for outreach,frequent 90-day buyer
2011-12-10,12955,5,2913.8,2138,5,582.76,1.3131944444444446,United Kingdom,0.0,0.0,2011-12-10,0.8077948942602458,High,Prioritise for outreach,purchased in the last 14 days; frequent 90-day buyer
2011-12-10,13949,5,1889.42,1932,5,377.884,2.6006944444444446,United Kingdom,0.0,0.0,2011-12-10,0.8061868785842393,High,Prioritise for outreach,purchased in the last 14 days; frequent 90-day buyer
2011-12-10,17611,6,1259.97,689,5,209.995,7.438194444444444,United Kingdom,3.0,0.004335260115606936,2011-12-10,0.8055806674998479,High,Prioritise for outreach,purchased in the last 14 days; frequent 90-day buyer
2011-12-10,16426,6,1212.47,828,5,202.07833333333335,2.4159722222222224,United Kingdom,0.0,0.0,2011-12-10,0.8048911650437384,High,Prioritise for outreach,purchased in the last 14 days; frequent 90-day buyer
2011-12-10,15903,5,4485.12,1734,5,897.024,9.661111111111111,United Kingdom,0.0,0.0,2011-12-10,0.8047450572396943,High,Prioritise for outreach,purchased in the last 14 days; frequent 90-day buyer
2011-12-10,16474,6,1515.77,737,5,252.62833333333333,7.456944444444445,United Kingdom,13.0,0.017333333333333333,2011-12-10,0.8046542544190748,High,Prioritise for outreach,purchased in the last 14 days; frequent 90-day buyer
2011-12-10,17173,6,2805.34,884,5,467.5566666666667,5.388888888888889,United Kingdom,0.0,0.0,2011-12-10,0.8044278697334118,High,Prioritise for outreach,purchased in the last 14 days; frequent 90-day buyer
2011-12-10,18283,6,974.2099999999999,655,5,162.3683333333333,3.498611111111111,United Kingdom,0.0,0.0,2011-12-10,0.8030652719101059,High,Prioritise for outreach,purchased in the last 14 days; frequent 90-day buyer
2011-12-10,14071,6,1067.19,662,5,177.865,3.48125,United Kingdom,0.0,0.0,2011-12-10,0.8029642011478202,High,Prioritise for outreach,purchased in the last 14 days; frequent 90-day buyer
2011-12-10,12839,5,2494.03,1736,5,498.80600000000004,2.4770833333333333,United Kingdom,0.0,0.0,2011-12-10,0.8017681198213302,High,Prioritise for outreach,purchased in the last 14 days; frequent 90-day buyer
2011-12-10,14704,5,1293.4099999999999,961,5,258.68199999999996,19.48611111111111,United Kingdom,0.0,0.0,2011-12-10,0.8015835180462074,High,Prioritise for outreach,frequent 90-day buyer
2011-12-10,15150,5,1744.85,1184,5,348.96999999999997,17.46388888888889,United Kingdom,25.0,0.0206782464846981,2011-12-10,0.8008228179169817,High,Prioritise for outreach,frequent 90-day buyer
2011-12-10,14060,5,2037.6399999999999,1616,5,407.52799999999996,4.479861111111111,United Kingdom,12.0,0.007371007371007371,2011-12-10,0.8002738189710619,High,Prioritise for outreach,purchased in the last 14 days; frequent 90-day buyer
2011-12-10,18225,5,2778.34,1662,5,555.668,3.439583333333333,United Kingdom,5.0,0.002999400119976005,2011-12-10,0.8002293864891259,High,Prioritise for outreach,purchased in the last 14 days; frequent 90-day buyer
2011-12-10,14595,5,1576.8,902,5,315.36,19.491666666666667,United Kingdom,0.0,0.0,2011-12-10,0.8001485502625497,High,Prioritise for outreach,frequent 90-day buyer
2011-12-10,14653,6,1592.79,644,5,265.465,1.4270833333333333,United Kingdom,0.0,0.0,2011-12-10,0.7998447509904382,High,Prioritise for outreach,purchased in the last 14 days; frequent 90-day buyer
2011-12-10,14503,5,2946.19,1623,5,589.238,3.4375,United Kingdom,0.0,0.0,2011-12-10,0.799844359254993,High,Prioritise for outreach,purchased in the last 14 days; frequent 90-day buyer
2011-12-10,14251,5,2879.7,1674,5,575.9399999999999,1.6444444444444444,United Kingdom,0.0,0.0,2011-12-10,0.7995205799632922,High,Prioritise for outreach,purchased in the last 14 days; frequent 90-day buyer
2011-12-10,16525,5,2655.1,1572,5,531.02,2.370138888888889,United Kingdom,0.0,0.0,2011-12-10,0.798426391797095,High,Prioritise for outreach,purchased in the last 14 days; frequent 90-day buyer
2011-12-10,16401,5,1642.9,1562,5,328.58000000000004,1.2395833333333333,United Kingdom,5.0,0.003190810465858328,2011-12-10,0.7980426750696689,High,Prioritise for outreach,purchased in the last 14 days; frequent 90-day buyer
2011-12-10,14031,6,7517.030000000001,2176,5,1252.8383333333334,7.282638888888889,United Kingdom,200.0,0.08417508417508418,2011-12-10,0.7978129430192602,High,Prioritise for outreach,purchased in the last 14 days; frequent 90-day buyer
2011-12-10,18041,5,1099.26,1042,5,219.852,11.514583333333333,United Kingdom,0.0,0.0,2011-12-10,0.7972880893245203,High,Prioritise for outreach,purchased in the last 14 days; frequent 90-day buyer
2011-12-10,17730,5,2242.71,1424,5,448.54200000000003,3.345138888888889,United Kingdom,4.0,0.0028011204481792717,2011-12-10,0.796423418870122,High,Prioritise for outreach,purchased in the last 14 days; frequent 90-day buyer
2011-12-10,18122,5,1705.8,1155,5,341.15999999999997,8.452777777777778,United Kingdom,0.0,0.0,2011-12-10,0.7963463059700436,High,Prioritise for outreach,purchased in the last 14 days; frequent 90-day buyer
2011-12-10,13588,5,1058.23,958,5,211.64600000000002,15.554166666666667,United Kingdom,26.0,0.026422764227642278,2011-12-10,0.7957139915056426,High,Prioritise for outreach,frequent 90-day buyer
2011-12-10,13571,5,1008.49,908,5,201.698,12.550694444444444,United Kingdom,0.0,0.0,2011-12-10,0.7956525800147027,High,Prioritise for outreach,purchased in the last 14 days; frequent 90-day buyer
2011-12-10,16794,6,594.21,311,5,99.03500000000001,1.2541666666666667,United Kingdom,2.0,0.006389776357827476,2011-12-10,0.7954731876086854,High,Prioritise for outreach,purchased in the last 14 days; frequent 90-day buyer
2011-12-10,14262,5,1763.2299999999998,1052,5,352.64599999999996,8.404861111111112,United Kingdom,0.0,0.0,2011-12-10,0.7942783033304922,High,Prioritise for outreach,purchased in the last 14 days; frequent 90-day buyer
2011-12-10,18210,5,2478.98,1336,5,495.796,1.5402777777777779,United Kingdom,0.0,0.0,2011-12-10,0.7935207631754088,High,Prioritise for outreach,purchased in the last 14 days; frequent 90-day buyer
2011-12-10,17490,6,1787.12,994,5,297.8533333333333,0.6194444444444445,United Kingdom,107.0,0.0971843778383288,2011-12-10,0.792771699614062,High,Prioritise for outreach,purchased in the last 14 days; frequent 90-day buyer
2011-12-10,15443,5,2552.1099999999997,1316,5,510.4219999999999,1.5555555555555556,United Kingdom,3.0,0.002274450341167551,2011-12-10,0.7927110827479238,High,Prioritise for outreach,purchased in the last 14 days; frequent 90-day buyer
2011-12-10,13090,5,3998.7999999999997,1130,5,799.76,8.472916666666666,United Kingdom,7.0,0.006156552330694811,2011-12-10,0.7922490612842257,High,Prioritise for outreach,purchased in the last 14 days; frequent 90-day buyer
2011-12-10,17813,5,1770.88,790,5,354.17600000000004,14.324305555555556,United Kingdom,13.0,0.0161892901618929,2011-12-10,0.7921852892675936,High,Prioritise for outreach,frequent 90-day buyer
2011-12-10,13576,5,1876.4,835,5,375.28000000000003,10.35138888888889,United Kingdom,0.0,0.0,2011-12-10,0.7914837867640848,High,Prioritise for outreach,purchased in the last 14 days; frequent 90-day buyer
2011-12-10,16814,5,1302.41,580,5,260.482,14.439583333333333,United Kingdom,0.0,0.0,2011-12-10,0.7904623595616784,High,Prioritise for outreach,frequent 90-day buyer
2011-12-10,17183,5,3017.6400000000003,1155,5,603.528,7.5784722222222225,United Kingdom,32.0,0.02695871946082561,2011-12-10,0.790287249301691,High,Prioritise for outreach,purchased in the last 14 days; frequent 90-day buyer
2011-12-10,16191,5,2564.84,1739,5,512.9680000000001,2.5236111111111112,United Kingdom,115.0,0.06202804746494067,2011-12-10,0.7891289605265316,High,Prioritise for outreach,purchased in the last 14 days; frequent 90-day buyer
2011-12-10,13882,5,1191.13,953,5,238.22600000000003,2.5305555555555554,United Kingdom,3.0,0.0031380753138075313,2011-12-10,0.7881120100405615,High,Prioritise for outreach,purchased in the last 14 days; frequent 90-day buyer
2011-12-10,17068,5,1012.85,516,5,202.57,12.448611111111111,United Kingdom,0.0,0.0,2011-12-10,0.7880111846351883,High,Prioritise for outreach,purchased in the last 14 days; frequent 90-day buyer
2011-12-10,14102,5,1360.28,961,5,272.056,5.348611111111111,United Kingdom,23.0,0.023373983739837397,2011-12-10,0.787804879902172,High,Prioritise for outreach,purchased in the last 14 days; frequent 90-day buyer
2011-12-10,17870,5,1144.38,882,5,228.87600000000003,2.370138888888889,United Kingdom,1.0,0.0011325028312570782,2011-12-10,0.7869019771506699,High,Prioritise for outreach,purchased in the last 14 days; frequent 90-day buyer
2011-12-10,13426,5,2082.6400000000003,1046,5,416.5280000000001,0.6256944444444444,United Kingdom,20.0,0.01876172607879925,2011-12-10,0.7852235883958382,High,Prioritise for outreach,purchased in the last 14 days; frequent 90-day buyer
2011-12-10,13102,5,1462.3899999999999,843,5,292.47799999999995,1.4638888888888888,United Kingdom,0.0,0.0,2011-12-10,0.7851403955944999,High,Prioritise for outreach,purchased in the last 14 days; frequent 90-day buyer
2011-12-10,15694,5,3173.62,938,5,634.7239999999999,0.5944444444444444,United Kingdom,0.0,0.0,2011-12-10,0.7841557227231868,High,Prioritise for outreach,purchased in the last 14 days; frequent 90-day buyer
2011-12-10,13854,5,1640.3600000000001,484,5,328.072,8.620833333333334,United Kingdom,0.0,0.0,2011-12-10,0.7835408927893186,High,Prioritise for outreach,purchased in the last 14 days; frequent 90-day buyer
2011-12-10,14032,5,1130.22,707,5,226.044,2.359027777777778,United Kingdom,2.0,0.0028208744710860366,2011-12-10,0.7833168552975196,High,Prioritise for outreach,purchased in the last 14 days; frequent 90-day buyer
2011-12-10,16929,5,866.51,603,5,173.302,3.640972222222222,United Kingdom,0.0,0.0,2011-12-10,0.7828878361391137,High,Prioritise for outreach,purchased in the last 14 days; frequent 90-day buyer
2011-12-10,15511,5,909.23,271,5,181.846,11.595138888888888,United Kingdom,0.0,0.0,2011-12-10,0.7826306353666214,High,Prioritise for outreach,purchased in the last 14 days; frequent 90-day buyer
2011-12-10,17218,5,1012.14,562,5,202.428,4.4222222222222225,United Kingdom,0.0,0.0,2011-12-10,0.7825153801781293,High,Prioritise for outreach,purchased in the last 14 days; frequent 90-day buyer
2011-12-10,15271,5,910.4499999999999,472,5,182.08999999999997,7.409027777777778,United Kingdom,5.0,0.010482180293501049,2011-12-10,0.7824984767920228,High,Prioritise for outreach,purchased in the last 14 days; frequent 90-day buyer
2011-12-10,12912,5,1662.3,670,5,332.46,2.6284722222222223,United Kingdom,0.0,0.0,2011-12-10,0.782391343649371,High,Prioritise for outreach,purchased in the last 14 days; frequent 90-day buyer
2011-12-10,16438,5,798.35,463,5,159.67000000000002,5.547916666666667,United Kingdom,0.0,0.0,2011-12-10,0.7817229855478353,High,Prioritise for outreach,purchased in the last 14 days; frequent 90-day buyer
2011-12-10,17576,5,1315.73,586,5,263.146,8.252777777777778,United Kingdom,31.0,0.050243111831442464,2011-12-10,0.7813244078082117,High,Prioritise for outreach,purchased in the last 14 days; frequent 90-day buyer
2011-12-10,14698,5,1250.76,615,5,250.152,1.4819444444444445,United Kingdom,0.0,0.0,2011-12-10,0.7808939137189633,High,Prioritise for outreach,purchased in the last 14 days; frequent 90-day buyer
2011-12-10,13014,5,1443.8,289,5,288.76,10.48125,United Kingdom,8.0,0.026936026936026935,2011-12-10,0.7799408325857963,High,Prioritise for outreach,purchased in the last 14 days; frequent 90-day buyer
2011-12-10,14825,5,887.54,449,5,177.50799999999998,3.515277777777778,United Kingdom,0.0,0.0,2011-12-10,0.7796815944051525,High,Prioritise for outreach,purchased in the last 14 days; frequent 90-day buyer
2011-12-10,16076,5,876.75,423,5,175.35,3.3756944444444446,United Kingdom,0.0,0.0,2011-12-10,0.7790590499842862,High,Prioritise for outreach,purchased in the last 14 days; frequent 90-day buyer
2011-12-10,14135,5,1499.99,486,5,299.998,1.5152777777777777,United Kingdom,0.0,0.0,2011-12-10,0.7780063631254058,High,Prioritise for outreach,purchased in the last 14 days; frequent 90-day buyer
2011-12-10,13668,5,1428.72,790,5,285.744,2.4923611111111112,United Kingdom,79.0,0.09090909090909091,2011-12-10,0.7746302931825565,High,Prioritise for outreach,purchased in the last 14 days; frequent 90-day buyer
2011-12-10,13323,5,787.85,175,5,157.57,3.283333333333333,United Kingdom,0.0,0.0,2011-12-10,0.774066240567585,High,Prioritise for outreach,purchased in the last 14 days; frequent 90-day buyer
2011-12-10,12584,5,1555.56,278,5,311.11199999999997,3.6006944444444446,Italy,50.0,0.1524390243902439,2011-12-10,0.7625463850172581,High,Prioritise for outreach,purchased in the last 14 days; frequent 90-day buyer
2011-12-10,13709,8,3388.84,1618,4,423.605,3.563888888888889,United Kingdom,4.0,0.002466091245376079,2011-12-10,0.7530099264336704,High,Prioritise for outreach,purchased in the last 14 days; frequent 90-day buyer
2011-12-10,12731,4,7571.66,2998,4,1892.915,23.500694444444445,France,10.0,0.003324468085106383,2011-12-10,0.7499875981035304,High,Prioritise for outreach,frequent 90-day buyer
2011-12-10,12500,5,2411.98,1404,4,482.396,23.319444444444443,Germany,6.0,0.00425531914893617,2011-12-10,0.743523014749959,High,Prioritise for outreach,frequent 90-day buyer
2011-12-10,12757,6,2517.52,1480,5,419.58666666666664,15.479166666666666,Portugal,0.0,0.0,2011-12-10,0.7410660820312667,High,Prioritise for outreach,frequent 90-day buyer
2011-12-10,12621,5,3188.63,1984,4,637.726,1.5243055555555556,Germany,0.0,0.0,2011-12-10,0.7364201943698472,High,Prioritise for outreach,purchased in the last 14 days; frequent 90-day buyer
2011-12-10,12704,5,839.92,531,4,167.98399999999998,7.447916666666667,Finland,0.0,0.0,2011-12-10,0.7328705137134396,High,Prioritise for outreach,purchased in the last 14 days; frequent 90-day buyer
2011-12-10,14895,7,3163.92,1433,4,451.98857142857145,7.6090277777777775,United Kingdom,13.0,0.008990318118948824,2011-12-10,0.7306985776640288,High,Prioritise for outreach,purchased in the last 14 days; frequent 90-day buyer
2011-12-10,13319,7,3455.08,1527,4,493.5828571428571,5.434722222222222,United Kingdom,14.0,0.009085009733939001,2011-12-10,0.729568853957127,High,Prioritise for outreach,purchased in the last 14 days; frequent 90-day buyer
2011-12-10,12476,5,3210.75,1253,4,642.15,15.472222222222221,Germany,48.0,0.03689469638739431,2011-12-10,0.7258755043268391,High,Prioritise for outreach,frequent 90-day buyer
2011-12-10,17509,8,6115.14,3534,3,764.3925,57.56527777777778,United Kingdom,4.0,0.0011305822498586771,2011-12-10,0.7198942848056974,High,Prioritise for outreach,frequent 90-day buyer
2011-12-10,12619,4,1409.78,1614,4,352.445,16.380555555555556,Germany,23.0,0.014050091631032376,2011-12-10,0.7194948128199937,High,Prioritise for outreach,frequent 90-day buyer
2011-12-10,12931,4,9525.259999999998,6620,4,2381.3149999999996,21.472916666666666,United Kingdom,748.0,0.10152008686210641,2011-12-10,0.7182412383353026,High,Prioritise for outreach,frequent 90-day buyer
2011-12-10,12705,4,2453.77,1384,4,613.4425,15.446527777777778,Germany,4.0,0.002881844380403458,2011-12-10,0.7165103616444437,High,Prioritise for outreach,frequent 90-day buyer
2011-12-10,16945,6,1338.44,804,4,223.07333333333335,21.514583333333334,United Kingdom,0.0,0.0,2011-12-10,0.7145261271854932,High,Prioritise for outreach,frequent 90-day buyer
2011-12-10,15105,6,1765.95,937,4,294.325,18.295833333333334,United Kingdom,0.0,0.0,2011-12-10,0.7133007917236811,High,Prioritise for outreach,frequent 90-day buyer
2011-12-10,13384,5,2396.09,1360,4,479.218,30.538888888888888,United Kingdom,0.0,0.0,2011-12-10,0.711266268875274,High,Prioritise for outreach,frequent 90-day buyer
2011-12-10,16333,4,11007.2,7832,3,2751.8,7.486805555555556,United Kingdom,0.0,0.0,2011-12-10,0.7098199726409569,High,Prioritise for outreach,purchased in the last 14 days; frequent 90-day buyer
2011-12-10,17193,5,1250.74,1110,4,250.148,35.46736111111111,United Kingdom,14.0,0.012455516014234875,2011-12-10,0.7097267205483945,High,Prioritise for outreach,frequent 90-day buyer
2011-12-10,17602,4,4193.42,3250,4,1048.355,2.421527777777778,United Kingdom,5.0,0.0015360983102918587,2011-12-10,0.7095650845885283,High,Prioritise for outreach,purchased in the last 14 days; frequent 90-day buyer
2011-12-10,14533,5,1214.74,3107,5,242.948,24.49652777777778,United Kingdom,1242.0,0.2855828926189929,2011-12-10,0.7079887594952338,High,Prioritise for outreach,frequent 90-day buyer
2011-12-10,15473,7,1771.2,672,4,253.02857142857144,14.364583333333334,United Kingdom,120.0,0.15151515151515152,2011-12-10,0.7078181838655557,High,Prioritise for outreach,frequent 90-day buyer
2011-12-10,17139,5,3816.65,1982,4,763.33,15.575,United Kingdom,15.0,0.007511266900350526,2011-12-10,0.7073976934316147,High,Prioritise for outreach,frequent 90-day buyer
2011-12-10,16729,4,1876.49,1746,4,469.1225,38.39652777777778,United Kingdom,7.0,0.003993154592127781,2011-12-10,0.7064170820450242,High,Prioritise for outreach,frequent 90-day buyer
2011-12-10,12709,4,2469.73,1079,4,617.4325,15.348611111111111,Germany,33.0,0.029676258992805755,2011-12-10,0.7047404754286052,High,Prioritise for outreach,frequent 90-day buyer
2011-12-10,15484,4,3594.31,3152,4,898.5775,1.3729166666666666,United Kingdom,16.0,0.005050505050505051,2011-12-10,0.7042630595752494,High,Prioritise for outreach,purchased in the last 14 days; frequent 90-day buyer
2011-12-10,16592,6,1899.3500000000001,1142,4,316.55833333333334,4.424305555555556,United Kingdom,2.0,0.0017482517482517483,2011-12-10,0.7039940447421248,High,Prioritise for outreach,purchased in the last 14 days; frequent 90-day buyer
2011-12-10,13756,6,2217.19,1345,4,369.5316666666667,2.3027777777777776,United Kingdom,24.0,0.017531044558071585,2011-12-10,0.7026549296569682,High,Prioritise for outreach,purchased in the last 14 days; frequent 90-day buyer
2011-12-10,15861,5,2035.3600000000001,1668,4,407.072,12.334027777777777,United Kingdom,1.0,0.0005991611743559018,2011-12-10,0.7012888904127687,High,Prioritise for outreach,purchased in the last 14 days; frequent 90-day buyer
2011-12-10,14085,6,1200.35,987,4,200.0583333333333,2.426388888888889,United Kingdom,0.0,0.0,2011-12-10,0.700691902182812,High,Prioritise for outreach,purchased in the last 14 days; frequent 90-day buyer
2011-12-10,16713,4,2952.3599999999997,2132,4,738.0899999999999,18.475,United Kingdom,4.0,0.0018726591760299626,2011-12-10,0.6973568219835208,High,Prioritise for outreach,frequent 90-day buyer
2011-12-10,17451,6,1375.39,936,4,229.23166666666668,1.3736111111111111,United Kingdom,8.0,0.00847457627118644,2011-12-10,0.6965810968392209,High,Prioritise for outreach,purchased in the last 14 days; frequent 90-day buyer
2011-12-10,12518,4,1552.06,1121,4,388.015,0.5743055555555555,Germany,0.0,0.0,2011-12-10,0.6954611715520794,High,Prioritise for outreach,purchased in the last 14 days; frequent 90-day buyer
2011-12-10,12685,4,1112.66,598,4,278.165,28.426388888888887,France,0.0,0.0,2011-12-10,0.6953634866888434,High,Prioritise for outreach,frequent 90-day buyer
2011-12-10,14487,5,1071.23,698,4,214.246,26.488194444444446,United Kingdom,0.0,0.0,2011-12-10,0.6931482693923356,High,Prioritise for outreach,frequent 90-day buyer
2011-12-10,14159,4,1930.75,1877,4,482.6875,19.475,United Kingdom,5.0,0.002656748140276302,2011-12-10,0.6911307640771891,High,Prioritise for outreach,frequent 90-day buyer
2011-12-10,16656,4,1509.12,1752,4,377.28,22.386805555555554,United Kingdom,2.0,0.0011402508551881414,2011-12-10,0.6910700266908621,High,Prioritise for outreach,frequent 90-day buyer
2011-12-10,14390,5,3060.16,1396,4,612.0319999999999,10.424305555555556,United Kingdom,8.0,0.005698005698005698,2011-12-10,0.6899740444036837,High,Prioritise for outreach,purchased in the last 14 days; frequent 90-day buyer
2011-12-10,16923,5,2326.1,1192,4,465.21999999999997,12.458333333333334,United Kingdom,0.0,0.0,2011-12-10,0.6893036564753429,High,Prioritise for outreach,purchased in the last 14 days; frequent 90-day buyer
2011-12-10,15194,4,3147.0,2420,4,786.75,3.3680555555555554,United Kingdom,12.0,0.004934210526315789,2011-12-10,0.6883429596139619,High,Prioritise for outreach,purchased in the last 14 days; frequent 90-day buyer
2011-12-10,12598,4,1384.6999999999998,990,4,346.17499999999995,9.4875,France,0.0,0.0,2011-12-10,0.6862161701924119,High,Prioritise for outreach,purchased in the last 14 days; frequent 90-day buyer
2011-12-10,14422,4,3231.4900000000002,2365,4,807.8725000000001,0.5236111111111111,United Kingdom,0.0,0.0,2011-12-10,0.6858268703623511,High,Prioritise for outreach,purchased in the last 14 days; frequent 90-day buyer
2011-12-10,12562,4,1942.51,990,4,485.6275,8.277777777777779,France,0.0,0.0,2011-12-10,0.6853980325580131,High,Prioritise for outreach,purchased in the last 14 days; frequent 90-day buyer
2011-12-10,15971,5,2090.4,805,4,418.08000000000004,17.46527777777778,United Kingdom,0.0,0.0,2011-12-10,0.6850465305053305,High,Prioritise for outreach,frequent 90-day buyer
2011-12-10,13081,3,9467.26,6403,3,3155.7533333333336,11.545833333333333,United Kingdom,19.0,0.0029585798816568047,2011-12-10,0.6849693863991535,High,Prioritise for outreach,purchased in the last 14 days; frequent 90-day buyer
2011-12-10,13991,5,728.62,914,4,145.724,12.320833333333333,United Kingdom,2.0,0.002183406113537118,2011-12-10,0.684421584520563,High,Prioritise for outreach,purchased in the last 14 days; frequent 90-day buyer
2011-12-10,15514,5,1577.52,944,4,315.504,12.38888888888889,United Kingdom,0.0,0.0,2011-12-10,0.6842002251875224,High,Prioritise for outreach,purchased in the last 14 days; frequent 90-day buyer
2011-12-10,12490,4,1649.3400000000001,1042,4,412.33500000000004,5.3284722222222225,France,0.0,0.0,2011-12-10,0.6834787171928197,High,Prioritise for outreach,purchased in the last 14 days; frequent 90-day buyer
2011-12-10,16440,4,3368.21,1903,4,842.0525,7.498611111111111,United Kingdom,0.0,0.0,2011-12-10,0.6813805748330761,High,Prioritise for outreach,purchased in the last 14 days; frequent 90-day buyer
2011-12-10,14121,4,2780.15,2082,4,695.0375,3.4868055555555557,United Kingdom,4.0,0.0019175455417066154,2011-12-10,0.6807832913791544,High,Prioritise for outreach,purchased in the last 14 days; frequent 90-day buyer
2011-12-10,14482,4,1602.2,1412,4,400.55,18.448611111111113,United Kingdom,0.0,0.0,2011-12-10,0.6788320139746641,High,Prioritise for outreach,frequent 90-day buyer
2011-12-10,15615,4,3031.89,1671,4,757.9725,10.3875,United Kingdom,0.0,0.0,2011-12-10,0.6781968145011297,High,Prioritise for outreach,purchased in the last 14 days; frequent 90-day buyer
2011-12-10,17364,5,1847.37,1200,4,369.474,0.625,United Kingdom,0.0,0.0,2011-12-10,0.6781749367387463,High,Prioritise for outreach,purchased in the last 14 days; frequent 90-day buyer
2011-12-10,12523,4,772.02,305,4,193.005,19.461805555555557,France,4.0,0.012944983818770227,2011-12-10,0.6777041560229532,High,Prioritise for outreach,frequent 90-day buyer
2011-12-10,17131,5,2463.17,983,4,492.634,5.463888888888889,United Kingdom,0.0,0.0,2011-12-10,0.6766238233694851,High,Prioritise for outreach,purchased in the last 14 days; frequent 90-day buyer
2011-12-10,15044,4,2497.95,1248,4,624.4875,19.444444444444443,United Kingdom,1.0,0.0008006405124099279,2011-12-10,0.6761912494255963,High,Prioritise for outreach,frequent 90-day buyer
2011-12-10,15707,4,945.5799999999999,605,4,236.39499999999998,35.392361111111114,United Kingdom,0.0,0.0,2011-12-10,0.6752288165644481,High,Prioritise for outreach,frequent 90-day buyer
2011-12-10,13488,4,2371.93,1286,4,592.9825,17.388194444444444,United Kingdom,0.0,0.0,2011-12-10,0.6750937142194687,High,Prioritise for outreach,frequent 90-day buyer
2011-12-10,15298,5,1441.68,996,4,288.336,2.279861111111111,United Kingdom,4.0,0.004,2011-12-10,0.6746839833131121,High,Prioritise for outreach,purchased in the last 14 days; frequent 90-day buyer
2011-12-10,16242,4,2756.62,1607,4,689.155,8.366666666666667,United Kingdom,0.0,0.0,2011-12-10,0.6742562505829297,High,Prioritise for outreach,purchased in the last 14 days; frequent 90-day buyer
2011-12-10,15640,4,3596.32,1712,4,899.08,4.392361111111111,United Kingdom,0.0,0.0,2011-12-10,0.6734598171735939,High,Prioritise for outreach,purchased in the last 14 days; frequent 90-day buyer
2011-12-10,13021,5,1463.91,825,4,292.78200000000004,4.307638888888889,United Kingdom,0.0,0.0,2011-12-10,0.6730115667350165,High,Prioritise for outreach,purchased in the last 14 days; frequent 90-day buyer
2011-12-10,14554,4,2381.04,1478,4,595.26,10.302777777777777,United Kingdom,0.0,0.0,2011-12-10,0.6726676770246791,High,Prioritise for outreach,purchased in the last 14 days; frequent 90-day buyer
2011-12-10,14234,4,775.46,963,4,193.865,22.25486111111111,United Kingdom,0.0,0.0,2011-12-10,0.6706331623993755,High,Prioritise for outreach,frequent 90-day buyer
2011-12-10,13429,4,1006.8000000000001,1390,4,251.70000000000002,10.618055555555555,United Kingdom,0.0,0.0,2011-12-10,0.6696776212091907,High,Prioritise for outreach,purchased in the last 14 days; frequent 90-day buyer
2011-12-10,17348,4,999.37,1202,4,249.8425,14.524305555555555,United Kingdom,0.0,0.0,2011-12-10,0.6688962746940219,High,Prioritise for outreach,frequent 90-day buyer
2011-12-10,13268,4,1042.3999999999999,1064,4,260.59999999999997,17.518055555555556,United Kingdom,2.0,0.001876172607879925,2011-12-10,0.6681674271962624,High,Prioritise for outreach,frequent 90-day buyer
2011-12-10,17049,4,3035.48,1590,4,758.87,2.55,United Kingdom,6.0,0.0037593984962406013,2011-12-10,0.6670388521472292,High,Prioritise for outreach,purchased in the last 14 days; frequent 90-day buyer
2011-12-10,17690,4,1231.27,519,4,307.8175,30.363194444444446,United Kingdom,6.0,0.011428571428571429,2011-12-10,0.66682549554073,High,Prioritise for outreach,frequent 90-day buyer
2011-12-10,13471,4,2531.58,1590,4,632.895,1.3444444444444446,United Kingdom,0.0,0.0,2011-12-10,0.6663019276425952,High,Prioritise for outreach,purchased in the last 14 days; frequent 90-day buyer
2011-12-10,16169,4,1822.97,1325,4,455.7425,8.355555555555556,United Kingdom,0.0,0.0,2011-12-10,0.6662426044987688,High,Prioritise for outreach,purchased in the last 14 days; frequent 90-day buyer
2011-12-10,16033,4,2938.1,1384,4,734.525,5.469444444444444,United Kingdom,0.0,0.0,2011-12-10,0.6655967204084857,High,Prioritise for outreach,purchased in the last 14 days; frequent 90-day buyer
2011-12-10,13266,4,1298.68,1368,4,324.67,11.389583333333333,United Kingdom,36.0,0.02564102564102564,2011-12-10,0.6645434309747382,High,Prioritise for outreach,purchased in the last 14 days; frequent 90-day buyer
2011-12-10,16332,4,933.93,530,4,233.4825,28.40138888888889,United Kingdom,8.0,0.01486988847583643,2011-12-10,0.6644427906802401,High,Prioritise for outreach,frequent 90-day buyer
2011-12-10,16379,4,2157.4,1410,4,539.35,4.348611111111111,United Kingdom,2.0,0.00141643059490085,2011-12-10,0.6641798525784216,High,Prioritise for outreach,purchased in the last 14 days; frequent 90-day buyer
2011-12-10,13860,5,1245.9,591,4,249.18,1.4604166666666667,United Kingdom,2.0,0.003372681281618887,2011-12-10,0.663952713579437,High,Prioritise for outreach,purchased in the last 14 days; frequent 90-day buyer
2011-12-10,13050,4,1327.12,1041,4,331.78,14.6125,United Kingdom,8.0,0.0076263107721639654,2011-12-10,0.663749039998598,High,Prioritise for outreach,frequent 90-day buyer
2011-12-10,17228,4,1218.51,921,4,304.6275,15.566666666666666,United Kingdom,0.0,0.0,2011-12-10,0.6628502845935234,Medium,Add to normal outreach queue,frequent 90-day buyer
2011-12-10,14299,4,1528.48,1227,4,382.12,8.32986111111111,United Kingdom,4.0,0.003249390739236393,2011-12-10,0.6627966931679949,Medium,Add to normal outreach queue,purchased in the last 14 days; frequent 90-day buyer
2011-12-10,16607,4,1080.13,789,4,270.0325,17.566666666666666,United Kingdom,0.0,0.0,2011-12-10,0.661406705292001,Medium,Add to normal outreach queue,frequent 90-day buyer
2011-12-10,13435,4,2721.77,1235,4,680.4425,5.385416666666667,United Kingdom,4.0,0.003228410008071025,2011-12-10,0.6608111910388982,Medium,Add to normal outreach queue,purchased in the last 14 days; frequent 90-day buyer
2011-12-10,13983,4,922.37,390,4,230.5925,29.5375,United Kingdom,13.0,0.03225806451612903,2011-12-10,0.6607604786859411,Medium,Add to normal outreach queue,frequent 90-day buyer
2011-12-10,14178,4,1107.5700000000002,1107,4,276.89250000000004,8.499305555555555,United Kingdom,0.0,0.0,2011-12-10,0.6601475354539365,Medium,Add to normal outreach queue,purchased in the last 14 days; frequent 90-day buyer
2011-12-10,18135,4,572.09,261,4,143.0225,29.18611111111111,United Kingdom,0.0,0.0,2011-12-10,0.6594942949911712,Medium,Add to normal outreach queue,frequent 90-day buyer
2011-12-10,16066,4,1205.49,750,4,301.3725,16.504166666666666,United Kingdom,0.0,0.0,2011-12-10,0.6593533055071671,Medium,Add to normal outreach queue,frequent 90-day buyer
2011-12-10,16107,4,1710.04,676,4,427.51,17.59722222222222,United Kingdom,0.0,0.0,2011-12-10,0.6589624903655759,Medium,Add to normal outreach queue,frequent 90-day buyer
2011-12-10,14963,4,1193.6,1009,4,298.4,9.488888888888889,United Kingdom,0.0,0.0,2011-12-10,0.6586917765561391,Medium,Add to normal outreach queue,purchased in the last 14 days; frequent 90-day buyer
2011-12-10,14755,4,2142.6,978,4,535.65,9.525,United Kingdom,0.0,0.0,2011-12-10,0.6586521930457647,Medium,Add to normal outreach queue,purchased in the last 14 days; frequent 90-day buyer
2011-12-10,17750,4,526.11,1179,4,131.5275,5.410416666666666,United Kingdom,0.0,0.0,2011-12-10,0.6583045729315989,Medium,Add to normal outreach queue,purchased in the last 14 days; frequent 90-day buyer
2011-12-10,18180,4,1241.9,1168,4,310.475,4.639583333333333,United Kingdom,0.0,0.0,2011-12-10,0.657750803143335,Medium,Add to normal outreach queue,purchased in the last 14 days; frequent 90-day buyer
2011-12-10,16500,5,235.86,122,4,47.172000000000004,4.497222222222222,United Kingdom,0.0,0.0,2011-12-10,0.6569469458023758,Medium,Add to normal outreach queue,purchased in the last 14 days; frequent 90-day buyer
2011-12-10,16954,5,839.7,310,4,167.94,0.5930555555555556,United Kingdom,0.0,0.0,2011-12-10,0.656719061461011,Medium,Add to normal outreach queue,purchased in the last 14 days; frequent 90-day buyer
2011-12-10,14189,4,1386.16,1217,4,346.54,2.3368055555555554,United Kingdom,7.0,0.005718954248366013,2011-12-10,0.6555705345964759,Medium,Add to normal outreach queue,purchased in the last 14 days; frequent 90-day buyer
2011-12-10,15046,4,1229.24,890,4,307.31,9.340277777777779,United Kingdom,0.0,0.0,2011-12-10,0.6554249751766819,Medium,Add to normal outreach queue,purchased in the last 14 days; frequent 90-day buyer
2011-12-10,14834,4,1291.0,554,4,322.75,17.5625,United Kingdom,1.0,0.0018018018018018018,2011-12-10,0.6551921150641143,Medium,Add to normal outreach queue,frequent 90-day buyer
2011-12-10,13458,4,1968.15,987,4,492.0375,7.354861111111111,United Kingdom,8.0,0.008040201005025126,2011-12-10,0.6551029619393676,Medium,Add to normal outreach queue,purchased in the last 14 days; frequent 90-day buyer
2011-12-10,14415,4,2098.6000000000004,1202,4,524.6500000000001,1.3902777777777777,United Kingdom,6.0,0.004966887417218543,2011-12-10,0.6548779286255979,Medium,Add to normal outreach queue,purchased in the last 14 days; frequent 90-day buyer
2011-12-10,16295,4,1328.55,841,4,332.1375,9.654861111111112,United Kingdom,0.0,0.0,2011-12-10,0.6545438354628441,Medium,Add to normal outreach queue,purchased in the last 14 days; frequent 90-day buyer
2011-12-10,14493,4,1772.02,958,4,443.005,7.323611111111111,United Kingdom,6.0,0.006224066390041493,2011-12-10,0.6544786101929606,Medium,Add to normal outreach queue,purchased in the last 14 days; frequent 90-day buyer
2011-12-10,17716,4,1519.33,749,4,379.8325,22.5,United Kingdom,68.0,0.0832313341493268,2011-12-10,0.6541377040533326,Medium,Add to normal outreach queue,frequent 90-day buyer
2011-12-10,14290,4,1537.0900000000001,695,4,384.27250000000004,11.415277777777778,United Kingdom,0.0,0.0,2011-12-10,0.6527269562146428,Medium,Add to normal outreach queue,purchased in the last 14 days; frequent 90-day buyer
2011-12-10,15602,4,754.92,792,4,188.73,8.406944444444445,United Kingdom,0.0,0.0,2011-12-10,0.6514582660654703,Medium,Add to normal outreach queue,purchased in the last 14 days; frequent 90-day buyer
2011-12-10,17419,4,1566.57,663,4,391.6425,11.425694444444444,United Kingdom,3.0,0.0045045045045045045,2011-12-10,0.6513604774622118,Medium,Add to normal outreach queue,purchased in the last 14 days; frequent 90-day buyer
2011-12-10,14849,8,2146.01,1606,3,268.25125,21.543055555555554,United Kingdom,36.0,0.02192448233861145,2011-12-10,0.6504019034134315,Medium,Add to normal outreach queue,frequent 90-day buyer
2011-12-10,15134,4,773.13,497,4,193.2825,14.628472222222221,United Kingdom,0.0,0.0,2011-12-10,0.6503220001542528,Medium,Add to normal outreach queue,frequent 90-day buyer
2011-12-10,15628,4,1244.8400000000001,836,4,311.21000000000004,4.566666666666666,United Kingdom,0.0,0.0,2011-12-10,0.6488807202868123,Medium,Add to normal outreach queue,purchased in the last 14 days; frequent 90-day buyer
2011-12-10,13247,4,501.12,328,4,125.28,17.542361111111113,United Kingdom,0.0,0.0,2011-12-10,0.6487472941127619,Medium,Add to normal outreach queue,frequent 90-day buyer
2011-12-10,16744,4,901.25,561,4,225.3125,11.454166666666667,United Kingdom,0.0,0.0,2011-12-10,0.6487075142564325,Medium,Add to normal outreach queue,purchased in the last 14 days; frequent 90-day buyer
2011-12-10,15953,4,833.24,441,4,208.31,15.352777777777778,United Kingdom,5.0,0.011210762331838564,2011-12-10,0.6486180736027883,Medium,Add to normal outreach queue,frequent 90-day buyer
2011-12-10,13994,4,1893.58,807,4,473.395,3.5381944444444446,United Kingdom,0.0,0.0,2011-12-10,0.6475086546077498,Medium,Add to normal outreach queue,purchased in the last 14 days; frequent 90-day buyer
2011-12-10,17293,4,1008.08,623,4,252.02,8.390972222222222,United Kingdom,0.0,0.0,2011-12-10,0.6471394653195973,Medium,Add to normal outreach queue,purchased in the last 14 days; frequent 90-day buyer
2011-12-10,15033,4,957.5699999999999,779,4,239.39249999999998,4.472222222222222,United Kingdom,0.0,0.0,2011-12-10,0.6470317094683825,Medium,Add to normal outreach queue,purchased in the last 14 days; frequent 90-day buyer
2011-12-10,16011,4,1167.3,616,4,291.825,8.311805555555555,United Kingdom,0.0,0.0,2011-12-10,0.6469925776907918,Medium,Add to normal outreach queue,purchased in the last 14 days; frequent 90-day buyer
2011-12-10,16173,4,783.27,333,4,195.8175,15.546527777777778,United Kingdom,0.0,0.0,2011-12-10,0.646948600681315,Medium,Add to normal outreach queue,frequent 90-day buyer
2011-12-10,14710,4,606.13,378,4,151.5325,14.379861111111111,United Kingdom,0.0,0.0,2011-12-10,0.6467500137471441,Medium,Add to normal outreach queue,frequent 90-day buyer
2011-12-10,17203,6,3563.85,2850,3,593.975,35.48125,United Kingdom,0.0,0.0,2011-12-10,0.6466956090966277,Medium,Add to normal outreach queue,frequent 90-day buyer
2011-12-10,12415,6,22826.65,10673,4,3804.441666666667,24.40138888888889,Australia,120.0,0.011118317427962569,2011-12-10,0.646638142304725,Medium,Add to normal outreach queue,frequent 90-day buyer
2011-12-10,17739,4,1720.58,450,4,430.145,11.616666666666667,United Kingdom,0.0,0.0,2011-12-10,0.6465664087075472,Medium,Add to normal outreach queue,purchased in the last 14 days; frequent 90-day buyer
2011-12-10,16600,4,576.06,777,4,144.015,4.333333333333333,United Kingdom,0.0,0.0,2011-12-10,0.6465270120887233,Medium,Add to normal outreach queue,purchased in the last 14 days; frequent 90-day buyer
2011-12-10,14673,4,1362.9099999999999,791,4,340.72749999999996,3.395138888888889,United Kingdom,0.0,0.0,2011-12-10,0.6465079493613937,Medium,Add to normal outreach queue,purchased in the last 14 days; frequent 90-day buyer
2011-12-10,15500,4,1113.71,569,4,278.4275,8.425694444444444,United Kingdom,0.0,0.0,2011-12-10,0.6458170269281275,Medium,Add to normal outreach queue,purchased in the last 14 days; frequent 90-day buyer
2011-12-10,18077,4,962.07,567,4,240.5175,8.436111111111112,United Kingdom,0.0,0.0,2011-12-10,0.6456549447726064,Medium,Add to normal outreach queue,purchased in the last 14 days; frequent 90-day buyer
2011-12-10,16688,4,1260.86,804,4,315.215,1.3583333333333334,United Kingdom,0.0,0.0,2011-12-10,0.6445699212082152,Medium,Add to normal outreach queue,purchased in the last 14 days; frequent 90-day buyer
2011-12-10,15482,7,8911.46,4328,5,1273.0657142857142,15.551388888888889,United Kingdom,2022.0,0.3184251968503937,2011-12-10,0.6444785259328476,Medium,Add to normal outreach queue,frequent 90-day buyer
2011-12-10,16979,4,1296.35,730,4,324.0875,3.4854166666666666,United Kingdom,4.0,0.005449591280653951,2011-12-10,0.6441960686955515,Medium,Add to normal outreach queue,purchased in the last 14 days; frequent 90-day buyer
2011-12-10,16877,4,664.74,359,4,166.185,12.425694444444444,United Kingdom,0.0,0.0,2011-12-10,0.6441718460231097,Medium,Add to normal outreach queue,purchased in the last 14 days; frequent 90-day buyer
2011-12-10,15750,4,1355.65,732,4,338.9125,2.4763888888888888,United Kingdom,0.0,0.0,2011-12-10,0.6439274979504089,Medium,Add to normal outreach queue,purchased in the last 14 days; frequent 90-day buyer
2011-12-10,17491,4,1440.76,766,4,360.19,1.3208333333333333,United Kingdom,0.0,0.0,2011-12-10,0.6436529445111371,Medium,Add to normal outreach queue,purchased in the last 14 days; frequent 90-day buyer
2011-12-10,14868,4,1656.52,716,4,414.13,3.3826388888888888,United Kingdom,6.0,0.008310249307479225,2011-12-10,0.6436273416376878,Medium,Add to normal outreach queue,purchased in the last 14 days; frequent 90-day buyer
2011-12-10,16156,4,1676.87,619,4,419.2175,8.470833333333333,United Kingdom,22.0,0.0343213728549142,2011-12-10,0.6435255550916356,Medium,Add to normal outreach queue,purchased in the last 14 days; frequent 90-day buyer
2011-12-10,16361,4,896.66,421,4,224.165,9.477777777777778,United Kingdom,0.0,0.0,2011-12-10,0.6428192044489999,Medium,Add to normal outreach queue,purchased in the last 14 days; frequent 90-day buyer
2011-12-10,17530,4,1017.14,730,4,254.285,1.2208333333333334,United Kingdom,0.0,0.0,2011-12-10,0.6422417731381906,Medium,Add to normal outreach queue,purchased in the last 14 days; frequent 90-day buyer
2011-12-10,14216,4,1839.3,594,4,459.825,3.3777777777777778,United Kingdom,0.0,0.0,2011-12-10,0.6415845021046779,Medium,Add to normal outreach queue,purchased in the last 14 days; frequent 90-day buyer
2011-12-10,17502,4,689.1,376,4,172.275,9.449305555555556,United Kingdom,0.0,0.0,2011-12-10,0.6414140028074327,Medium,Add to normal outreach queue,purchased in the last 14 days; frequent 90-day buyer
2011-12-10,14419,4,750.5,325,4,187.625,10.526388888888889,United Kingdom,0.0,0.0,2011-12-10,0.6412630730626354,Medium,Add to normal outreach queue,purchased in the last 14 days; frequent 90-day buyer
2011-12-10,15571,4,650.4300000000001,264,4,162.60750000000002,11.581944444444444,United Kingdom,0.0,0.0,2011-12-10,0.6406911125977213,Medium,Add to normal outreach queue,purchased in the last 14 days; frequent 90-day buyer
2011-12-10,14901,4,599.1700000000001,252,4,149.79250000000002,11.285416666666666,United Kingdom,0.0,0.0,2011-12-10,0.6400039705448588,Medium,Add to normal outreach queue,purchased in the last 14 days; frequent 90-day buyer
2011-12-10,16678,4,972.69,759,4,243.1725,2.4881944444444444,United Kingdom,25.0,0.03188775510204082,2011-12-10,0.6398862029238375,Medium,Add to normal outreach queue,purchased in the last 14 days; frequent 90-day buyer
2011-12-10,13267,4,1402.15,625,4,350.5375,2.533333333333333,United Kingdom,10.0,0.015748031496062992,2011-12-10,0.6392615437529962,Medium,Add to normal outreach queue,purchased in the last 14 days; frequent 90-day buyer
2011-12-10,17581,8,4522.75,2432,3,565.34375,0.48541666666666666,United Kingdom,21.0,0.008560945780676722,2011-12-10,0.6391792878761106,Medium,Add to normal outreach queue,purchased in the last 14 days; frequent 90-day buyer
2011-12-10,13012,4,649.53,313,4,162.3825,9.45486111111111,United Kingdom,4.0,0.012618296529968454,2011-12-10,0.6387313117913812,Medium,Add to normal outreach queue,purchased in the last 14 days; frequent 90-day buyer
2011-12-10,16782,4,637.5500000000001,204,4,159.38750000000002,10.444444444444445,United Kingdom,2.0,0.009708737864077669,2011-12-10,0.6372302409708823,Medium,Add to normal outreach queue,purchased in the last 14 days; frequent 90-day buyer
2011-12-10,16513,4,874.59,407,4,218.6475,4.570833333333334,United Kingdom,0.0,0.0,2011-12-10,0.6370746160267072,Medium,Add to normal outreach queue,purchased in the last 14 days; frequent 90-day buyer
2011-12-10,15611,4,638.31,246,4,159.5775,9.475,United Kingdom,4.0,0.016,2011-12-10,0.636824926355674,Medium,Add to normal outreach queue,purchased in the last 14 days; frequent 90-day buyer
2011-12-10,13558,4,605.06,344,4,151.265,5.525,United Kingdom,0.0,0.0,2011-12-10,0.6361991351547085,Medium,Add to normal outreach queue,purchased in the last 14 days; frequent 90-day buyer
2011-12-10,13013,4,1124.8500000000001,466,4,281.21250000000003,1.3743055555555554,United Kingdom,0.0,0.0,2011-12-10,0.6353711800478722,Medium,Add to normal outreach queue,purchased in the last 14 days; frequent 90-day buyer
2011-12-10,16393,4,1280.94,561,4,320.235,2.464583333333333,United Kingdom,26.0,0.044293015332197615,2011-12-10,0.6342125774203375,Medium,Add to normal outreach queue,purchased in the last 14 days; frequent 90-day buyer
2011-12-10,17402,4,866.4,280,4,216.6,4.572916666666667,United Kingdom,0.0,0.0,2011-12-10,0.6336291402983568,Medium,Add to normal outreach queue,purchased in the last 14 days; frequent 90-day buyer
2011-12-10,17006,4,781.78,272,4,195.445,4.49375,United Kingdom,0.0,0.0,2011-12-10,0.6332570299090476,Medium,Add to normal outreach queue,purchased in the last 14 days; frequent 90-day buyer
2011-12-10,16016,4,691.19,309,4,172.7975,3.392361111111111,United Kingdom,1.0,0.0032258064516129032,2011-12-10,0.6327346629097526,Medium,Add to normal outreach queue,purchased in the last 14 days; frequent 90-day buyer
2011-12-10,16989,4,242.54999999999998,147,4,60.637499999999996,7.30625,United Kingdom,0.0,0.0,2011-12-10,0.6325194715375104,Medium,Add to normal outreach queue,purchased in the last 14 days; frequent 90-day buyer
2011-12-10,14910,4,434.35,238,4,108.5875,2.5791666666666666,United Kingdom,17.0,0.06666666666666667,2011-12-10,0.6253808281020689,Medium,Add to normal outreach queue,purchased in the last 14 days; frequent 90-day buyer
2011-12-10,14607,11,14526.5,10434,5,1320.590909090909,15.559027777777779,United Kingdom,3768.0,0.2653147444021969,2011-12-10,0.6206225820457534,Medium,Add to normal outreach queue,frequent 90-day buyer
2011-12-10,17888,4,419.0,435,4,104.75,21.427083333333332,United Kingdom,200.0,0.31496062992125984,2011-12-10,0.6177493565677667,Medium,Add to normal outreach queue,frequent 90-day buyer
2011-12-10,14534,4,1411.36,562,4,352.84,2.4868055555555557,United Kingdom,120.0,0.17595307917888564,2011-12-10,0.6168372877799464,Medium,Add to normal outreach queue,purchased in the last 14 days; frequent 90-day buyer
2011-12-10,14688,5,1423.25,643,4,284.65,7.481944444444444,United Kingdom,389.0,0.37693798449612403,2011-12-10,0.6057677064698352,Medium,Add to normal outreach queue,purchased in the last 14 days; frequent 90-day buyer
2011-12-10,18251,1,4314.72,7824,1,4314.72,87.37291666666667,United Kingdom,0.0,0.0,2011-12-10,0.6010458179357616,Medium,Add to normal outreach queue,eligible customer with recent purchase history
2011-12-10,14952,4,4564.88,1568,3,1141.22,59.56041666666667,United Kingdom,4.0,0.002544529262086514,2011-12-10,0.5946645081485161,Medium,Add to normal outreach queue,frequent 90-day buyer
2011-12-10,12678,3,8857.2,5722,2,2952.4,42.455555555555556,France,0.0,0.0,2011-12-10,0.5946220888532479,Medium,Add to normal outreach queue,frequent 90-day buyer
2011-12-10,17381,5,2013.96,2798,3,402.79200000000003,8.500694444444445,United Kingdom,0.0,0.0,2011-12-10,0.5945795883563486,Medium,Add to normal outreach queue,purchased in the last 14 days; frequent 90-day buyer
2011-12-10,12395,4,1008.06,482,3,252.015,19.360416666666666,Belgium,1.0,0.002070393374741201,2011-12-10,0.5842010872155617,Medium,Add to normal outreach queue,frequent 90-day buyer
2011-12-10,12477,3,4385.71,1135,3,1461.9033333333334,22.589583333333334,Germany,0.0,0.0,2011-12-10,0.5770141656595743,Medium,Add to normal outreach queue,frequent 90-day buyer
2011-12-10,13113,4,1458.9,429,4,364.725,0.46597222222222223,United Kingdom,300.0,0.411522633744856,2011-12-10,0.5769238786825595,Medium,Add to normal outreach queue,purchased in the last 14 days; frequent 90-day buyer
2011-12-10,12380,3,1865.26,820,3,621.7533333333333,21.522916666666667,Belgium,1.0,0.001218026796589525,2011-12-10,0.5747912959875968,Medium,Add to normal outreach queue,frequent 90-day buyer
2011-12-10,12626,3,1666.48,1106,3,555.4933333333333,23.329166666666666,Germany,0.0,0.0,2011-12-10,0.5625751736488226,Medium,Add to normal outreach queue,frequent 90-day buyer
2011-12-10,13880,5,1539.01,990,3,307.802,21.427777777777777,United Kingdom,0.0,0.0,2011-12-10,0.5587772298142806,Medium,Add to normal outreach queue,frequent 90-day buyer
2011-12-10,12364,3,629.1800000000001,947,3,209.7266666666667,7.5680555555555555,Belgium,0.0,0.0,2011-12-10,0.5558148471107728,Medium,Add to normal outreach queue,purchased in the last 14 days; frequent 90-day buyer
2011-12-10,17306,4,1931.25,2233,3,482.8125,10.490277777777777,United Kingdom,0.0,0.0,2011-12-10,0.5554042780720094,Medium,Add to normal outreach queue,purchased in the last 14 days; frequent 90-day buyer
2011-12-10,13813,3,784.1700000000001,358,3,261.39000000000004,39.55694444444445,Germany,0.0,0.0,2011-12-10,0.5552172315735576,Medium,Add to normal outreach queue,frequent 90-day buyer
2011-12-10,12723,5,707.0699999999999,433,3,141.414,3.5701388888888888,France,0.0,0.0,2011-12-10,0.5546263894500649,Medium,Add to normal outreach queue,purchased in the last 14 days; frequent 90-day buyer
2011-12-10,17613,5,1567.8600000000001,823,3,313.572,22.547916666666666,United Kingdom,20.0,0.02372479240806643,2011-12-10,0.5514238415155828,Medium,Add to normal outreach queue,frequent 90-day buyer
2011-12-10,17135,5,639.1800000000001,804,3,127.83600000000001,16.3,United Kingdom,0.0,0.0,2011-12-10,0.5490733803038663,Medium,Add to normal outreach queue,frequent 90-day buyer
2011-12-10,13139,4,3354.0,1699,3,838.5,16.420833333333334,United Kingdom,7.0,0.004103165298944901,2011-12-10,0.546930461153233,Medium,Add to normal outreach queue,frequent 90-day buyer
2011-12-10,12662,4,1106.1200000000001,653,3,276.53000000000003,0.5006944444444444,Germany,0.0,0.0,2011-12-10,0.5458144230469303,Medium,Add to normal outreach queue,purchased in the last 14 days; frequent 90-day buyer
2011-12-10,17924,5,2460.3,1052,3,492.06000000000006,11.61736111111111,United Kingdom,10.0,0.009416195856873822,2011-12-10,0.5455745813754448,Medium,Add to normal outreach queue,purchased in the last 14 days; frequent 90-day buyer
2011-12-10,18139,6,8438.34,5557,2,1406.39,17.552777777777777,United Kingdom,0.0,0.0,2011-12-10,0.5445868211686207,Medium,Add to normal outreach queue,frequent 90-day buyer
2011-12-10,17133,4,2413.4500000000003,1605,3,603.3625000000001,15.48125,United Kingdom,0.0,0.0,2011-12-10,0.5434810494018274,Medium,Add to normal outreach queue,frequent 90-day buyer
2011-12-10,15113,3,3608.94,2385,3,1202.98,9.650694444444444,United Kingdom,24.0,0.009962640099626401,2011-12-10,0.5415746204487241,Medium,Add to normal outreach queue,purchased in the last 14 days; frequent 90-day buyer
2011-12-10,12708,3,609.14,314,3,203.04666666666665,29.58888888888889,Germany,5.0,0.01567398119122257,2011-12-10,0.5400313605669854,Medium,Add to normal outreach queue,frequent 90-day buyer
2011-12-10,17365,3,2425.51,2203,3,808.5033333333334,12.490972222222222,United Kingdom,0.0,0.0,2011-12-10,0.5371711952940996,Medium,Add to normal outreach queue,purchased in the last 14 days; frequent 90-day buyer
2011-12-10,17758,4,2020.5,1184,3,505.125,19.385416666666668,United Kingdom,0.0,0.0,2011-12-10,0.5355007014057076,Medium,Add to normal outreach queue,frequent 90-day buyer
2011-12-10,12647,3,674.11,383,3,224.70333333333335,22.461111111111112,Germany,0.0,0.0,2011-12-10,0.5352952063324519,Medium,Add to normal outreach queue,frequent 90-day buyer
2011-12-10,14426,4,1596.0900000000001,1096,3,399.02250000000004,23.48263888888889,United Kingdom,14.0,0.012612612612612612,2011-12-10,0.534868143206765,Medium,Add to normal outreach queue,frequent 90-day buyer
2011-12-10,14292,5,1984.72,778,3,396.944,7.506944444444445,United Kingdom,6.0,0.007653061224489796,2011-12-10,0.5343267822202432,Medium,Add to normal outreach queue,purchased in the last 14 days; frequent 90-day buyer
2011-12-10,17317,3,2600.34,1146,3,866.7800000000001,46.27847222222222,United Kingdom,72.0,0.059113300492610835,2011-12-10,0.5343206892668046,Medium,Add to normal outreach queue,frequent 90-day buyer
2011-12-10,14211,3,1111.17,649,3,370.39000000000004,53.44236111111111,United Kingdom,1.0,0.0015384615384615385,2011-12-10,0.5328625659433726,Medium,Add to normal outreach queue,frequent 90-day buyer
2011-12-10,17069,4,1213.9099999999999,794,3,303.47749999999996,28.28263888888889,United Kingdom,6.0,0.0075,2011-12-10,0.5327754438590153,Medium,Add to normal outreach queue,frequent 90-day buyer
2011-12-10,14057,4,1405.98,928,3,351.495,23.56111111111111,United Kingdom,0.0,0.0,2011-12-10,0.5324385320951915,Medium,Add to normal outreach queue,frequent 90-day buyer
2011-12-10,15024,5,815.71,504,3,163.142,9.495833333333334,United Kingdom,0.0,0.0,2011-12-10,0.5320366711786346,Medium,Add to normal outreach queue,purchased in the last 14 days; frequent 90-day buyer
2011-12-10,17706,5,2476.99,850,3,495.39799999999997,4.434722222222222,United Kingdom,13.0,0.015063731170336037,2011-12-10,0.5305813379405522,Medium,Add to normal outreach queue,purchased in the last 14 days; frequent 90-day buyer
2011-12-10,15814,4,1945.33,1271,3,486.3325,16.65486111111111,United Kingdom,24.0,0.018532818532818532,2011-12-10,0.5305201336351075,Medium,Add to normal outreach queue,frequent 90-day buyer
2011-12-10,12910,4,1588.1399999999999,862,3,397.03499999999997,23.397222222222222,United Kingdom,0.0,0.0,2011-12-10,0.530480018761193,Medium,Add to normal outreach queue,frequent 90-day buyer
2011-12-10,17809,4,2555.2,1314,3,638.8,16.459027777777777,United Kingdom,40.0,0.029542097488921712,2011-12-10,0.5292898096915059,Medium,Add to normal outreach queue,frequent 90-day buyer
2011-12-10,13871,4,1790.6100000000001,856,3,447.65250000000003,22.549305555555556,United Kingdom,5.0,0.005807200929152149,2011-12-10,0.5285295810776951,Medium,Add to normal outreach queue,frequent 90-day buyer
2011-12-10,13988,3,2224.46,1754,3,741.4866666666667,19.572916666666668,United Kingdom,18.0,0.010158013544018058,2011-12-10,0.5283102387095894,Medium,Add to normal outreach queue,frequent 90-day buyer
2011-12-10,14502,4,1291.62,942,3,322.905,19.506944444444443,United Kingdom,4.0,0.004228329809725159,2011-12-10,0.5272236324799779,Medium,Add to normal outreach queue,frequent 90-day buyer
2011-12-10,12957,4,2302.25,1301,3,575.5625,9.588194444444444,United Kingdom,7.0,0.005351681957186544,2011-12-10,0.5263728611462267,Medium,Add to normal outreach queue,purchased in the last 14 days; frequent 90-day buyer
2011-12-10,15114,3,1081.59,1279,3,360.53,30.37152777777778,United Kingdom,0.0,0.0,2011-12-10,0.5240641521713636,Medium,Add to normal outreach queue,frequent 90-day buyer
2011-12-10,17930,3,1046.3400000000001,1073,3,348.78000000000003,35.56736111111111,United Kingdom,0.0,0.0,2011-12-10,0.5239961423952962,Medium,Add to normal outreach queue,frequent 90-day buyer
2011-12-10,17596,3,1089.2,1553,3,363.06666666666666,23.409027777777776,United Kingdom,0.0,0.0,2011-12-10,0.523881174538812,Medium,Add to normal outreach queue,frequent 90-day buyer
2011-12-10,12783,4,1295.87,611,4,323.9675,2.3361111111111112,Portugal,0.0,0.0,2011-12-10,0.5232424973836326,Medium,Add to normal outreach queue,purchased in the last 14 days; frequent 90-day buyer
2011-12-10,15706,3,610.51,161,3,203.50333333333333,63.577083333333334,United Kingdom,15.0,0.08522727272727272,2011-12-10,0.522871242498483,Medium,Add to normal outreach queue,frequent 90-day buyer
2011-12-10,17220,4,903.27,560,3,225.8175,24.425694444444446,United Kingdom,0.0,0.0,2011-12-10,0.5222979874027832,Medium,Add to normal outreach queue,frequent 90-day buyer
2011-12-10,16049,3,1111.79,793,3,370.59666666666664,40.44513888888889,United Kingdom,0.0,0.0,2011-12-10,0.5219387916076008,Medium,Add to normal outreach queue,frequent 90-day buyer
2011-12-10,16187,3,1515.74,1123,3,505.24666666666667,31.59027777777778,United Kingdom,8.0,0.007073386383731211,2011-12-10,0.5218564883020809,Medium,Add to normal outreach queue,frequent 90-day buyer
2011-12-10,15529,3,1596.15,1458,3,532.0500000000001,22.521527777777777,United Kingdom,7.0,0.00477815699658703,2011-12-10,0.5215909690809759,Medium,Add to normal outreach queue,frequent 90-day buyer
2011-12-10,14515,4,1336.44,763,3,334.11,17.51597222222222,United Kingdom,0.0,0.0,2011-12-10,0.5204373142205564,Medium,Add to normal outreach queue,frequent 90-day buyer
2011-12-10,15058,4,867.4300000000001,450,3,216.85750000000002,25.377083333333335,United Kingdom,0.0,0.0,2011-12-10,0.5201800113667571,Medium,Add to normal outreach queue,frequent 90-day buyer
2011-12-10,14125,3,2740.43,1640,3,913.4766666666666,10.467361111111112,United Kingdom,0.0,0.0,2011-12-10,0.5200825032176877,Medium,Add to normal outreach queue,purchased in the last 14 days; frequent 90-day buyer
2011-12-10,12640,3,994.58,301,3,331.5266666666667,23.505555555555556,France,0.0,0.0,2011-12-10,0.5185313553782641,Medium,Add to normal outreach queue,frequent 90-day buyer
2011-12-10,16905,4,2236.6,1139,3,559.15,5.415972222222222,United Kingdom,0.0,0.0,2011-12-10,0.5178989219336578,Medium,Add to normal outreach queue,purchased in the last 14 days; frequent 90-day buyer
2011-12-10,14800,3,499.3,490,3,166.43333333333334,47.46805555555556,United Kingdom,1.0,0.002036659877800407,2011-12-10,0.5178489633680602,Medium,Add to normal outreach queue,frequent 90-day buyer
2011-12-10,13629,3,2074.0,1150,3,691.3333333333334,23.44375,United Kingdom,0.0,0.0,2011-12-10,0.5174933476464924,Medium,Add to normal outreach queue,frequent 90-day buyer
2011-12-10,17109,4,420.45000000000005,341,3,105.11250000000001,29.292361111111113,United Kingdom,16.0,0.04481792717086835,2011-12-10,0.5172740295568035,Medium,Add to normal outreach queue,frequent 90-day buyer
2011-12-10,14291,4,1527.71,1271,3,381.9275,1.5652777777777778,United Kingdom,0.0,0.0,2011-12-10,0.5165926286632133,Medium,Add to normal outreach queue,purchased in the last 14 days; frequent 90-day buyer
2011-12-10,17523,4,652.74,872,3,163.185,11.444444444444445,United Kingdom,0.0,0.0,2011-12-10,0.5158577113430697,Medium,Add to normal outreach queue,purchased in the last 14 days; frequent 90-day buyer
2011-12-10,12628,3,732.46,445,3,244.15333333333334,4.447916666666667,Germany,3.0,0.006696428571428571,2011-12-10,0.5154856821407827,Medium,Add to normal outreach queue,purchased in the last 14 days; frequent 90-day buyer
2011-12-10,16570,4,1604.33,685,3,401.0825,15.290277777777778,United Kingdom,2.0,0.002911208151382824,2011-12-10,0.5153597558753864,Medium,Add to normal outreach queue,frequent 90-day buyer
2011-12-10,13650,4,1090.82,638,3,272.705,16.48472222222222,United Kingdom,0.0,0.0,2011-12-10,0.5153569713817043,Medium,Add to normal outreach queue,frequent 90-day buyer
2011-12-10,12615,3,1494.6,952,3,498.2,2.373611111111111,France,0.0,0.0,2011-12-10,0.5152850137633581,Medium,Add to normal outreach queue,purchased in the last 14 days; frequent 90-day buyer
2011-12-10,13297,4,2089.85,963,3,522.4625,7.602777777777778,United Kingdom,0.0,0.0,2011-12-10,0.5152159144890439,Medium,Add to normal outreach queue,purchased in the last 14 days; frequent 90-day buyer
2011-12-10,16655,3,1925.63,1332,3,641.8766666666667,17.524305555555557,United Kingdom,0.0,0.0,2011-12-10,0.515010146399221,Medium,Add to normal outreach queue,frequent 90-day buyer
2011-12-10,13644,3,1773.17,1408,3,591.0566666666667,16.411805555555556,United Kingdom,7.0,0.0049469964664310955,2011-12-10,0.5138661100203907,Medium,Add to normal outreach queue,frequent 90-day buyer
2011-12-10,14883,4,403.11,468,3,100.7775,18.56736111111111,United Kingdom,1.0,0.0021321961620469083,2011-12-10,0.5120338364955598,Medium,Add to normal outreach queue,frequent 90-day buyer
2011-12-10,13178,3,1333.74,971,3,444.58,26.323611111111113,United Kingdom,0.0,0.0,2011-12-10,0.5116547859079449,Medium,Add to normal outreach queue,frequent 90-day buyer
2011-12-10,12684,3,832.15,707,3,277.3833333333333,7.5881944444444445,France,0.0,0.0,2011-12-10,0.5106987776643368,Medium,Add to normal outreach queue,purchased in the last 14 days; frequent 90-day buyer
2011-12-10,12488,3,1244.66,526,3,414.8866666666667,9.631944444444445,France,0.0,0.0,2011-12-10,0.5100626224849094,Medium,Add to normal outreach queue,purchased in the last 14 days; frequent 90-day buyer
2011-12-10,12553,3,1146.84,605,3,382.28,8.306944444444444,France,2.0,0.0032948929159802307,2011-12-10,0.5098590081668339,Medium,Add to normal outreach queue,purchased in the last 14 days; frequent 90-day buyer
2011-12-10,12936,4,1063.9,559,3,265.975,17.269444444444446,United Kingdom,20.0,0.03454231433506045,2011-12-10,0.5097456982173424,Medium,Add to normal outreach queue,frequent 90-day buyer
2011-12-10,14709,4,968.3,480,3,242.075,15.346527777777778,United Kingdom,0.0,0.0,2011-12-10,0.5092887631267637,Medium,Add to normal outreach queue,frequent 90-day buyer
2011-12-10,16722,3,1074.23,1277,3,358.07666666666665,17.43888888888889,United Kingdom,0.0,0.0,2011-12-10,0.508685075844545,Medium,Add to normal outreach queue,frequent 90-day buyer
2011-12-10,16460,3,814.72,879,3,271.5733333333333,28.426388888888887,United Kingdom,0.0,0.0,2011-12-10,0.5086373980106715,Medium,Add to normal outreach queue,frequent 90-day buyer
2011-12-10,13993,3,1218.9499999999998,247,3,406.3166666666666,42.62083333333333,United Kingdom,7.0,0.027559055118110236,2011-12-10,0.5071290566746843,Medium,Add to normal outreach queue,frequent 90-day buyer
2011-12-10,17728,3,2876.01,1469,3,958.6700000000001,3.6305555555555555,United Kingdom,4.0,0.0027155465037338763,2011-12-10,0.507045675567814,Medium,Add to normal outreach queue,purchased in the last 14 days; frequent 90-day buyer
2011-12-10,15687,4,1313.65,653,3,328.4125,8.64375,United Kingdom,0.0,0.0,2011-12-10,0.5067171299661672,Medium,Add to normal outreach queue,purchased in the last 14 days; frequent 90-day buyer
2011-12-10,15022,4,905.04,543,3,226.26,11.475694444444445,United Kingdom,0.0,0.0,2011-12-10,0.5064979549480867,Medium,Add to normal outreach queue,purchased in the last 14 days; frequent 90-day buyer
2011-12-10,18055,3,3111.33,1229,3,1037.11,7.399305555555555,United Kingdom,0.0,0.0,2011-12-10,0.5064589076221553,Medium,Add to normal outreach queue,purchased in the last 14 days; frequent 90-day buyer
2011-12-10,17735,3,2018.7800000000002,1622,3,672.9266666666667,2.3006944444444444,United Kingdom,0.0,0.0,2011-12-10,0.505990607263443,Medium,Add to normal outreach queue,purchased in the last 14 days; frequent 90-day buyer
2011-12-10,17719,3,918.64,348,3,306.2133333333333,37.55833333333333,United Kingdom,0.0,0.0,2011-12-10,0.5044785814606706,Medium,Add to normal outreach queue,frequent 90-day buyer
2011-12-10,17644,4,1270.01,895,3,317.5025,1.4284722222222221,United Kingdom,4.0,0.004449388209121246,2011-12-10,0.5044642923325754,Medium,Add to normal outreach queue,purchased in the last 14 days; frequent 90-day buyer
2011-12-10,17314,3,1021.0,878,3,340.3333333333333,24.596527777777776,United Kingdom,4.0,0.0045351473922902496,2011-12-10,0.504438606797256,Medium,Add to normal outreach queue,frequent 90-day buyer
2011-12-10,16701,3,1347.8799999999999,1435,3,449.2933333333333,8.534722222222221,United Kingdom,0.0,0.0,2011-12-10,0.5042573623178526,Medium,Add to normal outreach queue,purchased in the last 14 days; frequent 90-day buyer
2011-12-10,13892,3,578.4499999999999,843,3,192.81666666666663,26.506944444444443,United Kingdom,0.0,0.0,2011-12-10,0.5040330486670328,Medium,Add to normal outreach queue,frequent 90-day buyer
2011-12-10,15370,3,872.5899999999999,219,3,290.8633333333333,40.543055555555554,United Kingdom,0.0,0.0,2011-12-10,0.5039876571688394,Medium,Add to normal outreach queue,frequent 90-day buyer
2011-12-10,17350,4,1286.07,795,3,321.5175,8.342361111111112,United Kingdom,36.0,0.04332129963898917,2011-12-10,0.5035698510570533,Medium,Add to normal outreach queue,purchased in the last 14 days; frequent 90-day buyer
2011-12-10,12952,4,1387.79,653,3,346.9475,5.559027777777778,United Kingdom,1.0,0.0015290519877675841,2011-12-10,0.502928948667972,Medium,Add to normal outreach queue,purchased in the last 14 days; frequent 90-day buyer
2011-12-10,15034,3,1643.78,1089,3,547.9266666666666,15.49236111111111,United Kingdom,6.0,0.005479452054794521,2011-12-10,0.502884293165154,Medium,Add to normal outreach queue,frequent 90-day buyer
2011-12-10,14092,4,1331.4900000000002,571,3,332.87250000000006,7.490972222222222,United Kingdom,2.0,0.0034904013961605585,2011-12-10,0.5025494117597831,Medium,Add to normal outreach queue,purchased in the last 14 days; frequent 90-day buyer
2011-12-10,15933,3,1107.46,885,3,369.15333333333336,21.448611111111113,United Kingdom,0.0,0.0,2011-12-10,0.5021478091552516,Medium,Add to normal outreach queue,frequent 90-day buyer
2011-12-10,14592,3,570.46,415,3,190.15333333333334,35.30902777777778,United Kingdom,0.0,0.0,2011-12-10,0.5018877727199844,Medium,Add to normal outreach queue,frequent 90-day buyer
2011-12-10,13499,3,695.32,1100,3,231.77333333333334,17.527083333333334,United Kingdom,1.0,0.0009082652134423251,2011-12-10,0.5013772114884153,Medium,Add to normal outreach queue,frequent 90-day buyer
2011-12-10,16186,3,1310.41,778,3,436.80333333333334,22.47013888888889,United Kingdom,0.0,0.0,2011-12-10,0.5013288197675851,Medium,Add to normal outreach queue,frequent 90-day buyer
2011-12-10,16463,3,1103.03,984,3,367.6766666666667,21.415972222222223,United Kingdom,27.0,0.026706231454005934,2011-12-10,0.49999255716285157,Medium,Add to normal outreach queue,frequent 90-day buyer
2011-12-10,15291,3,983.28,646,3,327.76,25.540277777777778,United Kingdom,0.0,0.0,2011-12-10,0.49932610459395066,Medium,Add to normal outreach queue,frequent 90-day buyer
2011-12-10,17071,3,1026.6100000000001,575,3,342.2033333333334,28.311805555555555,United Kingdom,7.0,0.012027491408934709,2011-12-10,0.4992924362473645,Medium,Add to normal outreach queue,frequent 90-day buyer
2011-12-10,15218,3,1891.54,1071,3,630.5133333333333,10.508333333333333,United Kingdom,0.0,0.0,2011-12-10,0.4988989453735472,Medium,Add to normal outreach queue,purchased in the last 14 days; frequent 90-day buyer
2011-12-10,16348,3,694.31,406,3,231.43666666666664,32.34444444444444,United Kingdom,0.0,0.0,2011-12-10,0.4987897272274202,Medium,Add to normal outreach queue,frequent 90-day buyer
2011-12-10,13695,3,737.06,429,3,245.68666666666664,31.398611111111112,United Kingdom,0.0,0.0,2011-12-10,0.49857532225330115,Medium,Add to normal outreach queue,frequent 90-day buyer
2011-12-10,16416,3,1051.4,672,3,350.4666666666667,26.46527777777778,United Kingdom,16.0,0.023255813953488372,2011-12-10,0.49833510073566545,Medium,Add to normal outreach queue,frequent 90-day buyer
2011-12-10,13534,4,1498.55,719,3,374.6375,2.3805555555555555,United Kingdom,16.0,0.021768707482993196,2011-12-10,0.4982350211674232,Medium,Add to normal outreach queue,purchased in the last 14 days; frequent 90-day buyer
2011-12-10,12950,3,1843.0,1380,3,614.3333333333334,2.446527777777778,United Kingdom,0.0,0.0,2011-12-10,0.4981338546394914,Medium,Add to normal outreach queue,purchased in the last 14 days; frequent 90-day buyer
2011-12-10,16205,3,649.03,453,3,216.34333333333333,30.602777777777778,United Kingdom,0.0,0.0,2011-12-10,0.4978580169418101,Medium,Add to normal outreach queue,frequent 90-day buyer
2011-12-10,16079,3,1352.0,864,3,450.6666666666667,16.466666666666665,United Kingdom,0.0,0.0,2011-12-10,0.4969673805926599,Medium,Add to normal outreach queue,frequent 90-day buyer
2011-12-10,13137,3,1719.37,1037,3,573.1233333333333,10.49375,United Kingdom,0.0,0.0,2011-12-10,0.49695344772186106,Medium,Add to normal outreach queue,purchased in the last 14 days; frequent 90-day buyer
2011-12-10,14285,3,1904.1100000000001,539,3,634.7033333333334,21.381944444444443,United Kingdom,0.0,0.0,2011-12-10,0.496274838993577,Medium,Add to normal outreach queue,frequent 90-day buyer
2011-12-10,15021,4,795.74,316,3,198.935,8.504861111111111,United Kingdom,2.0,0.006289308176100629,2011-12-10,0.4957324406111504,Medium,Add to normal outreach queue,purchased in the last 14 days; frequent 90-day buyer
2011-12-10,15782,3,2614.7400000000002,864,3,871.58,9.549305555555556,United Kingdom,1.0,0.0011560693641618498,2011-12-10,0.4954455502745939,Medium,Add to normal outreach queue,purchased in the last 14 days; frequent 90-day buyer
2011-12-10,14684,3,717.02,558,3,239.00666666666666,25.51875,United Kingdom,0.0,0.0,2011-12-10,0.4952830820817049,Medium,Add to normal outreach queue,frequent 90-day buyer
2011-12-10,16633,3,1714.8400000000001,675,3,571.6133333333333,17.429861111111112,United Kingdom,1.0,0.0014792899408284023,2011-12-10,0.4943476818234953,Medium,Add to normal outreach queue,frequent 90-day buyer
2011-12-10,13447,3,1129.14,584,3,376.38000000000005,23.431944444444444,United Kingdom,7.0,0.011844331641285956,2011-12-10,0.4943460037219601,Medium,Add to normal outreach queue,frequent 90-day buyer
2011-12-10,18223,3,2448.2000000000003,1174,3,816.0666666666667,4.617361111111111,United Kingdom,21.0,0.017573221757322177,2011-12-10,0.4941953013964325,Medium,Add to normal outreach queue,purchased in the last 14 days; frequent 90-day buyer
2011-12-10,14297,3,1072.73,787,3,357.57666666666665,17.620833333333334,United Kingdom,3.0,0.0037974683544303796,2011-12-10,0.49398312639812897,Medium,Add to normal outreach queue,frequent 90-day buyer
2011-12-10,18092,3,3216.78,972,3,1072.26,2.448611111111111,United Kingdom,2.0,0.002053388090349076,2011-12-10,0.4932890518309654,Medium,Add to normal outreach queue,purchased in the last 14 days; frequent 90-day buyer
2011-12-10,15601,3,1191.1,980,3,397.0333333333333,11.364583333333334,United Kingdom,3.0,0.003051881993896236,2011-12-10,0.4928940232621672,Medium,Add to normal outreach queue,purchased in the last 14 days; frequent 90-day buyer
2011-12-10,17659,3,1346.43,704,3,448.81,17.438194444444445,United Kingdom,3.0,0.004243281471004243,2011-12-10,0.4928099192611257,Medium,Add to normal outreach queue,frequent 90-day buyer
2011-12-10,16434,3,615.91,319,3,205.3033333333333,29.397222222222222,United Kingdom,0.0,0.0,2011-12-10,0.4923348038431828,Medium,Add to normal outreach queue,frequent 90-day buyer
2011-12-10,15117,3,876.05,863,3,292.01666666666665,14.658333333333333,United Kingdom,1.0,0.0011574074074074073,2011-12-10,0.49202664562226495,Medium,Add to normal outreach queue,frequent 90-day buyer
2011-12-10,14739,3,1654.7,1142,3,551.5666666666667,4.295833333333333,United Kingdom,3.0,0.0026200873362445414,2011-12-10,0.49179963844553215,Medium,Add to normal outreach queue,purchased in the last 14 days; frequent 90-day buyer
2011-12-10,18130,3,1059.3899999999999,824,3,353.12999999999994,15.38888888888889,United Kingdom,7.0,0.00842358604091456,2011-12-10,0.4915906018874164,Medium,Add to normal outreach queue,frequent 90-day buyer
2011-12-10,13115,3,1416.23,946,3,472.07666666666665,11.473611111111111,United Kingdom,18.0,0.01867219917012448,2011-12-10,0.49045298279768473,Medium,Add to normal outreach queue,purchased in the last 14 days; frequent 90-day buyer
2011-12-10,15738,3,958.97,625,3,319.6566666666667,18.648611111111112,United Kingdom,0.0,0.0,2011-12-10,0.49042900131840417,Medium,Add to normal outreach queue,frequent 90-day buyer
2011-12-10,16128,3,1185.52,622,3,395.17333333333335,17.531944444444445,United Kingdom,0.0,0.0,2011-12-10,0.4902496293788212,Medium,Add to normal outreach queue,frequent 90-day buyer
2011-12-10,16987,4,995.5999999999999,299,3,248.89999999999998,3.2736111111111112,United Kingdom,0.0,0.0,2011-12-10,0.4897412061666574,Medium,Add to normal outreach queue,purchased in the last 14 days; frequent 90-day buyer
2011-12-10,17663,3,786.38,372,3,262.12666666666667,25.627777777777776,United Kingdom,3.0,0.008,2011-12-10,0.4896213130594884,Medium,Add to normal outreach queue,frequent 90-day buyer
2011-12-10,15621,4,1293.03,501,3,323.2575,4.415972222222222,United Kingdom,38.0,0.07050092764378478,2011-12-10,0.48908676382888877,Medium,Add to normal outreach queue,purchased in the last 14 days; frequent 90-day buyer
2011-12-10,16085,3,656.47,412,3,218.82333333333335,23.441666666666666,United Kingdom,0.0,0.0,2011-12-10,0.48823066384252806,Medium,Add to normal outreach queue,frequent 90-day buyer
2011-12-10,15845,3,1185.01,548,3,395.00333333333333,17.595833333333335,United Kingdom,0.0,0.0,2011-12-10,0.48815973822491016,Medium,Add to normal outreach queue,frequent 90-day buyer
2011-12-10,14796,3,1387.47,1163,3,462.49,1.3534722222222222,United Kingdom,0.0,0.0,2011-12-10,0.4880266736733108,Medium,Add to normal outreach queue,purchased in the last 14 days; frequent 90-day buyer
2011-12-10,15570,3,1338.8400000000001,928,3,446.28000000000003,7.384027777777778,United Kingdom,0.0,0.0,2011-12-10,0.48802539952737567,Medium,Add to normal outreach queue,purchased in the last 14 days; frequent 90-day buyer
2011-12-10,14226,3,522.7900000000001,221,3,174.26333333333335,28.518055555555556,United Kingdom,0.0,0.0,2011-12-10,0.48792589730265223,Medium,Add to normal outreach queue,frequent 90-day buyer
2011-12-10,18096,3,911.15,825,3,303.71666666666664,11.469444444444445,United Kingdom,0.0,0.0,2011-12-10,0.4875262902923134,Medium,Add to normal outreach queue,purchased in the last 14 days; frequent 90-day buyer
2011-12-10,13126,3,1022.22,1081,3,340.74,4.583333333333333,United Kingdom,1.0,0.0009242144177449168,2011-12-10,0.48728601398136023,Medium,Add to normal outreach queue,purchased in the last 14 days; frequent 90-day buyer
2011-12-10,16145,3,1199.18,875,3,399.7266666666667,8.560416666666667,United Kingdom,0.0,0.0,2011-12-10,0.4871101222599359,Medium,Add to normal outreach queue,purchased in the last 14 days; frequent 90-day buyer
2011-12-10,15527,3,1098.99,483,3,366.33,18.488194444444446,United Kingdom,0.0,0.0,2011-12-10,0.48684890303881995,Medium,Add to normal outreach queue,frequent 90-day buyer
2011-12-10,16358,3,1565.3500000000001,1081,3,521.7833333333334,1.36875,United Kingdom,0.0,0.0,2011-12-10,0.48661320956518833,Medium,Add to normal outreach queue,purchased in the last 14 days; frequent 90-day buyer
2011-12-10,16924,3,846.75,493,3,282.25,21.463194444444444,United Kingdom,13.0,0.025691699604743084,2011-12-10,0.48644249624542824,Medium,Add to normal outreach queue,frequent 90-day buyer
2011-12-10,17231,3,1235.6,695,3,411.8666666666666,12.3625,United Kingdom,2.0,0.0028694404591104736,2011-12-10,0.4861424508946474,Medium,Add to normal outreach queue,purchased in the last 14 days; frequent 90-day buyer
2011-12-10,12680,3,515.03,211,3,171.67666666666665,0.4652777777777778,France,0.0,0.0,2011-12-10,0.4860550027337497,Medium,Add to normal outreach queue,purchased in the last 14 days; frequent 90-day buyer
2011-12-10,13437,3,1234.46,594,3,411.4866666666667,14.416666666666666,United Kingdom,0.0,0.0,2011-12-10,0.48601373936493747,Medium,Add to normal outreach queue,frequent 90-day buyer
2011-12-10,13309,3,910.15,928,3,303.3833333333333,7.309722222222222,United Kingdom,0.0,0.0,2011-12-10,0.4856131964556004,Medium,Add to normal outreach queue,purchased in the last 14 days; frequent 90-day buyer
2011-12-10,13456,3,911.66,504,3,303.88666666666666,17.6125,United Kingdom,0.0,0.0,2011-12-10,0.48541172735236277,Medium,Add to normal outreach queue,frequent 90-day buyer
2011-12-10,17725,3,931.96,552,3,310.65333333333336,16.309722222222224,United Kingdom,0.0,0.0,2011-12-10,0.48538426725627337,Medium,Add to normal outreach queue,frequent 90-day buyer
2011-12-10,16201,3,1559.67,1078,3,519.89,3.3319444444444444,United Kingdom,19.0,0.01731996353691887,2011-12-10,0.4853599012115111,Medium,Add to normal outreach queue,purchased in the last 14 days; frequent 90-day buyer
2011-12-10,12657,4,1427.18,1032,3,356.795,11.342361111111112,France,386.0,0.27221438645980256,2011-12-10,0.4852701303476536,Medium,Add to normal outreach queue,purchased in the last 14 days; frequent 90-day buyer
2011-12-10,13575,3,513.32,336,3,171.10666666666668,23.448611111111113,United Kingdom,0.0,0.0,2011-12-10,0.4852421329816286,Medium,Add to normal outreach queue,frequent 90-day buyer
2011-12-10,15009,3,1261.7800000000002,642,3,420.5933333333334,12.434027777777779,United Kingdom,0.0,0.0,2011-12-10,0.48522077420313314,Medium,Add to normal outreach queue,purchased in the last 14 days; frequent 90-day buyer
2011-12-10,17629,3,1015.74,964,3,338.58,5.544444444444444,United Kingdom,0.0,0.0,2011-12-10,0.4851509036246432,Medium,Add to normal outreach queue,purchased in the last 14 days; frequent 90-day buyer
2011-12-10,13183,3,1562.8000000000002,760,3,520.9333333333334,7.5625,United Kingdom,0.0,0.0,2011-12-10,0.4845421862361912,Medium,Add to normal outreach queue,purchased in the last 14 days; frequent 90-day buyer
2011-12-10,16531,3,560.06,348,3,186.68666666666664,22.313194444444445,United Kingdom,0.0,0.0,2011-12-10,0.48450416022770926,Medium,Add to normal outreach queue,frequent 90-day buyer
2011-12-10,16350,3,739.77,349,3,246.59,21.338194444444444,United Kingdom,0.0,0.0,2011-12-10,0.48435525847510075,Medium,Add to normal outreach queue,frequent 90-day buyer
2011-12-10,17073,3,991.05,451,3,330.34999999999997,17.509027777777778,United Kingdom,0.0,0.0,2011-12-10,0.48417156941890166,Medium,Add to normal outreach queue,frequent 90-day buyer
2011-12-10,17101,3,1391.15,657,3,463.7166666666667,10.41875,United Kingdom,0.0,0.0,2011-12-10,0.48397854269919033,Medium,Add to normal outreach queue,purchased in the last 14 days; frequent 90-day buyer
2011-12-10,15594,3,965.71,516,3,321.90333333333336,15.629861111111111,United Kingdom,0.0,0.0,2011-12-10,0.48371216048362325,Medium,Add to normal outreach queue,frequent 90-day buyer
2011-12-10,16700,3,980.6,784,3,326.8666666666667,8.541666666666666,United Kingdom,0.0,0.0,2011-12-10,0.4832446511719853,Medium,Add to normal outreach queue,purchased in the last 14 days; frequent 90-day buyer
2011-12-10,16478,3,331.0,224,3,110.33333333333333,25.339583333333334,United Kingdom,0.0,0.0,2011-12-10,0.4832170510414829,Medium,Add to normal outreach queue,frequent 90-day buyer
2011-12-10,18211,3,331.37,207,3,110.45666666666666,25.65972222222222,United Kingdom,0.0,0.0,2011-12-10,0.48310083114494495,Medium,Add to normal outreach queue,frequent 90-day buyer
2011-12-10,14401,3,972.1,958,3,324.03333333333336,4.4375,United Kingdom,2.0,0.0020833333333333333,2011-12-10,0.4830582718860947,Medium,Add to normal outreach queue,purchased in the last 14 days; frequent 90-day buyer
2011-12-10,15584,3,570.46,265,3,190.15333333333334,23.54513888888889,United Kingdom,2.0,0.00749063670411985,2011-12-10,0.4830305771668896,Medium,Add to normal outreach queue,frequent 90-day buyer
2011-12-10,15465,3,1362.4899999999998,351,3,454.16333333333324,19.575694444444444,United Kingdom,11.0,0.03038674033149171,2011-12-10,0.48299558268428183,Medium,Add to normal outreach queue,frequent 90-day buyer
2011-12-10,17227,3,465.57,445,3,155.19,18.547916666666666,United Kingdom,0.0,0.0,2011-12-10,0.4823759314176961,Medium,Add to normal outreach queue,frequent 90-day buyer
2011-12-10,15392,3,1196.55,875,3,398.84999999999997,4.540972222222222,United Kingdom,0.0,0.0,2011-12-10,0.482345619380468,Medium,Add to normal outreach queue,purchased in the last 14 days; frequent 90-day buyer
2011-12-10,16164,3,822.48,433,3,274.16,17.372222222222224,United Kingdom,1.0,0.002304147465437788,2011-12-10,0.48234020523009014,Medium,Add to normal outreach queue,frequent 90-day buyer
2011-12-10,17410,3,795.17,467,3,265.0566666666667,16.343055555555555,United Kingdom,0.0,0.0,2011-12-10,0.48219955813941573,Medium,Add to normal outreach queue,frequent 90-day buyer
2011-12-10,16892,4,422.56,162,3,105.64,1.4458333333333333,United Kingdom,3.0,0.01818181818181818,2011-12-10,0.4819989749729046,Medium,Add to normal outreach queue,purchased in the last 14 days; frequent 90-day buyer
2011-12-10,17754,3,1197.2,1025,3,399.06666666666666,0.5277777777777778,United Kingdom,0.0,0.0,2011-12-10,0.48198810963810385,Medium,Add to normal outreach queue,purchased in the last 14 days; frequent 90-day buyer
2011-12-10,14099,3,794.25,453,3,264.75,16.42152777777778,United Kingdom,0.0,0.0,2011-12-10,0.48187846393345346,Medium,Add to normal outreach queue,frequent 90-day buyer
2011-12-10,14359,3,912.18,371,3,304.06,19.446527777777778,United Kingdom,8.0,0.021108179419525065,2011-12-10,0.4817604775997208,Medium,Add to normal outreach queue,frequent 90-day buyer
2011-12-10,14116,3,753.87,327,3,251.29,19.563194444444445,United Kingdom,0.0,0.0,2011-12-10,0.48169188749124553,Medium,Add to normal outreach queue,frequent 90-day buyer
2011-12-10,15755,3,1219.42,803,3,406.47333333333336,10.377083333333333,United Kingdom,30.0,0.03601440576230492,2011-12-10,0.4815063400030078,Medium,Add to normal outreach queue,purchased in the last 14 days; frequent 90-day buyer
2011-12-10,17481,3,994.96,912,3,331.65333333333336,3.4805555555555556,United Kingdom,1.0,0.001095290251916758,2011-12-10,0.4808928164490514,Medium,Add to normal outreach queue,purchased in the last 14 days; frequent 90-day buyer
2011-12-10,13138,3,472.94,230,3,157.64666666666668,22.297916666666666,United Kingdom,0.0,0.0,2011-12-10,0.4805680312193828,Medium,Add to normal outreach queue,frequent 90-day buyer
2011-12-10,17564,3,454.01,146,3,151.33666666666667,24.439583333333335,United Kingdom,0.0,0.0,2011-12-10,0.4805427326557524,Medium,Add to normal outreach queue,frequent 90-day buyer
2011-12-10,17861,3,799.23,935,3,266.41,3.31875,United Kingdom,0.0,0.0,2011-12-10,0.4805009226531902,Medium,Add to normal outreach queue,purchased in the last 14 days; frequent 90-day buyer
2011-12-10,18059,3,306.46,258,3,102.15333333333332,23.299305555555556,United Kingdom,5.0,0.019011406844106463,2011-12-10,0.4802534297806491,Medium,Add to normal outreach queue,frequent 90-day buyer
2011-12-10,13418,3,1383.3,750,3,461.09999999999997,11.567361111111111,United Kingdom,41.0,0.051833122629582805,2011-12-10,0.48005161868053575,Medium,Add to normal outreach queue,purchased in the last 14 days; frequent 90-day buyer
2011-12-10,15267,3,309.6,240,3,103.2,22.334027777777777,United Kingdom,0.0,0.0,2011-12-10,0.48001774276167225,Medium,Add to normal outreach queue,frequent 90-day buyer
2011-12-10,17590,3,1477.97,827,3,492.6566666666667,2.4618055555555554,United Kingdom,0.0,0.0,2011-12-10,0.4800128889575127,Medium,Add to normal outreach queue,purchased in the last 14 days; frequent 90-day buyer
2011-12-10,14511,3,984.92,639,3,328.3066666666667,11.288194444444445,United Kingdom,12.0,0.018433179723502304,2011-12-10,0.4798361496210498,Medium,Add to normal outreach queue,purchased in the last 14 days; frequent 90-day buyer
2011-12-10,14546,3,1703.21,816,3,567.7366666666667,5.458333333333333,United Kingdom,25.0,0.029726516052318668,2011-12-10,0.4796661124987992,Medium,Add to normal outreach queue,purchased in the last 14 days; frequent 90-day buyer
2011-12-10,15858,3,622.63,442,3,207.54333333333332,15.466666666666667,United Kingdom,0.0,0.0,2011-12-10,0.47949968500903134,Medium,Add to normal outreach queue,frequent 90-day buyer
2011-12-10,13719,3,702.94,423,3,234.31333333333336,15.356944444444444,United Kingdom,0.0,0.0,2011-12-10,0.4792505233370949,Medium,Add to normal outreach queue,frequent 90-day buyer
2011-12-10,16009,3,530.52,170,3,176.84,22.297916666666666,United Kingdom,0.0,0.0,2011-12-10,0.4791284587922574,Medium,Add to normal outreach queue,frequent 90-day buyer
2011-12-10,16015,3,705.1,908,3,235.03333333333333,3.5430555555555556,United Kingdom,3.0,0.003293084522502744,2011-12-10,0.47890319574583046,Medium,Add to normal outreach queue,purchased in the last 14 days; frequent 90-day buyer
2011-12-10,13200,3,532.92,264,3,177.64,19.350694444444443,United Kingdom,0.0,0.0,2011-12-10,0.47840488819474064,Medium,Add to normal outreach queue,frequent 90-day buyer
2011-12-10,15745,3,791.74,294,3,263.91333333333336,19.427083333333332,United Kingdom,9.0,0.0297029702970297,2011-12-10,0.4783875039693818,Medium,Add to normal outreach queue,frequent 90-day buyer
2011-12-10,16670,3,855.93,404,3,285.31,16.601388888888888,United Kingdom,13.0,0.03117505995203837,2011-12-10,0.4779582421981435,Medium,Add to normal outreach queue,frequent 90-day buyer
2011-12-10,15916,3,679.56,362,3,226.51999999999998,16.426388888888887,United Kingdom,3.0,0.00821917808219178,2011-12-10,0.4778700656020601,Medium,Add to normal outreach queue,frequent 90-day buyer
2011-12-10,16966,3,668.4099999999999,661,3,222.80333333333328,8.430555555555555,United Kingdom,0.0,0.0,2011-12-10,0.4778312178399408,Medium,Add to normal outreach queue,purchased in the last 14 days; frequent 90-day buyer
2011-12-10,15984,3,988.9100000000001,885,3,329.6366666666667,2.488888888888889,United Kingdom,10.0,0.0111731843575419,2011-12-10,0.4772004728353837,Medium,Add to normal outreach queue,purchased in the last 14 days; frequent 90-day buyer
2011-12-10,14655,3,1121.67,567,3,373.89000000000004,8.313888888888888,United Kingdom,1.0,0.0017605633802816902,2011-12-10,0.47719367554829667,Medium,Add to normal outreach queue,purchased in the last 14 days; frequent 90-day buyer
2011-12-10,14820,3,367.52,166,3,122.50666666666666,21.346527777777776,United Kingdom,0.0,0.0,2011-12-10,0.47700576736151196,Medium,Add to normal outreach queue,frequent 90-day buyer
2011-12-10,13681,3,624.37,264,3,208.12333333333333,17.53263888888889,United Kingdom,0.0,0.0,2011-12-10,0.47675377482595915,Medium,Add to normal outreach queue,frequent 90-day buyer
2011-12-10,14395,3,1541.49,721,3,513.83,2.3930555555555557,United Kingdom,3.0,0.004143646408839779,2011-12-10,0.476588120384627,Medium,Add to normal outreach queue,purchased in the last 14 days; frequent 90-day buyer
2011-12-10,15023,3,1692.44,634,3,564.1466666666666,3.2756944444444445,United Kingdom,0.0,0.0,2011-12-10,0.47650289231818865,Medium,Add to normal outreach queue,purchased in the last 14 days; frequent 90-day buyer
2011-12-10,13999,3,1032.8400000000001,510,3,344.28000000000003,10.430555555555555,United Kingdom,7.0,0.013539651837524178,2011-12-10,0.4762385307145556,Medium,Add to normal outreach queue,purchased in the last 14 days; frequent 90-day buyer
2011-12-10,16157,3,656.69,347,3,218.89666666666668,15.513194444444444,United Kingdom,3.0,0.008571428571428572,2011-12-10,0.4762183318654073,Medium,Add to normal outreach queue,frequent 90-day buyer
2011-12-10,12948,3,640.99,281,3,213.66333333333333,16.28472222222222,United Kingdom,0.0,0.0,2011-12-10,0.47586681138727405,Medium,Add to normal outreach queue,frequent 90-day buyer
2011-12-10,14113,3,1406.92,643,3,468.97333333333336,3.4875,United Kingdom,1.0,0.0015527950310559005,2011-12-10,0.47526589352832327,Medium,Add to normal outreach queue,purchased in the last 14 days; frequent 90-day buyer
2011-12-10,14723,3,687.3,489,3,229.1,10.359027777777778,United Kingdom,0.0,0.0,2011-12-10,0.4751917127200301,Medium,Add to normal outreach queue,purchased in the last 14 days; frequent 90-day buyer
2011-12-10,14467,3,467.06,241,3,155.68666666666667,17.466666666666665,United Kingdom,0.0,0.0,2011-12-10,0.4751534184799765,Medium,Add to normal outreach queue,frequent 90-day buyer
2011-12-10,16241,3,821.73,495,3,273.91,9.536111111111111,United Kingdom,0.0,0.0,2011-12-10,0.47512325380591885,Medium,Add to normal outreach queue,purchased in the last 14 days; frequent 90-day buyer
2011-12-10,15081,3,256.75,77,3,85.58333333333333,22.28611111111111,United Kingdom,0.0,0.0,2011-12-10,0.47491878860407355,Medium,Add to normal outreach queue,frequent 90-day buyer
2011-12-10,15502,5,968.45,471,3,193.69,15.466666666666667,United Kingdom,327.0,0.40977443609022557,2011-12-10,0.4744967859103486,Medium,Add to normal outreach queue,frequent 90-day buyer
2011-12-10,13521,3,1092.3899999999999,733,3,364.12999999999994,1.4236111111111112,United Kingdom,0.0,0.0,2011-12-10,0.4739571749337452,Medium,Add to normal outreach queue,purchased in the last 14 days; frequent 90-day buyer
2011-12-10,17557,3,541.46,306,3,180.48666666666668,14.460416666666667,United Kingdom,0.0,0.0,2011-12-10,0.4739046944056718,Medium,Add to normal outreach queue,frequent 90-day buyer
2011-12-10,14732,3,1084.19,445,3,361.3966666666667,8.393055555555556,United Kingdom,1.0,0.002242152466367713,2011-12-10,0.4735089862460933,Medium,Add to normal outreach queue,purchased in the last 14 days; frequent 90-day buyer
2011-12-10,16900,3,882.1600000000001,832,3,294.05333333333334,16.56111111111111,United Kingdom,108.0,0.1148936170212766,2011-12-10,0.47338831667909365,Medium,Add to normal outreach queue,frequent 90-day buyer
2011-12-10,14543,3,360.22999999999996,79,3,120.07666666666665,28.46875,United Kingdom,19.0,0.19387755102040816,2011-12-10,0.4732295187110432,Medium,Add to normal outreach queue,frequent 90-day buyer
2011-12-10,17090,3,1232.18,560,3,410.7266666666667,4.427777777777778,United Kingdom,1.0,0.0017825311942959,2011-12-10,0.4730012966746508,Medium,Add to normal outreach queue,purchased in the last 14 days; frequent 90-day buyer
2011-12-10,12919,3,893.54,470,3,297.84666666666664,8.425694444444444,United Kingdom,3.0,0.006342494714587738,2011-12-10,0.47280260263752105,Medium,Add to normal outreach queue,purchased in the last 14 days; frequent 90-day buyer
2011-12-10,14659,3,888.38,428,3,296.12666666666667,8.488194444444444,United Kingdom,0.0,0.0,2011-12-10,0.4722941184065086,Medium,Add to normal outreach queue,purchased in the last 14 days; frequent 90-day buyer
2011-12-10,16533,3,1095.56,612,3,365.18666666666667,19.45277777777778,United Kingdom,98.0,0.13802816901408452,2011-12-10,0.47223084258652503,Medium,Add to normal outreach queue,frequent 90-day buyer
2011-12-10,15867,3,862.73,567,3,287.57666666666665,5.436111111111111,United Kingdom,2.0,0.0035149384885764497,2011-12-10,0.47218596478913105,Medium,Add to normal outreach queue,purchased in the last 14 days; frequent 90-day buyer
2011-12-10,17500,3,1138.0,17,3,379.3333333333333,17.399305555555557,United Kingdom,0.0,0.0,2011-12-10,0.47217291298526876,Medium,Add to normal outreach queue,frequent 90-day buyer
2011-12-10,15533,3,807.5699999999999,289,3,269.19,19.350694444444443,United Kingdom,33.0,0.10248447204968944,2011-12-10,0.47210556991957325,Medium,Add to normal outreach queue,frequent 90-day buyer
2011-12-10,16115,3,736.29,402,3,245.42999999999998,9.519444444444444,United Kingdom,0.0,0.0,2011-12-10,0.47192973006092165,Medium,Add to normal outreach queue,purchased in the last 14 days; frequent 90-day buyer
2011-12-10,17323,3,383.82,270,3,127.94,15.271527777777777,United Kingdom,4.0,0.014598540145985401,2011-12-10,0.4718516080395386,Medium,Add to normal outreach queue,frequent 90-day buyer
2011-12-10,14719,3,1114.01,634,3,371.33666666666664,1.4701388888888889,United Kingdom,1.0,0.0015748031496062992,2011-12-10,0.4710385565538118,Medium,Add to normal outreach queue,purchased in the last 14 days; frequent 90-day buyer
2011-12-10,17562,3,461.28,216,3,153.76,14.402083333333334,United Kingdom,0.0,0.0,2011-12-10,0.470778754292313,Medium,Add to normal outreach queue,frequent 90-day buyer
2011-12-10,14897,3,1190.88,346,3,396.96000000000004,7.561111111111111,United Kingdom,0.0,0.0,2011-12-10,0.4704472377655656,Medium,Add to normal outreach queue,purchased in the last 14 days; frequent 90-day buyer
2011-12-10,13808,3,1024.56,458,3,341.52,5.4875,United Kingdom,0.0,0.0,2011-12-10,0.4703669209696101,Medium,Add to normal outreach queue,purchased in the last 14 days; frequent 90-day buyer
2011-12-10,14608,3,1581.15,389,3,527.0500000000001,4.2972222222222225,United Kingdom,0.0,0.0,2011-12-10,0.4699628143207164,Medium,Add to normal outreach queue,purchased in the last 14 days; frequent 90-day buyer
2011-12-10,14824,3,685.8000000000001,308,3,228.60000000000002,10.402777777777779,United Kingdom,0.0,0.0,2011-12-10,0.46995892706974984,Medium,Add to normal outreach queue,purchased in the last 14 days; frequent 90-day buyer
2011-12-10,12820,3,771.88,576,3,257.29333333333335,3.3666666666666667,United Kingdom,0.0,0.0,2011-12-10,0.46993885322653606,Medium,Add to normal outreach queue,purchased in the last 14 days; frequent 90-day buyer
2011-12-10,17001,3,1196.08,598,3,398.6933333333333,0.5986111111111111,United Kingdom,0.0,0.0,2011-12-10,0.46961052422345695,Medium,Add to normal outreach queue,purchased in the last 14 days; frequent 90-day buyer
2011-12-10,15156,3,961.49,597,3,320.49666666666667,1.2347222222222223,United Kingdom,0.0,0.0,2011-12-10,0.4690629879987156,Medium,Add to normal outreach queue,purchased in the last 14 days; frequent 90-day buyer
2011-12-10,15399,3,815.77,611,3,271.92333333333335,1.4555555555555555,United Kingdom,0.0,0.0,2011-12-10,0.4689433762661198,Medium,Add to normal outreach queue,purchased in the last 14 days; frequent 90-day buyer
2011-12-10,15297,3,641.94,292,3,213.98000000000002,10.311111111111112,United Kingdom,2.0,0.006802721088435374,2011-12-10,0.468611792210577,Medium,Add to normal outreach queue,purchased in the last 14 days; frequent 90-day buyer
2011-12-10,17858,3,1499.41,308,3,499.80333333333334,5.502777777777778,United Kingdom,0.0,0.0,2011-12-10,0.46858228078580566,Medium,Add to normal outreach queue,purchased in the last 14 days; frequent 90-day buyer
2011-12-10,17812,3,514.61,206,3,171.53666666666666,12.509027777777778,United Kingdom,0.0,0.0,2011-12-10,0.46854463205200664,Medium,Add to normal outreach queue,purchased in the last 14 days; frequent 90-day buyer
2011-12-10,14440,3,1171.97,247,3,390.6566666666667,8.345833333333333,United Kingdom,0.0,0.0,2011-12-10,0.4683860005750689,Medium,Add to normal outreach queue,purchased in the last 14 days; frequent 90-day buyer
2011-12-10,14805,3,445.40000000000003,86,3,148.46666666666667,15.319444444444445,United Kingdom,0.0,0.0,2011-12-10,0.46798722430480505,Medium,Add to normal outreach queue,frequent 90-day buyer
2011-12-10,13950,3,565.75,242,3,188.58333333333334,11.386111111111111,United Kingdom,2.0,0.00819672131147541,2011-12-10,0.4679620200743734,Medium,Add to normal outreach queue,purchased in the last 14 days; frequent 90-day buyer
2011-12-10,12747,3,1426.6100000000001,413,3,475.5366666666667,2.3930555555555557,United Kingdom,0.0,0.0,2011-12-10,0.46758287374368984,Medium,Add to normal outreach queue,purchased in the last 14 days; frequent 90-day buyer
2011-12-10,16813,3,505.34000000000003,338,3,168.4466666666667,8.414583333333333,United Kingdom,0.0,0.0,2011-12-10,0.4675146585998308,Medium,Add to normal outreach queue,purchased in the last 14 days; frequent 90-day buyer
2011-12-10,13782,3,424.07,185,3,141.35666666666665,12.504166666666666,United Kingdom,0.0,0.0,2011-12-10,0.467438166580044,Medium,Add to normal outreach queue,purchased in the last 14 days; frequent 90-day buyer
2011-12-10,13069,4,561.4200000000001,720,3,140.35500000000002,0.6395833333333333,United Kingdom,165.0,0.1864406779661017,2011-12-10,0.4673154617462247,Medium,Add to normal outreach queue,purchased in the last 14 days; frequent 90-day buyer
2011-12-10,15864,3,978.46,634,3,326.15333333333336,22.43611111111111,United Kingdom,144.0,0.18508997429305912,2011-12-10,0.46723480689710184,Medium,Add to normal outreach queue,frequent 90-day buyer
2011-12-10,14878,3,402.52,175,3,134.17333333333332,12.53125,United Kingdom,0.0,0.0,2011-12-10,0.4670625079299602,Medium,Add to normal outreach queue,purchased in the last 14 days; frequent 90-day buyer
2011-12-10,12347,2,1519.1399999999999,868,2,759.5699999999999,2.338888888888889,Iceland,0.0,0.0,2011-12-10,0.46681649871944825,Medium,Add to normal outreach queue,purchased in the last 14 days
2011-12-10,16899,3,771.38,297,3,257.12666666666667,7.497916666666667,United Kingdom,0.0,0.0,2011-12-10,0.4666786290696151,Medium,Add to normal outreach queue,purchased in the last 14 days; frequent 90-day buyer
2011-12-10,15737,3,307.19,154,3,102.39666666666666,14.527083333333334,United Kingdom,5.0,0.031446540880503145,2011-12-10,0.46644535037906715,Medium,Add to normal outreach queue,frequent 90-day buyer
2011-12-10,18044,3,983.07,382,3,327.69,4.398611111111111,United Kingdom,1.0,0.0026109660574412533,2011-12-10,0.4664061045486509,Medium,Add to normal outreach queue,purchased in the last 14 days; frequent 90-day buyer
2011-12-10,14428,3,914.21,291,3,304.7366666666667,7.446527777777778,United Kingdom,4.0,0.013559322033898305,2011-12-10,0.4661453916615699,Medium,Add to normal outreach queue,purchased in the last 14 days; frequent 90-day buyer
2011-12-10,18144,3,723.2,279,3,241.0666666666667,7.468055555555556,United Kingdom,0.0,0.0,2011-12-10,0.4658593362987664,Medium,Add to normal outreach queue,purchased in the last 14 days; frequent 90-day buyer
2011-12-10,14446,3,731.74,555,3,243.91333333333333,0.5180555555555556,United Kingdom,0.0,0.0,2011-12-10,0.46575473892555375,Medium,Add to normal outreach queue,purchased in the last 14 days; frequent 90-day buyer
2011-12-10,17705,3,855.52,412,3,285.17333333333335,3.4270833333333335,United Kingdom,0.0,0.0,2011-12-10,0.46568667913778844,Medium,Add to normal outreach queue,purchased in the last 14 days; frequent 90-day buyer
2011-12-10,12877,3,476.53999999999996,473,3,158.84666666666666,3.5625,United Kingdom,0.0,0.0,2011-12-10,0.46557470088218567,Medium,Add to normal outreach queue,purchased in the last 14 days; frequent 90-day buyer
2011-12-10,15568,3,758.29,461,3,252.76333333333332,2.5229166666666667,United Kingdom,0.0,0.0,2011-12-10,0.4655230467514446,Medium,Add to normal outreach queue,purchased in the last 14 days; frequent 90-day buyer
2011-12-10,15380,3,1107.7000000000003,160,3,369.2333333333334,8.490972222222222,United Kingdom,2.0,0.012345679012345678,2011-12-10,0.4649488590882756,Medium,Add to normal outreach queue,purchased in the last 14 days; frequent 90-day buyer
2011-12-10,16672,3,1223.1,358,3,407.7,2.3131944444444446,United Kingdom,0.0,0.0,2011-12-10,0.46478890449975674,Medium,Add to normal outreach queue,purchased in the last 14 days; frequent 90-day buyer
2011-12-10,16775,3,521.11,157,3,173.70333333333335,10.359722222222222,United Kingdom,0.0,0.0,2011-12-10,0.4646223365785533,Medium,Add to normal outreach queue,purchased in the last 14 days; frequent 90-day buyer
2011-12-10,15453,3,675.57,483,3,225.19000000000003,1.542361111111111,United Kingdom,0.0,0.0,2011-12-10,0.46456227180097603,Medium,Add to normal outreach queue,purchased in the last 14 days; frequent 90-day buyer
2011-12-10,15701,3,685.14,444,3,228.38,2.3895833333333334,United Kingdom,0.0,0.0,2011-12-10,0.46447651803446627,Medium,Add to normal outreach queue,purchased in the last 14 days; frequent 90-day buyer
2011-12-10,15089,3,384.56,170,3,128.18666666666667,10.311805555555555,United Kingdom,0.0,0.0,2011-12-10,0.46420698147234796,Medium,Add to normal outreach queue,purchased in the last 14 days; frequent 90-day buyer
2011-12-10,13147,3,594.0,120,3,198.0,10.417361111111111,United Kingdom,0.0,0.0,2011-12-10,0.46400731599771583,Medium,Add to normal outreach queue,purchased in the last 14 days; frequent 90-day buyer
2011-12-10,17014,3,586.33,245,3,195.44333333333336,8.410416666666666,United Kingdom,5.0,0.02,2011-12-10,0.4637979823053879,Medium,Add to normal outreach queue,purchased in the last 14 days; frequent 90-day buyer
2011-12-10,15910,3,568.8199999999999,505,3,189.60666666666665,0.5479166666666667,United Kingdom,0.0,0.0,2011-12-10,0.46345572933249796,Medium,Add to normal outreach queue,purchased in the last 14 days; frequent 90-day buyer
2011-12-10,15373,3,729.01,146,3,243.00333333333333,8.371527777777779,United Kingdom,0.0,0.0,2011-12-10,0.4630849180021299,Medium,Add to normal outreach queue,purchased in the last 14 days; frequent 90-day buyer
2011-12-10,14180,3,489.6,84,3,163.20000000000002,10.544444444444444,United Kingdom,0.0,0.0,2011-12-10,0.4625465167454478,Medium,Add to normal outreach queue,purchased in the last 14 days; frequent 90-day buyer
2011-12-10,13104,3,722.04,324,3,240.67999999999998,3.451388888888889,United Kingdom,0.0,0.0,2011-12-10,0.46243507110386856,Medium,Add to normal outreach queue,purchased in the last 14 days; frequent 90-day buyer
2011-12-10,15796,3,1135.8400000000001,332,3,378.6133333333334,1.1701388888888888,United Kingdom,0.0,0.0,2011-12-10,0.46221686753420294,Medium,Add to normal outreach queue,purchased in the last 14 days; frequent 90-day buyer
2011-12-10,17412,3,548.24,380,3,182.74666666666667,2.5166666666666666,United Kingdom,0.0,0.0,2011-12-10,0.4620260813766739,Medium,Add to normal outreach queue,purchased in the last 14 days; frequent 90-day buyer
2011-12-10,14385,3,202.10999999999999,159,3,67.36999999999999,9.35,United Kingdom,0.0,0.0,2011-12-10,0.4617710935391115,Medium,Add to normal outreach queue,purchased in the last 14 days; frequent 90-day buyer
2011-12-10,14794,3,640.37,362,3,213.45666666666668,2.5756944444444443,United Kingdom,2.0,0.005494505494505495,2011-12-10,0.46157981253347335,Medium,Add to normal outreach queue,purchased in the last 14 days; frequent 90-day buyer
2011-12-10,17883,3,552.4200000000001,331,3,184.14000000000001,3.2576388888888888,United Kingdom,0.0,0.0,2011-12-10,0.46149569391565726,Medium,Add to normal outreach queue,purchased in the last 14 days; frequent 90-day buyer
2011-12-10,12826,3,656.1,337,3,218.70000000000002,2.5659722222222223,United Kingdom,0.0,0.0,2011-12-10,0.4614159583141905,Medium,Add to normal outreach queue,purchased in the last 14 days; frequent 90-day buyer
2011-12-10,12828,3,603.2,337,3,201.0666666666667,2.6354166666666665,United Kingdom,0.0,0.0,2011-12-10,0.46121230773548955,Medium,Add to normal outreach queue,purchased in the last 14 days; frequent 90-day buyer
2011-12-10,17554,3,702.56,354,3,234.18666666666664,1.40625,United Kingdom,0.0,0.0,2011-12-10,0.46079700089879144,Medium,Add to normal outreach queue,purchased in the last 14 days; frequent 90-day buyer
2011-12-10,17835,3,350.64,348,3,116.88,2.5083333333333333,United Kingdom,0.0,0.0,2011-12-10,0.46002070411961876,Medium,Add to normal outreach queue,purchased in the last 14 days; frequent 90-day buyer
2011-12-10,16851,3,342.45000000000005,271,3,114.15000000000002,4.436111111111111,United Kingdom,0.0,0.0,2011-12-10,0.4600053956826695,Medium,Add to normal outreach queue,purchased in the last 14 days; frequent 90-day buyer
2011-12-10,12827,3,430.15,197,3,143.38333333333333,5.488194444444445,United Kingdom,0.0,0.0,2011-12-10,0.45956496859677354,Medium,Add to normal outreach queue,purchased in the last 14 days; frequent 90-day buyer
2011-12-10,14836,3,102.44999999999999,45,3,34.15,10.302083333333334,United Kingdom,0.0,0.0,2011-12-10,0.4590406094462061,Medium,Add to normal outreach queue,purchased in the last 14 days; frequent 90-day buyer
2011-12-10,13318,3,640.76,304,3,213.58666666666667,1.2145833333333333,United Kingdom,0.0,0.0,2011-12-10,0.45878610547945287,Medium,Add to normal outreach queue,purchased in the last 14 days; frequent 90-day buyer
2011-12-10,12939,4,3591.7200000000003,1668,2,897.9300000000001,64.39375,United Kingdom,0.0,0.0,2011-12-10,0.45806486431968874,Medium,Add to normal outreach queue,frequent 90-day buyer
2011-12-10,15208,3,546.6,162,3,182.20000000000002,1.275,United Kingdom,2.0,0.012195121951219513,2011-12-10,0.4535092864613853,Medium,Add to normal outreach queue,purchased in the last 14 days; frequent 90-day buyer
2011-12-10,13079,3,160.60000000000002,52,3,53.53333333333334,4.2965277777777775,United Kingdom,0.0,0.0,2011-12-10,0.45250825154284396,Medium,Add to normal outreach queue,purchased in the last 14 days; frequent 90-day buyer
2011-12-10,14141,3,629.97,215,3,209.99,2.5881944444444445,United Kingdom,18.0,0.07725321888412018,2011-12-10,0.45239893170606216,Medium,Add to normal outreach queue,purchased in the last 14 days; frequent 90-day buyer
2011-12-10,13314,3,775.94,560,3,258.6466666666667,1.479861111111111,United Kingdom,76.0,0.11949685534591195,2011-12-10,0.45178805060673954,Medium,Add to normal outreach queue,purchased in the last 14 days; frequent 90-day buyer
2011-12-10,15344,3,563.9399999999999,116,3,187.98,0.5520833333333334,United Kingdom,10.0,0.07936507936507936,2011-12-10,0.4479099535784999,Medium,Add to normal outreach queue,purchased in the last 14 days; frequent 90-day buyer
2011-12-10,13394,3,976.57,917,3,325.52333333333337,1.5166666666666666,United Kingdom,176.0,0.16102470265324795,2011-12-10,0.44694245947776484,Medium,Add to normal outreach queue,purchased in the last 14 days; frequent 90-day buyer
2011-12-10,18198,3,998.17,583,3,332.7233333333333,4.382638888888889,United Kingdom,144.0,0.19807427785419532,2011-12-10,0.4442269257045454,Medium,Add to normal outreach queue,purchased in the last 14 days; frequent 90-day buyer
2011-12-10,13324,3,3322.96,2732,2,1107.6533333333334,36.31388888888889,United Kingdom,2.0,0.000731528895391368,2011-12-10,0.43938638179391626,Medium,Add to normal outreach queue,frequent 90-day buyer
2011-12-10,12536,1,4279.71,2801,1,4279.71,59.38055555555555,France,129.0,0.04402730375426621,2011-12-10,0.4321681252768283,Medium,Add to normal outreach queue,eligible customer with recent purchase history
2011-12-10,14944,5,2736.06,1116,2,547.212,29.618055555555557,United Kingdom,6.0,0.0053475935828877,2011-12-10,0.4233564853195906,Medium,Add to normal outreach queue,frequent 90-day buyer
2011-12-10,12906,5,2919.81,1749,2,583.962,11.586805555555555,United Kingdom,0.0,0.0,2011-12-10,0.42132864412461324,Medium,Add to normal outreach queue,purchased in the last 14 days; frequent 90-day buyer
2011-12-10,17340,4,4759.64,1959,2,1189.91,29.552083333333332,United Kingdom,47.0,0.023429710867397806,2011-12-10,0.41910936983706687,Medium,Add to normal outreach queue,frequent 90-day buyer
2011-12-10,12433,4,6927.09,5631,3,1731.7725,0.5819444444444445,Norway,0.0,0.0,2011-12-10,0.4171326367745112,Medium,Add to normal outreach queue,purchased in the last 14 days; frequent 90-day buyer
2011-12-10,14769,2,4185.16,2948,2,2092.58,2.566666666666667,United Kingdom,27.0,0.00907563025210084,2011-12-10,0.41379575928389234,Medium,Add to normal outreach queue,purchased in the last 14 days
2011-12-10,15382,2,3828.59,2384,2,1914.295,14.543055555555556,United Kingdom,0.0,0.0,2011-12-10,0.41075206732948466,Medium,Add to normal outreach queue,eligible customer with recent purchase history
2011-12-10,18065,6,980.6800000000001,436,2,163.4466666666667,5.5625,United Kingdom,0.0,0.0,2011-12-10,0.4093828231783383,Medium,Add to normal outreach queue,purchased in the last 14 days; frequent 90-day buyer
2011-12-10,12472,2,1518.51,1053,2,759.255,32.41597222222222,Germany,15.0,0.014044943820224719,2011-12-10,0.4058318876146843,Medium,Add to normal outreach queue,eligible customer with recent purchase history
2011-12-10,14164,2,1631.77,1033,2,815.885,70.48333333333333,United Kingdom,0.0,0.0,2011-12-10,0.40563853332342426,Medium,Add to normal outreach queue,eligible customer with recent purchase history
2011-12-10,16240,2,3718.8,1641,2,1859.4,24.395833333333332,United Kingdom,7.0,0.00424757281553398,2011-12-10,0.3983553963786781,Medium,Add to normal outreach queue,eligible customer with recent purchase history
2011-12-10,14286,2,2578.67,2340,2,1289.335,23.559722222222224,United Kingdom,32.0,0.013490725126475547,2011-12-10,0.3971895648445863,Medium,Add to normal outreach queue,eligible customer with recent purchase history
2011-12-10,13552,3,977.1600000000001,393,2,325.72,66.36180555555555,United Kingdom,3.0,0.007575757575757576,2011-12-10,0.3947229489050148,Medium,Add to normal outreach queue,frequent 90-day buyer
2011-12-10,17656,2,747.04,936,2,373.52,73.45555555555555,United Kingdom,0.0,0.0,2011-12-10,0.39393595117557617,Medium,Add to normal outreach queue,eligible customer with recent purchase history
2011-12-10,16160,2,1025.44,1162,2,512.72,65.40347222222222,United Kingdom,9.0,0.007685738684884714,2011-12-10,0.39347165977184395,Medium,Add to normal outreach queue,eligible customer with recent purchase history
2011-12-10,12700,2,2574.94,1579,2,1287.47,7.550694444444445,France,0.0,0.0,2011-12-10,0.3930600515278951,Medium,Add to normal outreach queue,purchased in the last 14 days
2011-12-10,15513,2,3406.0800000000004,1285,2,1703.0400000000002,33.391666666666666,United Kingdom,20.0,0.01532567049808429,2011-12-10,0.39199135790292167,Medium,Add to normal outreach queue,eligible customer with recent purchase history
2011-12-10,17164,4,1196.93,699,2,299.2325,32.61527777777778,United Kingdom,1.0,0.0014285714285714286,2011-12-10,0.3915250610174191,Medium,Add to normal outreach queue,frequent 90-day buyer
2011-12-10,12481,2,1332.56,934,2,666.28,22.646527777777777,Germany,0.0,0.0,2011-12-10,0.39145093323450797,Medium,Add to normal outreach queue,eligible customer with recent purchase history
2011-12-10,16081,2,1814.53,1001,2,907.265,56.454166666666666,United Kingdom,0.0,0.0,2011-12-10,0.39138045488340717,Medium,Add to normal outreach queue,eligible customer with recent purchase history
2011-12-10,14306,2,2093.32,1075,2,1046.66,51.44236111111111,United Kingdom,2.0,0.0018570102135561746,2011-12-10,0.3913101958191299,Medium,Add to normal outreach queue,eligible customer with recent purchase history
2011-12-10,16843,3,1387.33,1125,2,462.4433333333333,42.62083333333333,United Kingdom,0.0,0.0,2011-12-10,0.391154103284683,Medium,Add to normal outreach queue,frequent 90-day buyer
2011-12-10,17863,2,1374.72,1021,2,687.36,59.427083333333336,United Kingdom,0.0,0.0,2011-12-10,0.38919339756266025,Medium,Add to normal outreach queue,eligible customer with recent purchase history
2011-12-10,16029,11,26720.7,14682,7,2429.1545454545453,38.56458333333333,United Kingdom,7644.0,0.34238108035474335,2011-12-10,0.3887004671004244,Medium,Add to normal outreach queue,frequent 90-day buyer
2011-12-10,15301,3,1322.55,753,2,440.84999999999997,50.58541666666667,United Kingdom,4.0,0.005284015852047556,2011-12-10,0.3886876924453346,Medium,Add to normal outreach queue,frequent 90-day buyer
2011-12-10,15505,2,1519.8200000000002,1426,2,759.9100000000001,52.669444444444444,United Kingdom,42.0,0.02861035422343324,2011-12-10,0.38791337807176324,Medium,Add to normal outreach queue,eligible customer with recent purchase history
2011-12-10,12524,2,1201.24,1400,2,600.62,9.353472222222223,Germany,0.0,0.0,2011-12-10,0.38763653675614795,Medium,Add to normal outreach queue,purchased in the last 14 days
2011-12-10,12627,2,1570.85,1165,2,785.425,10.495138888888889,Germany,0.0,0.0,2011-12-10,0.38750094130979185,Medium,Add to normal outreach queue,purchased in the last 14 days
2011-12-10,13431,2,1269.1,672,2,634.55,67.42430555555555,United Kingdom,0.0,0.0,2011-12-10,0.3870266373695591,Medium,Add to normal outreach queue,eligible customer with recent purchase history
2011-12-10,12630,2,1030.88,542,2,515.44,9.55,Finland,0.0,0.0,2011-12-10,0.386868687439427,Medium,Add to normal outreach queue,purchased in the last 14 days
2011-12-10,17107,3,4481.37,2405,2,1493.79,33.40694444444444,United Kingdom,300.0,0.11090573012939002,2011-12-10,0.38582629183027994,Medium,Add to normal outreach queue,frequent 90-day buyer
2011-12-10,12726,2,1051.78,1196,2,525.89,28.43402777777778,France,0.0,0.0,2011-12-10,0.3848304484696753,Medium,Add to normal outreach queue,eligible customer with recent purchase history
2011-12-10,12822,2,948.88,550,2,474.44,70.58055555555555,United Kingdom,2.0,0.0036231884057971015,2011-12-10,0.38236868095513693,Medium,Add to normal outreach queue,eligible customer with recent purchase history
2011-12-10,17679,2,1992.1100000000001,729,2,996.0550000000001,52.678472222222226,United Kingdom,0.0,0.0,2011-12-10,0.3820501235421202,Medium,Add to normal outreach queue,eligible customer with recent purchase history
2011-12-10,13842,2,1220.35,875,2,610.175,58.547916666666666,United Kingdom,0.0,0.0,2011-12-10,0.3820340104453457,Medium,Add to normal outreach queue,eligible customer with recent purchase history
2011-12-10,13868,2,3192.54,1964,2,1596.27,7.311111111111111,United Kingdom,0.0,0.0,2011-12-10,0.3819650014611875,Medium,Add to normal outreach queue,purchased in the last 14 days
2011-12-10,12498,3,349.70000000000005,156,2,116.56666666666668,21.463194444444444,Germany,0.0,0.0,2011-12-10,0.381715125920815,Medium,Add to normal outreach queue,frequent 90-day buyer
2011-12-10,13316,2,2197.75,1231,2,1098.875,37.43055555555556,United Kingdom,0.0,0.0,2011-12-10,0.3817033887566491,Medium,Add to normal outreach queue,eligible customer with recent purchase history
2011-12-10,16928,2,444.04999999999995,341,2,222.02499999999998,80.36805555555556,United Kingdom,0.0,0.0,2011-12-10,0.3809985920664984,Medium,Add to normal outreach queue,eligible customer with recent purchase history
2011-12-10,15841,2,610.8000000000001,576,2,305.40000000000003,72.48958333333333,United Kingdom,4.0,0.006896551724137931,2011-12-10,0.3801839469238916,Medium,Add to normal outreach queue,eligible customer with recent purchase history
2011-12-10,16912,4,1017.0,440,2,254.25,28.4875,United Kingdom,1.0,0.0022675736961451248,2011-12-10,0.37954778889421115,Medium,Add to normal outreach queue,frequent 90-day buyer
2011-12-10,17396,2,2529.0,900,2,1264.5,39.40833333333333,United Kingdom,0.0,0.0,2011-12-10,0.37932840801361034,Medium,Add to normal outreach queue,eligible customer with recent purchase history
2011-12-10,14356,2,701.23,277,2,350.615,79.6125,United Kingdom,11.0,0.03819444444444445,2011-12-10,0.37910486987902076,Medium,Add to normal outreach queue,eligible customer with recent purchase history
2011-12-10,15427,3,1483.1399999999999,1013,2,494.37999999999994,33.39652777777778,United Kingdom,0.0,0.0,2011-12-10,0.37821536000582784,Medium,Add to normal outreach queue,frequent 90-day buyer
2011-12-10,15807,3,903.9000000000001,430,2,301.3,50.40972222222222,United Kingdom,0.0,0.0,2011-12-10,0.3781554335560602,Medium,Add to normal outreach queue,frequent 90-day buyer
2011-12-10,14524,4,814.96,253,2,203.74,31.479861111111113,United Kingdom,0.0,0.0,2011-12-10,0.37778504839103333,Medium,Add to normal outreach queue,frequent 90-day buyer
2011-12-10,13815,2,977.61,591,2,488.805,22.403472222222224,Germany,0.0,0.0,2011-12-10,0.37680275312465505,Medium,Add to normal outreach queue,eligible customer with recent purchase history
2011-12-10,12451,3,3687.7,2469,3,1229.2333333333333,10.63888888888889,Switzerland,0.0,0.0,2011-12-10,0.3766081962131791,Medium,Add to normal outreach queue,purchased in the last 14 days; frequent 90-day buyer
2011-12-10,13812,2,224.26,140,2,112.13,42.39791666666667,Germany,0.0,0.0,2011-12-10,0.3763370371532545,Medium,Add to normal outreach queue,eligible customer with recent purchase history
2011-12-10,12721,2,885.22,822,2,442.61,31.490972222222222,France,0.0,0.0,2011-12-10,0.37564709711398103,Medium,Add to normal outreach queue,eligible customer with recent purchase history
2011-12-10,12517,2,874.14,525,2,437.07,28.41875,Germany,23.0,0.041970802919708027,2011-12-10,0.3756390820105067,Medium,Add to normal outreach queue,eligible customer with recent purchase history
2011-12-10,15676,2,2537.96,1697,2,1268.98,18.47222222222222,United Kingdom,17.0,0.009918319719953326,2011-12-10,0.3753517617755742,Medium,Add to normal outreach queue,eligible customer with recent purchase history
2011-12-10,15622,4,1107.56,449,2,276.89,43.30277777777778,United Kingdom,107.0,0.19244604316546762,2011-12-10,0.37513580900273197,Medium,Add to normal outreach queue,frequent 90-day buyer
2011-12-10,13321,2,567.36,372,2,283.68,72.35833333333333,United Kingdom,0.0,0.0,2011-12-10,0.37462888494581187,Medium,Add to normal outreach queue,eligible customer with recent purchase history
2011-12-10,16000,3,12393.7,5110,1,4131.233333333334,2.4881944444444444,United Kingdom,0.0,0.0,2011-12-10,0.3745379064875644,Medium,Add to normal outreach queue,purchased in the last 14 days; frequent 90-day buyer
2011-12-10,13136,2,1380.9299999999998,651,2,690.4649999999999,56.42986111111111,United Kingdom,9.0,0.013636363636363636,2011-12-10,0.3739964968942155,Medium,Add to normal outreach queue,eligible customer with recent purchase history
2011-12-10,16873,2,3252.1499999999996,1785,2,1626.0749999999998,4.496527777777778,United Kingdom,5.0,0.002793296089385475,2011-12-10,0.3739301069594074,Medium,Add to normal outreach queue,purchased in the last 14 days
2011-12-10,13810,2,827.51,307,2,413.755,28.64375,Germany,0.0,0.0,2011-12-10,0.37388982800052467,Medium,Add to normal outreach queue,eligible customer with recent purchase history
2011-12-10,12679,2,152.64000000000001,144,2,76.32000000000001,58.479166666666664,France,9.0,0.058823529411764705,2011-12-10,0.3738057875642104,Medium,Add to normal outreach queue,eligible customer with recent purchase history
2011-12-10,12522,2,156.72,192,2,78.36,39.354166666666664,Germany,0.0,0.0,2011-12-10,0.37346595294421925,Medium,Add to normal outreach queue,eligible customer with recent purchase history
2011-12-10,16681,2,437.66,357,2,218.83,72.53402777777778,United Kingdom,0.0,0.0,2011-12-10,0.37264627788921173,Medium,Add to normal outreach queue,eligible customer with recent purchase history
2011-12-10,14856,3,1311.38,714,2,437.1266666666667,36.37986111111111,United Kingdom,0.0,0.0,2011-12-10,0.37245218729340057,Medium,Add to normal outreach queue,frequent 90-day buyer
2011-12-10,14258,2,2986.66,1620,2,1493.33,9.35625,United Kingdom,0.0,0.0,2011-12-10,0.3719748477282526,Medium,Add to normal outreach queue,purchased in the last 14 days
2011-12-10,14146,3,2287.2700000000004,1626,2,762.4233333333335,8.570833333333333,United Kingdom,0.0,0.0,2011-12-10,0.37157820555282106,Medium,Add to normal outreach queue,purchased in the last 14 days; frequent 90-day buyer
2011-12-10,15253,4,744.35,655,2,186.0875,16.318055555555556,United Kingdom,2.0,0.0030441400304414,2011-12-10,0.3715539484804983,Medium,Add to normal outreach queue,frequent 90-day buyer
2011-12-10,16689,2,422.6,330,2,211.3,75.51458333333333,United Kingdom,18.0,0.05172413793103448,2011-12-10,0.37078459588604995,Medium,Add to normal outreach queue,eligible customer with recent purchase history
2011-12-10,14004,2,1379.38,992,2,689.69,43.388888888888886,United Kingdom,0.0,0.0,2011-12-10,0.3705838998477081,Medium,Add to normal outreach queue,eligible customer with recent purchase history
2011-12-10,15050,3,1770.19,1222,2,590.0633333333334,25.321527777777778,United Kingdom,40.0,0.03169572107765452,2011-12-10,0.3697896403000414,Medium,Add to normal outreach queue,frequent 90-day buyer
2011-12-10,16389,2,711.9,935,2,355.95,53.388194444444444,United Kingdom,12.0,0.012671594508975714,2011-12-10,0.3689111381368408,Medium,Add to normal outreach queue,eligible customer with recent purchase history
2011-12-10,17370,2,218.12,322,2,109.06,72.5736111111111,United Kingdom,0.0,0.0,2011-12-10,0.36875438851217046,Medium,Add to normal outreach queue,eligible customer with recent purchase history
2011-12-10,12883,4,703.47,196,2,175.8675,24.602777777777778,United Kingdom,0.0,0.0,2011-12-10,0.368524418314287,Medium,Add to normal outreach queue,frequent 90-day buyer
2011-12-10,18287,2,1072.0,1098,2,536.0,42.60486111111111,United Kingdom,0.0,0.0,2011-12-10,0.3684400932528602,Medium,Add to normal outreach queue,eligible customer with recent purchase history
2011-12-10,12600,2,590.48,226,2,295.24,28.563194444444445,Germany,0.0,0.0,2011-12-10,0.36837024752774666,Medium,Add to normal outreach queue,eligible customer with recent purchase history
2011-12-10,14971,3,1116.57,644,2,372.19,35.28680555555555,United Kingdom,0.0,0.0,2011-12-10,0.36835087472183786,Medium,Add to normal outreach queue,frequent 90-day buyer
2011-12-10,16293,4,794.6600000000001,339,2,198.66500000000002,21.584722222222222,United Kingdom,4.0,0.011661807580174927,2011-12-10,0.36822815929948144,Medium,Add to normal outreach queue,frequent 90-day buyer
2011-12-10,17092,2,1144.71,740,2,572.355,50.172916666666666,United Kingdom,0.0,0.0,2011-12-10,0.36801472305720384,Medium,Add to normal outreach queue,eligible customer with recent purchase history
2011-12-10,17724,2,659.9,222,2,329.95,71.35694444444445,United Kingdom,11.0,0.04721030042918455,2011-12-10,0.36760379961100526,Medium,Add to normal outreach queue,eligible customer with recent purchase history
2011-12-10,13658,4,1682.07,715,2,420.5175,9.574305555555556,United Kingdom,0.0,0.0,2011-12-10,0.36689004993524793,Medium,Add to normal outreach queue,purchased in the last 14 days; frequent 90-day buyer
2011-12-10,16395,2,519.65,579,2,259.825,60.46527777777778,United Kingdom,0.0,0.0,2011-12-10,0.3665024675167019,Medium,Add to normal outreach queue,eligible customer with recent purchase history
2011-12-10,12642,2,574.81,271,2,287.405,25.372916666666665,Germany,0.0,0.0,2011-12-10,0.3658738444528575,Medium,Add to normal outreach queue,eligible customer with recent purchase history
2011-12-10,17552,2,631.89,575,2,315.945,60.291666666666664,United Kingdom,10.0,0.017094017094017096,2011-12-10,0.3657708969207174,Medium,Add to normal outreach queue,eligible customer with recent purchase history
2011-12-10,18035,3,730.4,611,2,243.46666666666667,35.47291666666667,United Kingdom,0.0,0.0,2011-12-10,0.3657117274629716,Medium,Add to normal outreach queue,frequent 90-day buyer
2011-12-10,12417,2,742.58,317,2,371.29,3.3805555555555555,Belgium,1.0,0.0031446540880503146,2011-12-10,0.3654799838625692,Medium,Add to normal outreach queue,purchased in the last 14 days
2011-12-10,17609,3,569.53,427,2,189.84333333333333,40.480555555555554,United Kingdom,0.0,0.0,2011-12-10,0.3654064005030015,Medium,Add to normal outreach queue,frequent 90-day buyer
2011-12-10,17015,2,1318.06,1432,2,659.03,28.552083333333332,United Kingdom,0.0,0.0,2011-12-10,0.3653948066058811,Medium,Add to normal outreach queue,eligible customer with recent purchase history
2011-12-10,16007,2,968.49,810,2,484.245,47.53819444444444,United Kingdom,0.0,0.0,2011-12-10,0.36464051007022724,Medium,Add to normal outreach queue,eligible customer with recent purchase history
2011-12-10,13627,2,611.47,494,2,305.735,59.40277777777778,United Kingdom,2.0,0.004032258064516129,2011-12-10,0.36386210101691785,Medium,Add to normal outreach queue,eligible customer with recent purchase history
2011-12-10,14462,2,469.92,278,2,234.96,66.33680555555556,United Kingdom,1.0,0.0035842293906810036,2011-12-10,0.36385573501016855,Medium,Add to normal outreach queue,eligible customer with recent purchase history
2011-12-10,15762,2,583.75,251,2,291.875,65.32291666666667,United Kingdom,0.0,0.0,2011-12-10,0.3638027828792843,Medium,Add to normal outreach queue,eligible customer with recent purchase history
2011-12-10,18145,2,1837.77,1762,2,918.885,12.526388888888889,United Kingdom,0.0,0.0,2011-12-10,0.3637762544387655,Medium,Add to normal outreach queue,purchased in the last 14 days
2011-12-10,16717,2,2298.72,1110,2,1149.36,23.488888888888887,United Kingdom,5.0,0.004484304932735426,2011-12-10,0.36350177179904364,Medium,Add to normal outreach queue,eligible customer with recent purchase history
2011-12-10,16986,2,1873.2,1040,2,936.6,29.50347222222222,United Kingdom,0.0,0.0,2011-12-10,0.3633021289365241,Medium,Add to normal outreach queue,eligible customer with recent purchase history
2011-12-10,14841,2,920.19,543,2,460.095,53.37291666666667,United Kingdom,0.0,0.0,2011-12-10,0.3631521383533727,Medium,Add to normal outreach queue,eligible customer with recent purchase history
2011-12-10,15241,2,411.58000000000004,260,2,205.79000000000002,66.62152777777777,United Kingdom,0.0,0.0,2011-12-10,0.3631496485751425,Medium,Add to normal outreach queue,eligible customer with recent purchase history
2011-12-10,16059,2,508.56,251,2,254.28,65.58611111111111,United Kingdom,0.0,0.0,2011-12-10,0.36307849433127404,Medium,Add to normal outreach queue,eligible customer with recent purchase history
2011-12-10,16609,2,2783.42,1175,2,1391.71,15.436111111111112,United Kingdom,8.0,0.006762468300929839,2011-12-10,0.3624815619971995,Medium,Add to normal outreach queue,eligible customer with recent purchase history
2011-12-10,18257,3,774.76,320,2,258.25333333333333,39.38333333333333,United Kingdom,0.0,0.0,2011-12-10,0.3623390192577174,Medium,Add to normal outreach queue,frequent 90-day buyer
2011-12-10,16918,3,246.12,159,2,82.04,49.46527777777778,United Kingdom,13.0,0.0755813953488372,2011-12-10,0.36211494817195955,Medium,Add to normal outreach queue,frequent 90-day buyer
2011-12-10,16341,3,1174.22,864,2,391.4066666666667,24.616666666666667,United Kingdom,5.0,0.005753739930955121,2011-12-10,0.3620189542577677,Medium,Add to normal outreach queue,frequent 90-day buyer
2011-12-10,12712,2,357.65000000000003,104,2,178.82500000000002,28.653472222222224,Germany,1.0,0.009523809523809525,2011-12-10,0.36157408867812807,Medium,Add to normal outreach queue,eligible customer with recent purchase history
2011-12-10,13265,2,642.0,614,2,321.0,53.37361111111111,United Kingdom,0.0,0.0,2011-12-10,0.3613308781492994,Medium,Add to normal outreach queue,eligible customer with recent purchase history
2011-12-10,14005,2,2178.16,1614,2,1089.08,9.471527777777778,United Kingdom,0.0,0.0,2011-12-10,0.36101422636335134,Medium,Add to normal outreach queue,purchased in the last 14 days
2011-12-10,13804,3,1092.3799999999999,563,2,364.1266666666666,30.477777777777778,United Kingdom,0.0,0.0,2011-12-10,0.36076359374605144,Medium,Add to normal outreach queue,frequent 90-day buyer
2011-12-10,13523,2,1595.6399999999999,924,2,797.8199999999999,33.36736111111111,United Kingdom,0.0,0.0,2011-12-10,0.3606605302605081,Medium,Add to normal outreach queue,eligible customer with recent purchase history
2011-12-10,13816,2,499.67,265,2,249.835,23.64027777777778,Germany,9.0,0.032846715328467155,2011-12-10,0.36049209258909615,Medium,Add to normal outreach queue,eligible customer with recent purchase history
2011-12-10,16136,2,550.08,374,2,275.04,59.61805555555556,United Kingdom,0.0,0.0,2011-12-10,0.3604377866687982,Medium,Add to normal outreach queue,eligible customer with recent purchase history
2011-12-10,12464,2,341.5,25,2,170.75,10.435416666666667,Belgium,0.0,0.0,2011-12-10,0.36014625898489705,Medium,Add to normal outreach queue,purchased in the last 14 days
2011-12-10,14261,2,1163.45,406,2,581.725,50.580555555555556,United Kingdom,0.0,0.0,2011-12-10,0.359672283217867,Medium,Add to normal outreach queue,eligible customer with recent purchase history
2011-12-10,12940,2,913.54,411,2,456.77,54.49375,United Kingdom,5.0,0.01201923076923077,2011-12-10,0.35964308913142984,Medium,Add to normal outreach queue,eligible customer with recent purchase history
2011-12-10,17416,2,1598.9299999999998,1019,2,799.4649999999999,29.46736111111111,United Kingdom,0.0,0.0,2011-12-10,0.3590131672018361,Medium,Add to normal outreach queue,eligible customer with recent purchase history
2011-12-10,13941,2,2281.7,982,2,1140.85,21.59513888888889,United Kingdom,0.0,0.0,2011-12-10,0.3585899949505394,Medium,Add to normal outreach queue,eligible customer with recent purchase history
2011-12-10,15272,2,715.99,309,2,357.995,57.45902777777778,United Kingdom,0.0,0.0,2011-12-10,0.3585583950060081,Medium,Add to normal outreach queue,eligible customer with recent purchase history
2011-12-10,15330,2,714.96,1312,2,357.48,32.25694444444444,United Kingdom,0.0,0.0,2011-12-10,0.3580979268494286,Medium,Add to normal outreach queue,eligible customer with recent purchase history
2011-12-10,14529,2,484.8,264,2,242.4,60.35625,United Kingdom,0.0,0.0,2011-12-10,0.35740708301500407,Medium,Add to normal outreach queue,eligible customer with recent purchase history
2011-12-10,14360,3,993.54,406,2,331.18,31.616666666666667,United Kingdom,0.0,0.0,2011-12-10,0.3572845112365877,Medium,Add to normal outreach queue,frequent 90-day buyer
2011-12-10,15478,2,1441.42,585,2,720.71,40.40347222222222,United Kingdom,0.0,0.0,2011-12-10,0.3571331295592483,Medium,Add to normal outreach queue,eligible customer with recent purchase history
2011-12-10,18008,2,50.78,64,2,25.39,70.36319444444445,United Kingdom,0.0,0.0,2011-12-10,0.3571083465019993,Medium,Add to normal outreach queue,eligible customer with recent purchase history
2011-12-10,12683,2,1656.38,991,2,828.19,4.313888888888889,France,22.0,0.02171767028627838,2011-12-10,0.3570337741944252,Medium,Add to normal outreach queue,purchased in the last 14 days
2011-12-10,13032,2,1010.1800000000001,375,2,505.09000000000003,52.3375,United Kingdom,8.0,0.020887728459530026,2011-12-10,0.35692316786220324,Medium,Add to normal outreach queue,eligible customer with recent purchase history
2011-12-10,17461,3,757.46,799,2,252.48666666666668,22.56875,United Kingdom,0.0,0.0,2011-12-10,0.3568317253652359,Medium,Add to normal outreach queue,frequent 90-day buyer
2011-12-10,14250,3,1904.05,1200,2,634.6833333333333,7.395833333333333,United Kingdom,0.0,0.0,2011-12-10,0.3568294094847671,Medium,Add to normal outreach queue,purchased in the last 14 days; frequent 90-day buyer
2011-12-10,14329,3,1529.8100000000002,911,2,509.9366666666667,17.34027777777778,United Kingdom,8.0,0.008705114254624592,2011-12-10,0.3566252651844829,Medium,Add to normal outreach queue,frequent 90-day buyer
2011-12-10,15516,3,62.43,27,2,20.81,44.547916666666666,United Kingdom,0.0,0.0,2011-12-10,0.35651625094909534,Medium,Add to normal outreach queue,frequent 90-day buyer
2011-12-10,17934,2,704.25,478,2,352.125,51.53055555555556,United Kingdom,0.0,0.0,2011-12-10,0.3564980590203086,Medium,Add to normal outreach queue,eligible customer with recent purchase history
2011-12-10,16354,2,395.8,150,2,197.9,63.397222222222226,United Kingdom,0.0,0.0,2011-12-10,0.35646056222697875,Medium,Add to normal outreach queue,eligible customer with recent purchase history
2011-12-10,12572,2,912.4200000000001,446,2,456.21000000000004,8.61111111111111,Germany,2.0,0.004464285714285714,2011-12-10,0.35640989937030854,Medium,Add to normal outreach queue,purchased in the last 14 days
2011-12-10,18228,2,779.9,238,2,389.95,56.610416666666666,United Kingdom,2.0,0.008333333333333333,2011-12-10,0.35604029296866146,Medium,Add to normal outreach queue,eligible customer with recent purchase history
2011-12-10,13895,2,1655.77,929,2,827.885,28.29375,United Kingdom,1.0,0.001075268817204301,2011-12-10,0.35590741330467307,Medium,Add to normal outreach queue,eligible customer with recent purchase history
2011-12-10,14412,2,770.03,786,2,385.015,42.552083333333336,United Kingdom,2.0,0.0025380710659898475,2011-12-10,0.35553768532471464,Medium,Add to normal outreach queue,eligible customer with recent purchase history
2011-12-10,15608,3,808.0,484,2,269.3333333333333,28.444444444444443,United Kingdom,0.0,0.0,2011-12-10,0.35501109445831874,Medium,Add to normal outreach queue,frequent 90-day buyer
2011-12-10,15787,3,948.0500000000001,540,2,316.0166666666667,26.37847222222222,United Kingdom,0.0,0.0,2011-12-10,0.35496837954734445,Medium,Add to normal outreach queue,frequent 90-day buyer
2011-12-10,13527,3,921.09,402,2,307.03000000000003,33.49722222222222,United Kingdom,19.0,0.04513064133016627,2011-12-10,0.35479428032428945,Medium,Add to normal outreach queue,frequent 90-day buyer
2011-12-10,14227,3,951.44,541,2,317.1466666666667,26.341666666666665,United Kingdom,3.0,0.0055147058823529415,2011-12-10,0.35438330794879275,Medium,Add to normal outreach queue,frequent 90-day buyer
2011-12-10,17997,2,250.70999999999998,238,2,125.35499999999999,74.32430555555555,United Kingdom,59.0,0.19865319865319866,2011-12-10,0.3542500638430485,Medium,Add to normal outreach queue,eligible customer with recent purchase history
2011-12-10,15365,5,1353.04,680,2,270.608,25.646527777777777,United Kingdom,325.0,0.32338308457711445,2011-12-10,0.3533205745351005,Medium,Add to normal outreach queue,frequent 90-day buyer
2011-12-10,14201,2,226.2,230,2,113.1,60.43958333333333,United Kingdom,0.0,0.0,2011-12-10,0.3531392339337365,Medium,Add to normal outreach queue,eligible customer with recent purchase history
2011-12-10,12620,2,741.75,745,2,370.875,14.569444444444445,France,0.0,0.0,2011-12-10,0.3530888992847787,Medium,Add to normal outreach queue,eligible customer with recent purchase history
2011-12-10,15801,2,926.73,500,2,463.365,46.422222222222224,United Kingdom,8.0,0.015748031496062992,2011-12-10,0.3529146295153011,Medium,Add to normal outreach queue,eligible customer with recent purchase history
2011-12-10,14221,2,815.79,645,2,407.895,42.42916666666667,United Kingdom,0.0,0.0,2011-12-10,0.3525981314819056,Medium,Add to normal outreach queue,eligible customer with recent purchase history
2011-12-10,14997,2,390.91999999999996,808,2,195.45999999999998,46.43888888888889,United Kingdom,18.0,0.021791767554479417,2011-12-10,0.3524731689768097,Medium,Add to normal outreach queue,eligible customer with recent purchase history
2011-12-10,18226,2,977.02,520,2,488.51,44.43333333333333,United Kingdom,6.0,0.011406844106463879,2011-12-10,0.3523811443305577,Medium,Add to normal outreach queue,eligible customer with recent purchase history
2011-12-10,15060,4,301.84,262,2,75.46,8.425694444444444,United Kingdom,0.0,0.0,2011-12-10,0.352340695212086,Medium,Add to normal outreach queue,purchased in the last 14 days; frequent 90-day buyer
2011-12-10,12656,2,1104.5,436,2,552.25,17.429166666666667,France,2.0,0.0045662100456621,2011-12-10,0.35232743277523904,Medium,Add to normal outreach queue,eligible customer with recent purchase history
2011-12-10,17214,2,455.45000000000005,97,2,227.72500000000002,60.446527777777774,United Kingdom,1.0,0.01020408163265306,2011-12-10,0.3521788763607185,Medium,Add to normal outreach queue,eligible customer with recent purchase history
2011-12-10,15240,2,661.19,614,2,330.595,44.59027777777778,United Kingdom,0.0,0.0,2011-12-10,0.35205102947896705,Medium,Add to normal outreach queue,eligible customer with recent purchase history
2011-12-10,15140,2,626.14,306,2,313.07,52.41180555555555,United Kingdom,0.0,0.0,2011-12-10,0.35181087534471267,Medium,Add to normal outreach queue,eligible customer with recent purchase history
2011-12-10,14780,2,447.68,310,2,223.84,54.46805555555556,United Kingdom,0.0,0.0,2011-12-10,0.3517677932105064,Medium,Add to normal outreach queue,eligible customer with recent purchase history
2011-12-10,16837,2,1259.24,836,2,629.62,31.397916666666667,United Kingdom,0.0,0.0,2011-12-10,0.3516742889434275,Medium,Add to normal outreach queue,eligible customer with recent purchase history
2011-12-10,17669,2,973.5,518,2,486.75,42.62986111111111,United Kingdom,0.0,0.0,2011-12-10,0.3515202892216628,Medium,Add to normal outreach queue,eligible customer with recent purchase history
2011-12-10,12670,2,1253.58,630,2,626.79,10.359027777777778,France,6.0,0.009433962264150943,2011-12-10,0.35114837966810186,Medium,Add to normal outreach queue,purchased in the last 14 days
2011-12-10,14691,3,839.6500000000001,243,2,279.8833333333334,30.479166666666668,United Kingdom,0.0,0.0,2011-12-10,0.350929560082934,Medium,Add to normal outreach queue,frequent 90-day buyer
2011-12-10,15660,3,716.52,472,2,238.84,25.293055555555554,United Kingdom,0.0,0.0,2011-12-10,0.35083191685640025,Medium,Add to normal outreach queue,frequent 90-day buyer
2011-12-10,17272,2,739.1899999999999,617,2,369.59499999999997,42.30763888888889,United Kingdom,0.0,0.0,2011-12-10,0.35070399555655757,Medium,Add to normal outreach queue,eligible customer with recent purchase history
2011-12-10,13196,3,1285.6499999999999,904,2,428.54999999999995,11.420833333333333,United Kingdom,0.0,0.0,2011-12-10,0.3502029780584286,Medium,Add to normal outreach queue,purchased in the last 14 days; frequent 90-day buyer
2011-12-10,12928,2,926.5600000000001,782,2,463.28000000000003,35.4,United Kingdom,0.0,0.0,2011-12-10,0.35013893132547935,Medium,Add to normal outreach queue,eligible customer with recent purchase history
2011-12-10,16985,3,1885.58,545,2,628.5266666666666,17.435416666666665,United Kingdom,0.0,0.0,2011-12-10,0.35008753794610864,Medium,Add to normal outreach queue,frequent 90-day buyer
2011-12-10,14383,2,1005.6,616,2,502.8,38.33819444444445,United Kingdom,0.0,0.0,2011-12-10,0.34993148687902814,Medium,Add to normal outreach queue,eligible customer with recent purchase history
2011-12-10,14062,2,1664.18,1450,2,832.09,9.580555555555556,United Kingdom,0.0,0.0,2011-12-10,0.34988534978615815,Medium,Add to normal outreach queue,purchased in the last 14 days
2011-12-10,17043,2,1410.21,641,2,705.105,32.35208333333333,United Kingdom,0.0,0.0,2011-12-10,0.34951020845329767,Medium,Add to normal outreach queue,eligible customer with recent purchase history
2011-12-10,13566,2,874.71,575,2,437.355,40.50069444444444,United Kingdom,0.0,0.0,2011-12-10,0.34943560375381916,Medium,Add to normal outreach queue,eligible customer with recent purchase history
2011-12-10,12691,2,443.5,194,2,221.75,28.299305555555556,France,0.0,0.0,2011-12-10,0.34925312087061283,Medium,Add to normal outreach queue,eligible customer with recent purchase history
2011-12-10,18016,2,994.8000000000001,822,2,497.40000000000003,32.44097222222222,United Kingdom,0.0,0.0,2011-12-10,0.34892222020716174,Medium,Add to normal outreach queue,eligible customer with recent purchase history
2011-12-10,13448,2,2116.11,940,2,1058.055,16.477083333333333,United Kingdom,5.0,0.005291005291005291,2011-12-10,0.3488726219888689,Medium,Add to normal outreach queue,eligible customer with recent purchase history
2011-12-10,17295,3,556.95,294,2,185.65,28.549305555555556,United Kingdom,0.0,0.0,2011-12-10,0.34881364553192057,Medium,Add to normal outreach queue,frequent 90-day buyer
2011-12-10,13381,2,1177.98,778,2,588.99,31.50138888888889,United Kingdom,2.0,0.002564102564102564,2011-12-10,0.34881081384682516,Medium,Add to normal outreach queue,eligible customer with recent purchase history
2011-12-10,15998,2,977.9100000000001,663,2,488.95500000000004,36.46875,United Kingdom,0.0,0.0,2011-12-10,0.34880395658263846,Medium,Add to normal outreach queue,eligible customer with recent purchase history
2011-12-10,17459,2,657.3,537,2,328.65,43.44097222222222,United Kingdom,0.0,0.0,2011-12-10,0.34871190947969866,Medium,Add to normal outreach queue,eligible customer with recent purchase history
2011-12-10,12508,2,398.27,272,2,199.135,26.349305555555556,France,0.0,0.0,2011-12-10,0.3486313945713561,Medium,Add to normal outreach queue,eligible customer with recent purchase history
2011-12-10,14815,2,778.5,744,2,389.25,36.516666666666666,United Kingdom,0.0,0.0,2011-12-10,0.34837126586367584,Medium,Add to normal outreach queue,eligible customer with recent purchase history
2011-12-10,17527,2,332.75,282,2,166.375,53.477777777777774,United Kingdom,1.0,0.0035335689045936395,2011-12-10,0.34818619555540337,Medium,Add to normal outreach queue,eligible customer with recent purchase history
2011-12-10,14624,2,225.85,162,2,112.925,57.42777777777778,United Kingdom,0.0,0.0,2011-12-10,0.3480792045790252,Medium,Add to normal outreach queue,eligible customer with recent purchase history
2011-12-10,14904,2,1025.44,1985,2,512.72,2.4618055555555554,United Kingdom,0.0,0.0,2011-12-10,0.34800263657605446,Medium,Add to normal outreach queue,purchased in the last 14 days
2011-12-10,14418,2,1786.81,1563,2,893.405,3.5145833333333334,United Kingdom,0.0,0.0,2011-12-10,0.34798852798145896,Medium,Add to normal outreach queue,purchased in the last 14 days
2011-12-10,16042,3,736.99,483,2,245.66333333333333,22.256944444444443,United Kingdom,0.0,0.0,2011-12-10,0.3479597060531231,Medium,Add to normal outreach queue,frequent 90-day buyer
2011-12-10,16409,2,989.61,629,2,494.805,36.302083333333336,United Kingdom,0.0,0.0,2011-12-10,0.3478768529506683,Medium,Add to normal outreach queue,eligible customer with recent purchase history
2011-12-10,17512,2,1033.0900000000001,919,2,516.5450000000001,28.492361111111112,United Kingdom,0.0,0.0,2011-12-10,0.3477621266998473,Medium,Add to normal outreach queue,eligible customer with recent purchase history
2011-12-10,14387,2,1329.8000000000002,610,2,664.9000000000001,32.47986111111111,United Kingdom,0.0,0.0,2011-12-10,0.3477614307207844,Medium,Add to normal outreach queue,eligible customer with recent purchase history
2011-12-10,12528,2,556.11,248,2,278.055,9.38888888888889,Germany,0.0,0.0,2011-12-10,0.347653505651268,Medium,Add to normal outreach queue,purchased in the last 14 days
2011-12-10,15304,2,202.5,30,2,101.25,60.56736111111111,United Kingdom,0.0,0.0,2011-12-10,0.3476387739647789,Medium,Add to normal outreach queue,eligible customer with recent purchase history
2011-12-10,17653,2,864.22,722,2,432.11,36.46805555555556,United Kingdom,8.0,0.010958904109589041,2011-12-10,0.3474296121095279,Medium,Add to normal outreach queue,eligible customer with recent purchase history
2011-12-10,17685,2,1678.8100000000002,1068,2,839.4050000000001,16.516666666666666,United Kingdom,0.0,0.0,2011-12-10,0.34738605370541925,Medium,Add to normal outreach queue,eligible customer with recent purchase history
2011-12-10,13107,2,596.4,477,2,298.2,44.38055555555555,United Kingdom,0.0,0.0,2011-12-10,0.3473242128161783,Medium,Add to normal outreach queue,eligible customer with recent purchase history
2011-12-10,18259,2,1962.3000000000002,598,2,981.1500000000001,24.476388888888888,United Kingdom,0.0,0.0,2011-12-10,0.34720314865441043,Medium,Add to normal outreach queue,eligible customer with recent purchase history
2011-12-10,16930,3,380.55,341,2,126.85000000000001,26.324305555555554,United Kingdom,0.0,0.0,2011-12-10,0.3468039560193089,Medium,Add to normal outreach queue,frequent 90-day buyer
2011-12-10,14112,3,1014.33,503,2,338.11,22.479166666666668,United Kingdom,17.0,0.032692307692307694,2011-12-10,0.3467423583943197,Medium,Add to normal outreach queue,frequent 90-day buyer
2011-12-10,17063,3,789.27,461,2,263.09,21.320138888888888,United Kingdom,2.0,0.004319654427645789,2011-12-10,0.3462201752048746,Medium,Add to normal outreach queue,frequent 90-day buyer
2011-12-10,14961,2,2126.75,1039,2,1063.375,10.595833333333333,United Kingdom,0.0,0.0,2011-12-10,0.3461770092658307,Medium,Add to normal outreach queue,purchased in the last 14 days
2011-12-10,16669,2,1370.47,878,2,685.235,23.481944444444444,United Kingdom,0.0,0.0,2011-12-10,0.3457534729874808,Medium,Add to normal outreach queue,eligible customer with recent purchase history
2011-12-10,16747,2,836.06,583,2,418.03,37.515972222222224,United Kingdom,6.0,0.010186757215619695,2011-12-10,0.3447979501787412,Medium,Add to normal outreach queue,eligible customer with recent purchase history
2011-12-10,13225,2,2164.28,1252,2,1082.14,3.4381944444444446,United Kingdom,0.0,0.0,2011-12-10,0.3446458122365953,Medium,Add to normal outreach queue,purchased in the last 14 days
2011-12-10,13097,2,1331.01,493,2,665.505,32.553472222222226,United Kingdom,3.0,0.006048387096774193,2011-12-10,0.34416095395393687,Medium,Add to normal outreach queue,eligible customer with recent purchase history
2011-12-10,14427,2,363.34000000000003,228,2,181.67000000000002,50.40069444444445,United Kingdom,0.0,0.0,2011-12-10,0.34411214175216454,Medium,Add to normal outreach queue,eligible customer with recent purchase history
2011-12-10,15531,2,2007.44,1105,2,1003.72,8.220138888888888,United Kingdom,0.0,0.0,2011-12-10,0.34381200885637275,Medium,Add to normal outreach queue,purchased in the last 14 days
2011-12-10,15111,2,1278.98,604,2,639.49,29.293055555555554,United Kingdom,0.0,0.0,2011-12-10,0.34352331164176764,Medium,Add to normal outreach queue,eligible customer with recent purchase history
2011-12-10,15587,2,456.84,156,2,228.42,50.43263888888889,United Kingdom,0.0,0.0,2011-12-10,0.34347415523288255,Medium,Add to normal outreach queue,eligible customer with recent purchase history
2011-12-10,16710,3,639.15,441,2,213.04999999999998,19.381944444444443,United Kingdom,0.0,0.0,2011-12-10,0.3432918065499348,Medium,Add to normal outreach queue,frequent 90-day buyer
2011-12-10,13516,2,1243.41,929,2,621.705,21.447916666666668,United Kingdom,0.0,0.0,2011-12-10,0.34325711980582596,Medium,Add to normal outreach queue,eligible customer with recent purchase history
2011-12-10,18188,2,1574.44,1004,2,787.22,15.301388888888889,United Kingdom,1.0,0.0009950248756218905,2011-12-10,0.3428546681212863,Medium,Add to normal outreach queue,eligible customer with recent purchase history
2011-12-10,15754,2,366.77,163,2,183.385,51.388888888888886,United Kingdom,2.0,0.012121212121212121,2011-12-10,0.34284437435740944,Medium,Add to normal outreach queue,eligible customer with recent purchase history
2011-12-10,14525,2,1406.06,919,2,703.03,19.51597222222222,United Kingdom,2.0,0.002171552660152009,2011-12-10,0.34272766470296256,Medium,Add to normal outreach queue,eligible customer with recent purchase history
2011-12-10,12909,2,650.3,494,2,325.15,39.47013888888889,United Kingdom,3.0,0.006036217303822937,2011-12-10,0.34263429367790693,Medium,Add to normal outreach queue,eligible customer with recent purchase history
2011-12-10,16020,3,851.01,487,2,283.67,16.529166666666665,United Kingdom,0.0,0.0,2011-12-10,0.34249856544991675,Medium,Add to normal outreach queue,frequent 90-day buyer
2011-12-10,17744,2,1033.44,1726,2,516.72,3.4923611111111112,United Kingdom,0.0,0.0,2011-12-10,0.34236333215838183,Medium,Add to normal outreach queue,purchased in the last 14 days
2011-12-10,14808,2,894.8599999999999,903,2,447.42999999999995,39.485416666666666,United Kingdom,89.0,0.08971774193548387,2011-12-10,0.3423623115546423,Medium,Add to normal outreach queue,eligible customer with recent purchase history
2011-12-10,14676,2,857.32,676,2,428.66,31.438194444444445,United Kingdom,0.0,0.0,2011-12-10,0.34217834716692047,Medium,Add to normal outreach queue,eligible customer with recent purchase history
2011-12-10,17892,2,102.0,40,2,51.0,56.299305555555556,United Kingdom,0.0,0.0,2011-12-10,0.3420191131681225,Medium,Add to normal outreach queue,eligible customer with recent purchase history
2011-12-10,13632,2,1306.67,721,2,653.335,24.547916666666666,United Kingdom,0.0,0.0,2011-12-10,0.34191104508230535,Medium,Add to normal outreach queue,eligible customer with recent purchase history
2011-12-10,12526,2,688.36,308,2,344.18,0.49375,Germany,0.0,0.0,2011-12-10,0.3414712793946056,Medium,Add to normal outreach queue,purchased in the last 14 days
2011-12-10,15719,2,976.94,547,2,488.47,32.47986111111111,United Kingdom,0.0,0.0,2011-12-10,0.34145919641484573,Medium,Add to normal outreach queue,eligible customer with recent purchase history
2011-12-10,17447,2,541.53,443,2,270.765,40.40416666666667,United Kingdom,0.0,0.0,2011-12-10,0.3414572625265539,Medium,Add to normal outreach queue,eligible customer with recent purchase history
2011-12-10,16279,2,1150.5,898,2,575.25,21.375,United Kingdom,0.0,0.0,2011-12-10,0.3411461421474324,Medium,Add to normal outreach queue,eligible customer with recent purchase history
2011-12-10,14040,2,866.6100000000001,265,2,433.30500000000006,40.47083333333333,United Kingdom,0.0,0.0,2011-12-10,0.3411013839716349,Low,Do not prioritise this cycle,eligible customer with recent purchase history
2011-12-10,15426,3,784.4100000000001,409,2,261.47,19.35,United Kingdom,10.0,0.02386634844868735,2011-12-10,0.3410222838413924,Low,Do not prioritise this cycle,frequent 90-day buyer
2011-12-10,12654,2,228.23000000000002,111,2,114.11500000000001,10.57638888888889,Germany,0.0,0.0,2011-12-10,0.3409966183648331,Low,Do not prioritise this cycle,purchased in the last 14 days
2011-12-10,17768,2,1861.85,1061,2,930.925,8.443055555555556,United Kingdom,0.0,0.0,2011-12-10,0.3409829616419781,Low,Do not prioritise this cycle,purchased in the last 14 days
2011-12-10,14179,2,713.83,329,2,356.915,40.49513888888889,United Kingdom,0.0,0.0,2011-12-10,0.3408111526765465,Low,Do not prioritise this cycle,eligible customer with recent purchase history
2011-12-10,15906,3,769.98,302,2,256.66,19.483333333333334,United Kingdom,0.0,0.0,2011-12-10,0.3403810523000327,Low,Do not prioritise this cycle,frequent 90-day buyer
2011-12-10,13212,3,782.13,309,2,260.71,19.47222222222222,United Kingdom,1.0,0.0032258064516129032,2011-12-10,0.3403761879327724,Low,Do not prioritise this cycle,frequent 90-day buyer
2011-12-10,15249,2,1049.1200000000001,506,2,524.5600000000001,31.510416666666668,United Kingdom,0.0,0.0,2011-12-10,0.3402950296196168,Low,Do not prioritise this cycle,eligible customer with recent purchase history
2011-12-10,14505,2,1650.0,826,2,825.0,17.34375,United Kingdom,10.0,0.011961722488038277,2011-12-10,0.339775809087089,Low,Do not prioritise this cycle,eligible customer with recent purchase history
2011-12-10,15821,2,570.9599999999999,202,2,285.47999999999996,44.34166666666667,United Kingdom,0.0,0.0,2011-12-10,0.33969600189072235,Low,Do not prioritise this cycle,eligible customer with recent purchase history
2011-12-10,15965,3,689.45,379,2,229.8166666666667,17.302777777777777,United Kingdom,0.0,0.0,2011-12-10,0.33969436197023156,Low,Do not prioritise this cycle,frequent 90-day buyer
2011-12-10,14553,3,546.95,311,2,182.3166666666667,19.444444444444443,United Kingdom,0.0,0.0,2011-12-10,0.3394898454055726,Low,Do not prioritise this cycle,frequent 90-day buyer
2011-12-10,12879,2,432.72,312,2,216.36,44.483333333333334,United Kingdom,7.0,0.0219435736677116,2011-12-10,0.33929654727567515,Low,Do not prioritise this cycle,eligible customer with recent purchase history
2011-12-10,13416,2,712.5,142,2,356.25,43.62777777777778,United Kingdom,0.0,0.0,2011-12-10,0.339212203425208,Low,Do not prioritise this cycle,eligible customer with recent purchase history
2011-12-10,16712,3,1137.92,584,2,379.3066666666667,9.425,United Kingdom,0.0,0.0,2011-12-10,0.33889489363346603,Low,Do not prioritise this cycle,purchased in the last 14 days; frequent 90-day buyer
2011-12-10,18069,2,1042.8,677,2,521.4,26.33125,United Kingdom,2.0,0.0029455081001472753,2011-12-10,0.3388400953128986,Low,Do not prioritise this cycle,eligible customer with recent purchase history
2011-12-10,15977,2,1054.73,1016,2,527.365,17.438194444444445,United Kingdom,0.0,0.0,2011-12-10,0.3388122576792637,Low,Do not prioritise this cycle,eligible customer with recent purchase history
2011-12-10,16019,2,833.99,540,2,416.995,46.50625,United Kingdom,84.0,0.1346153846153846,2011-12-10,0.3387580356310305,Low,Do not prioritise this cycle,eligible customer with recent purchase history
2011-12-10,14738,2,556.8,250,2,278.4,42.62777777777778,United Kingdom,1.0,0.00398406374501992,2011-12-10,0.3386924458486928,Low,Do not prioritise this cycle,eligible customer with recent purchase history
2011-12-10,14859,3,1056.88,462,2,352.29333333333335,12.529166666666667,United Kingdom,0.0,0.0,2011-12-10,0.33859487971360225,Low,Do not prioritise this cycle,purchased in the last 14 days; frequent 90-day buyer
2011-12-10,16394,2,622.24,1200,2,311.12,56.59166666666667,United Kingdom,265.0,0.18088737201365188,2011-12-10,0.3381783399861097,Low,Do not prioritise this cycle,eligible customer with recent purchase history
2011-12-10,16284,2,823.97,544,2,411.985,31.325,United Kingdom,0.0,0.0,2011-12-10,0.33815736139727154,Low,Do not prioritise this cycle,eligible customer with recent purchase history
2011-12-10,16327,2,1374.58,953,2,687.29,14.442361111111111,United Kingdom,0.0,0.0,2011-12-10,0.33815654843933324,Low,Do not prioritise this cycle,eligible customer with recent purchase history
2011-12-10,15696,2,1098.56,310,2,549.28,33.415277777777774,United Kingdom,1.0,0.003215434083601286,2011-12-10,0.3375878006094224,Low,Do not prioritise this cycle,eligible customer with recent purchase history
2011-12-10,14239,2,499.96000000000004,190,2,249.98000000000002,43.388888888888886,United Kingdom,0.0,0.0,2011-12-10,0.3374467622460918,Low,Do not prioritise this cycle,eligible customer with recent purchase history
2011-12-10,16150,2,644.3199999999999,273,2,322.15999999999997,42.47291666666667,United Kingdom,13.0,0.045454545454545456,2011-12-10,0.3373604460191632,Low,Do not prioritise this cycle,eligible customer with recent purchase history
2011-12-10,14447,3,562.2,258,2,187.4,18.647222222222222,United Kingdom,0.0,0.0,2011-12-10,0.33733158415650377,Low,Do not prioritise this cycle,frequent 90-day buyer
2011-12-10,13477,2,555.03,395,2,277.515,37.49722222222222,United Kingdom,0.0,0.0,2011-12-10,0.33729100396472944,Low,Do not prioritise this cycle,eligible customer with recent purchase history
2011-12-10,13867,2,876.44,482,2,438.22,31.341666666666665,United Kingdom,0.0,0.0,2011-12-10,0.3372361971968786,Low,Do not prioritise this cycle,eligible customer with recent purchase history
2011-12-10,15565,2,173.16000000000003,60,2,86.58000000000001,50.39375,United Kingdom,0.0,0.0,2011-12-10,0.3372055856030214,Low,Do not prioritise this cycle,eligible customer with recent purchase history
2011-12-10,12494,2,323.24,340,2,161.62,15.60138888888889,France,4.0,0.011627906976744186,2011-12-10,0.33707464096866996,Low,Do not prioritise this cycle,eligible customer with recent purchase history
2011-12-10,17159,2,1010.4300000000001,806,2,505.21500000000003,21.54722222222222,United Kingdom,1.0,0.0012391573729863693,2011-12-10,0.3369174270268057,Low,Do not prioritise this cycle,eligible customer with recent purchase history
2011-12-10,16094,3,826.13,483,2,275.37666666666667,11.46875,United Kingdom,0.0,0.0,2011-12-10,0.3369017700645373,Low,Do not prioritise this cycle,purchased in the last 14 days; frequent 90-day buyer
2011-12-10,16369,2,1197.13,832,2,598.565,18.31597222222222,United Kingdom,0.0,0.0,2011-12-10,0.33678143143151773,Low,Do not prioritise this cycle,eligible customer with recent purchase history
2011-12-10,17186,2,144.0,200,2,72.0,46.56944444444444,United Kingdom,0.0,0.0,2011-12-10,0.3364419026891865,Low,Do not prioritise this cycle,eligible customer with recent purchase history
2011-12-10,12504,2,428.04999999999995,87,2,214.02499999999998,18.331944444444446,Germany,39.0,0.30952380952380953,2011-12-10,0.3362564187303153,Low,Do not prioritise this cycle,eligible customer with recent purchase history
2011-12-10,15839,2,749.31,441,2,374.655,33.420833333333334,United Kingdom,5.0,0.011210762331838564,2011-12-10,0.33568992072995923,Low,Do not prioritise this cycle,eligible customer with recent purchase history
2011-12-10,16759,3,789.79,609,2,263.2633333333333,7.470833333333333,United Kingdom,1.0,0.001639344262295082,2011-12-10,0.33560749803045886,Low,Do not prioritise this cycle,purchased in the last 14 days; frequent 90-day buyer
2011-12-10,15865,2,581.2,190,2,290.6,40.47013888888889,United Kingdom,0.0,0.0,2011-12-10,0.3354191269249565,Low,Do not prioritise this cycle,eligible customer with recent purchase history
2011-12-10,15051,2,1013.8699999999999,660,2,506.93499999999995,23.34861111111111,United Kingdom,0.0,0.0,2011-12-10,0.33522660462264714,Low,Do not prioritise this cycle,eligible customer with recent purchase history
2011-12-10,13634,2,791.39,353,2,395.695,33.43055555555556,United Kingdom,0.0,0.0,2011-12-10,0.3349706549285604,Low,Do not prioritise this cycle,eligible customer with recent purchase history
2011-12-10,15038,2,188.04,89,2,94.02,58.51875,United Kingdom,30.0,0.25210084033613445,2011-12-10,0.3348515001756718,Low,Do not prioritise this cycle,eligible customer with recent purchase history
2011-12-10,13450,2,622.26,712,2,311.13,26.504166666666666,United Kingdom,0.0,0.0,2011-12-10,0.33483032549609326,Low,Do not prioritise this cycle,eligible customer with recent purchase history
2011-12-10,15522,2,398.84,573,2,199.42,32.52361111111111,United Kingdom,0.0,0.0,2011-12-10,0.3346571785381575,Low,Do not prioritise this cycle,eligible customer with recent purchase history
2011-12-10,12676,2,253.34,174,2,126.67,24.48263888888889,Sweden,0.0,0.0,2011-12-10,0.33460969899664506,Low,Do not prioritise this cycle,eligible customer with recent purchase history
2011-12-10,15398,2,1345.5300000000002,769,2,672.7650000000001,16.300694444444446,United Kingdom,2.0,0.0025940337224383916,2011-12-10,0.3345891520852811,Low,Do not prioritise this cycle,eligible customer with recent purchase history
2011-12-10,16771,2,590.86,437,2,295.43,33.43888888888889,United Kingdom,0.0,0.0,2011-12-10,0.3345682119806614,Low,Do not prioritise this cycle,eligible customer with recent purchase history
2011-12-10,12594,2,808.32,337,2,404.16,37.486111111111114,Italy,0.0,0.0,2011-12-10,0.3343296152840225,Low,Do not prioritise this cycle,eligible customer with recent purchase history
2011-12-10,14626,2,1219.98,524,2,609.99,23.55763888888889,United Kingdom,2.0,0.0038022813688212928,2011-12-10,0.33419026334620294,Low,Do not prioritise this cycle,eligible customer with recent purchase history
2011-12-10,12483,2,620.9200000000001,312,2,310.46000000000004,17.290277777777778,Sweden,6.0,0.018867924528301886,2011-12-10,0.33399991675740404,Low,Do not prioritise this cycle,eligible customer with recent purchase history
2011-12-10,15763,2,1086.92,271,2,543.46,31.594444444444445,United Kingdom,3.0,0.010948905109489052,2011-12-10,0.33398883160020315,Low,Do not prioritise this cycle,eligible customer with recent purchase history
2011-12-10,12913,2,1617.2400000000002,1074,2,808.6200000000001,4.492361111111111,United Kingdom,0.0,0.0,2011-12-10,0.333960492543146,Low,Do not prioritise this cycle,purchased in the last 14 days
2011-12-10,12895,2,372.8,210,2,186.4,42.422916666666666,United Kingdom,6.0,0.027777777777777776,2011-12-10,0.3336302056801226,Low,Do not prioritise this cycle,eligible customer with recent purchase history
2011-12-10,15981,2,950.28,570,2,475.14,24.666666666666668,United Kingdom,0.0,0.0,2011-12-10,0.33344832760943016,Low,Do not prioritise this cycle,eligible customer with recent purchase history
2011-12-10,17289,2,777.05,386,2,388.525,31.499305555555555,United Kingdom,1.0,0.002583979328165375,2011-12-10,0.33339644660388745,Low,Do not prioritise this cycle,eligible customer with recent purchase history
2011-12-10,16791,2,921.51,424,2,460.755,29.2,United Kingdom,4.0,0.009345794392523364,2011-12-10,0.33322429399867537,Low,Do not prioritise this cycle,eligible customer with recent purchase history
2011-12-10,17211,2,852.3299999999999,530,2,426.16499999999996,26.497916666666665,United Kingdom,0.0,0.0,2011-12-10,0.3330674951643799,Low,Do not prioritise this cycle,eligible customer with recent purchase history
2011-12-10,13028,2,661.3199999999999,798,2,330.65999999999997,22.53472222222222,United Kingdom,2.0,0.0025,2011-12-10,0.3330506101160186,Low,Do not prioritise this cycle,eligible customer with recent purchase history
2011-12-10,17373,2,359.62,208,2,179.81,40.355555555555554,United Kingdom,0.0,0.0,2011-12-10,0.33289760525370954,Low,Do not prioritise this cycle,eligible customer with recent purchase history
2011-12-10,15679,2,521.02,772,2,260.51,24.320138888888888,United Kingdom,0.0,0.0,2011-12-10,0.332782431260359,Low,Do not prioritise this cycle,eligible customer with recent purchase history
2011-12-10,15506,2,769.91,702,2,384.955,22.492361111111112,United Kingdom,0.0,0.0,2011-12-10,0.3322608339177537,Low,Do not prioritise this cycle,eligible customer with recent purchase history
2011-12-10,18217,2,621.75,491,2,310.875,29.445833333333333,United Kingdom,0.0,0.0,2011-12-10,0.3321723944277745,Low,Do not prioritise this cycle,eligible customer with recent purchase history
2011-12-10,15572,3,997.57,540,2,332.52333333333337,4.577083333333333,United Kingdom,0.0,0.0,2011-12-10,0.3319554949727477,Low,Do not prioritise this cycle,purchased in the last 14 days; frequent 90-day buyer
2011-12-10,13735,2,1475.55,411,2,737.775,24.531944444444445,United Kingdom,20.0,0.04640371229698376,2011-12-10,0.33185869093203724,Low,Do not prioritise this cycle,eligible customer with recent purchase history
2011-12-10,16750,2,207.81,76,2,103.905,44.46666666666667,United Kingdom,0.0,0.0,2011-12-10,0.3318278730749658,Low,Do not prioritise this cycle,eligible customer with recent purchase history
2011-12-10,13759,2,659.41,287,2,329.705,33.384027777777774,United Kingdom,0.0,0.0,2011-12-10,0.3314999804255052,Low,Do not prioritise this cycle,eligible customer with recent purchase history
2011-12-10,12409,2,4865.59,2409,2,2432.795,78.55694444444444,Switzerland,7.0,0.0028973509933774835,2011-12-10,0.33137706630677843,Low,Do not prioritise this cycle,eligible customer with recent purchase history
2011-12-10,15492,2,659.4599999999999,483,2,329.72999999999996,28.37986111111111,United Kingdom,0.0,0.0,2011-12-10,0.33133332986729663,Low,Do not prioritise this cycle,eligible customer with recent purchase history
2011-12-10,14277,2,2542.77,1123,2,1271.385,15.374305555555555,France,360.0,0.24275118004045854,2011-12-10,0.3311917700663888,Low,Do not prioritise this cycle,eligible customer with recent purchase history
2011-12-10,12876,1,1386.59,1283,1,1386.59,57.481944444444444,Belgium,0.0,0.0,2011-12-10,0.331097715846458,Low,Do not prioritise this cycle,eligible customer with recent purchase history
2011-12-10,15103,2,703.36,329,2,351.68,31.37986111111111,United Kingdom,0.0,0.0,2011-12-10,0.33105400595594336,Low,Do not prioritise this cycle,eligible customer with recent purchase history
2011-12-10,13717,2,489.02,392,2,244.51,32.40763888888889,United Kingdom,0.0,0.0,2011-12-10,0.3310001494977648,Low,Do not prioritise this cycle,eligible customer with recent purchase history
2011-12-10,17633,2,676.23,369,2,338.115,31.44097222222222,United Kingdom,4.0,0.010723860589812333,2011-12-10,0.33094043771035453,Low,Do not prioritise this cycle,eligible customer with recent purchase history
2011-12-10,16637,2,623.9200000000001,576,2,311.96000000000004,32.446527777777774,United Kingdom,36.0,0.058823529411764705,2011-12-10,0.3309362583082857,Low,Do not prioritise this cycle,eligible customer with recent purchase history
2011-12-10,14466,2,691.95,409,2,345.975,29.411805555555556,United Kingdom,0.0,0.0,2011-12-10,0.33091673943373817,Low,Do not prioritise this cycle,eligible customer with recent purchase history
2011-12-10,14730,3,1100.85,605,2,366.95,1.3895833333333334,United Kingdom,0.0,0.0,2011-12-10,0.33079477324798895,Low,Do not prioritise this cycle,purchased in the last 14 days; frequent 90-day buyer
2011-12-10,15573,2,599.5,362,2,299.75,31.51527777777778,United Kingdom,0.0,0.0,2011-12-10,0.3307120878918132,Low,Do not prioritise this cycle,eligible customer with recent purchase history
2011-12-10,17372,2,281.55,155,2,140.775,40.515972222222224,United Kingdom,0.0,0.0,2011-12-10,0.3306842656601952,Low,Do not prioritise this cycle,eligible customer with recent purchase history
2011-12-10,16653,2,1212.6599999999999,733,2,606.3299999999999,16.38125,United Kingdom,10.0,0.013458950201884253,2011-12-10,0.33061895001300673,Low,Do not prioritise this cycle,eligible customer with recent purchase history
2011-12-10,18205,2,517.36,192,2,258.68,36.44305555555555,United Kingdom,0.0,0.0,2011-12-10,0.3304142014220258,Low,Do not prioritise this cycle,eligible customer with recent purchase history
2011-12-10,16960,2,305.52,209,2,152.76,38.517361111111114,United Kingdom,0.0,0.0,2011-12-10,0.3302978870579842,Low,Do not prioritise this cycle,eligible customer with recent purchase history
2011-12-10,16466,2,601.28,257,2,300.64,33.517361111111114,United Kingdom,0.0,0.0,2011-12-10,0.33011397701365125,Low,Do not prioritise this cycle,eligible customer with recent purchase history
2011-12-10,15411,2,976.67,375,2,488.335,26.361805555555556,United Kingdom,2.0,0.005305039787798408,2011-12-10,0.33008028484501556,Low,Do not prioritise this cycle,eligible customer with recent purchase history
2011-12-10,13524,2,271.32,137,2,135.66,40.47638888888889,United Kingdom,0.0,0.0,2011-12-10,0.330045397368571,Low,Do not prioritise this cycle,eligible customer with recent purchase history
2011-12-10,15605,2,508.05,175,2,254.025,36.40486111111111,United Kingdom,0.0,0.0,2011-12-10,0.3298147359247982,Low,Do not prioritise this cycle,eligible customer with recent purchase history
2011-12-10,12724,2,679.05,263,2,339.525,5.331944444444445,France,0.0,0.0,2011-12-10,0.32977122296769196,Low,Do not prioritise this cycle,purchased in the last 14 days
2011-12-10,12937,2,1076.04,739,2,538.02,15.371527777777779,United Kingdom,0.0,0.0,2011-12-10,0.3297033605278001,Low,Do not prioritise this cycle,eligible customer with recent purchase history
2011-12-10,16464,2,923.73,646,2,461.865,19.492361111111112,United Kingdom,0.0,0.0,2011-12-10,0.32964973346073617,Low,Do not prioritise this cycle,eligible customer with recent purchase history
2011-12-10,15088,2,1160.0700000000002,460,2,580.0350000000001,21.448611111111113,United Kingdom,3.0,0.0064794816414686825,2011-12-10,0.3293294325804596,Low,Do not prioritise this cycle,eligible customer with recent purchase history
2011-12-10,18123,2,589.4399999999999,594,2,294.71999999999997,24.400694444444444,United Kingdom,0.0,0.0,2011-12-10,0.32913892339272033,Low,Do not prioritise this cycle,eligible customer with recent purchase history
2011-12-10,17521,2,563.65,403,2,281.825,29.52638888888889,United Kingdom,1.0,0.0024752475247524753,2011-12-10,0.32902130652073913,Low,Do not prioritise this cycle,eligible customer with recent purchase history
2011-12-10,12935,3,625.36,585,2,208.45333333333335,2.2743055555555554,United Kingdom,0.0,0.0,2011-12-10,0.3289219124081391,Low,Do not prioritise this cycle,purchased in the last 14 days; frequent 90-day buyer
2011-12-10,17965,2,351.53,167,2,175.765,37.60347222222222,United Kingdom,0.0,0.0,2011-12-10,0.3288487301575732,Low,Do not prioritise this cycle,eligible customer with recent purchase history
2011-12-10,13363,2,892.5,708,2,446.25,17.47222222222222,United Kingdom,0.0,0.0,2011-12-10,0.3287388153078738,Low,Do not prioritise this cycle,eligible customer with recent purchase history
2011-12-10,16762,2,1187.23,475,2,593.615,19.511805555555554,United Kingdom,0.0,0.0,2011-12-10,0.328640255803061,Low,Do not prioritise this cycle,eligible customer with recent purchase history
2011-12-10,14077,2,189.01999999999998,120,2,94.50999999999999,40.47569444444444,United Kingdom,0.0,0.0,2011-12-10,0.32854766204770114,Low,Do not prioritise this cycle,eligible customer with recent purchase history
2011-12-10,14665,2,1104.04,472,2,552.02,60.61527777777778,United Kingdom,238.0,0.3352112676056338,2011-12-10,0.3285301745904918,Low,Do not prioritise this cycle,eligible customer with recent purchase history
2011-12-10,15952,2,478.77,255,2,239.385,33.52916666666667,United Kingdom,0.0,0.0,2011-12-10,0.32849988115128265,Low,Do not prioritise this cycle,eligible customer with recent purchase history
2011-12-10,12719,2,572.95,370,2,286.475,5.427083333333333,France,13.0,0.033942558746736295,2011-12-10,0.32849881541213904,Low,Do not prioritise this cycle,purchased in the last 14 days
2011-12-10,14188,2,670.9000000000001,379,2,335.45000000000005,30.46875,United Kingdom,12.0,0.030690537084398978,2011-12-10,0.328435150690677,Low,Do not prioritise this cycle,eligible customer with recent purchase history
2011-12-10,15444,2,1418.2599999999998,764,2,709.1299999999999,9.265972222222222,United Kingdom,0.0,0.0,2011-12-10,0.32836797837667414,Low,Do not prioritise this cycle,purchased in the last 14 days
2011-12-10,13590,2,865.54,948,2,432.77,11.4625,United Kingdom,0.0,0.0,2011-12-10,0.32831173184390294,Low,Do not prioritise this cycle,purchased in the last 14 days
2011-12-10,12597,2,2074.41,1550,2,1037.205,19.435416666666665,Spain,49.0,0.030644152595372107,2011-12-10,0.32830328661218344,Low,Do not prioritise this cycle,eligible customer with recent purchase history
2011-12-10,16265,2,1384.98,775,2,692.49,9.30486111111111,United Kingdom,0.0,0.0,2011-12-10,0.32826513255354794,Low,Do not prioritise this cycle,purchased in the last 14 days
2011-12-10,15860,2,210.07,95,2,105.035,40.52430555555556,United Kingdom,0.0,0.0,2011-12-10,0.3282237274236944,Low,Do not prioritise this cycle,eligible customer with recent purchase history
2011-12-10,15028,3,441.16,340,2,147.05333333333334,8.4125,United Kingdom,0.0,0.0,2011-12-10,0.32812608134658255,Low,Do not prioritise this cycle,purchased in the last 14 days; frequent 90-day buyer
2011-12-10,15950,2,674.13,284,2,337.065,31.535416666666666,United Kingdom,7.0,0.024054982817869417,2011-12-10,0.328006260845747,Low,Do not prioritise this cycle,eligible customer with recent purchase history
2011-12-10,17800,2,282.41,172,2,141.205,37.46041666666667,United Kingdom,0.0,0.0,2011-12-10,0.3279411837011556,Low,Do not prioritise this cycle,eligible customer with recent purchase history
2011-12-10,14712,2,801.35,213,2,400.675,29.459027777777777,United Kingdom,0.0,0.0,2011-12-10,0.3273105230630802,Low,Do not prioritise this cycle,eligible customer with recent purchase history
2011-12-10,17634,2,281.52,188,2,140.76,36.452083333333334,United Kingdom,0.0,0.0,2011-12-10,0.32729098167479503,Low,Do not prioritise this cycle,eligible customer with recent purchase history
2011-12-10,15356,2,486.86,288,2,243.43,31.450694444444444,United Kingdom,0.0,0.0,2011-12-10,0.3272868324183284,Low,Do not prioritise this cycle,eligible customer with recent purchase history
2011-12-10,14893,2,1237.85,799,2,618.925,9.478472222222223,United Kingdom,0.0,0.0,2011-12-10,0.32717795671869804,Low,Do not prioritise this cycle,purchased in the last 14 days
2011-12-10,17088,2,591.9,343,2,295.95,28.400694444444444,United Kingdom,0.0,0.0,2011-12-10,0.3268717554608246,Low,Do not prioritise this cycle,eligible customer with recent purchase history
2011-12-10,16070,2,852.1500000000001,457,2,426.07500000000005,22.34027777777778,United Kingdom,0.0,0.0,2011-12-10,0.32682847017798594,Low,Do not prioritise this cycle,eligible customer with recent purchase history
2011-12-10,13155,2,402.56,235,2,201.28,33.34652777777778,United Kingdom,0.0,0.0,2011-12-10,0.3268170868184598,Low,Do not prioritise this cycle,eligible customer with recent purchase history
2011-12-10,15251,3,789.17,467,2,263.0566666666667,9.373611111111112,United Kingdom,38.0,0.07524752475247524,2011-12-10,0.32671970704414843,Low,Do not prioritise this cycle,purchased in the last 14 days; frequent 90-day buyer
2011-12-10,14506,2,1180.51,473,2,590.255,17.456944444444446,United Kingdom,0.0,0.0,2011-12-10,0.3263611700200589,Low,Do not prioritise this cycle,eligible customer with recent purchase history
2011-12-10,13362,2,1509.21,655,2,754.605,9.388194444444444,United Kingdom,3.0,0.004559270516717325,2011-12-10,0.3263167826391244,Low,Do not prioritise this cycle,purchased in the last 14 days
2011-12-10,13430,2,679.45,751,2,339.725,18.653472222222224,United Kingdom,12.0,0.015727391874180863,2011-12-10,0.3262750348958114,Low,Do not prioritise this cycle,eligible customer with recent purchase history
2011-12-10,15179,2,751.8299999999999,644,2,375.91499999999996,18.463194444444444,United Kingdom,1.0,0.0015503875968992248,2011-12-10,0.32614010111689923,Low,Do not prioritise this cycle,eligible customer with recent purchase history
2011-12-10,14035,2,590.76,292,2,295.38,28.58125,United Kingdom,0.0,0.0,2011-12-10,0.3257337566436585,Low,Do not prioritise this cycle,eligible customer with recent purchase history
2011-12-10,17387,2,784.11,542,2,392.055,19.541666666666668,United Kingdom,0.0,0.0,2011-12-10,0.32523299404293227,Low,Do not prioritise this cycle,eligible customer with recent purchase history
2011-12-10,13379,2,436.27,435,2,218.135,26.427083333333332,United Kingdom,0.0,0.0,2011-12-10,0.32519379270713344,Low,Do not prioritise this cycle,eligible customer with recent purchase history
2011-12-10,18075,2,654.0,449,2,327.0,23.360416666666666,United Kingdom,0.0,0.0,2011-12-10,0.3251496052834161,Low,Do not prioritise this cycle,eligible customer with recent purchase history
2011-12-10,14332,2,747.27,433,2,373.635,22.504166666666666,United Kingdom,0.0,0.0,2011-12-10,0.3250411030059744,Low,Do not prioritise this cycle,eligible customer with recent purchase history
2011-12-10,13614,2,815.48,323,2,407.74,24.384027777777778,United Kingdom,0.0,0.0,2011-12-10,0.32504103091319536,Low,Do not prioritise this cycle,eligible customer with recent purchase history
2011-12-10,17449,3,1023.31,414,2,341.1033333333333,2.2944444444444443,United Kingdom,7.0,0.0166270783847981,2011-12-10,0.3250058940991828,Low,Do not prioritise this cycle,purchased in the last 14 days; frequent 90-day buyer
2011-12-10,14030,2,702.5899999999999,619,2,351.29499999999996,18.3,United Kingdom,0.0,0.0,2011-12-10,0.32487887168710805,Low,Do not prioritise this cycle,eligible customer with recent purchase history
2011-12-10,17974,2,568.02,432,2,284.01,24.51597222222222,United Kingdom,0.0,0.0,2011-12-10,0.3248151763866999,Low,Do not prioritise this cycle,eligible customer with recent purchase history
2011-12-10,15203,2,499.48,414,2,249.74,25.655555555555555,United Kingdom,0.0,0.0,2011-12-10,0.32466123261713736,Low,Do not prioritise this cycle,eligible customer with recent purchase history
2011-12-10,15136,3,703.8,402,2,234.6,2.4819444444444443,United Kingdom,1.0,0.0024813895781637717,2011-12-10,0.32459581617832134,Low,Do not prioritise this cycle,purchased in the last 14 days; frequent 90-day buyer
2011-12-10,16871,2,774.52,392,2,387.26,22.189583333333335,United Kingdom,0.0,0.0,2011-12-10,0.32401131453727733,Low,Do not prioritise this cycle,eligible customer with recent purchase history
2011-12-10,14173,3,336.8,110,2,112.26666666666667,10.504166666666666,United Kingdom,0.0,0.0,2011-12-10,0.32389252061739576,Low,Do not prioritise this cycle,purchased in the last 14 days; frequent 90-day buyer
2011-12-10,16243,2,409.1,110,2,204.55,33.477777777777774,United Kingdom,0.0,0.0,2011-12-10,0.32382816594371144,Low,Do not prioritise this cycle,eligible customer with recent purchase history
2011-12-10,12546,2,1021.5,628,2,510.75,46.49375,Spain,16.0,0.024844720496894408,2011-12-10,0.3238097484247808,Low,Do not prioritise this cycle,eligible customer with recent purchase history
2011-12-10,13500,2,840.37,481,2,420.185,23.350694444444443,United Kingdom,24.0,0.047524752475247525,2011-12-10,0.32372193993265996,Low,Do not prioritise this cycle,eligible customer with recent purchase history
2011-12-10,13700,2,613.86,286,2,306.93,26.458333333333332,United Kingdom,0.0,0.0,2011-12-10,0.32367209801064345,Low,Do not prioritise this cycle,eligible customer with recent purchase history
2011-12-10,14126,3,706.1300000000001,508,2,235.3766666666667,7.510416666666667,United Kingdom,50.0,0.08960573476702509,2011-12-10,0.3234205570132141,Low,Do not prioritise this cycle,purchased in the last 14 days; frequent 90-day buyer
2011-12-10,14284,2,595.25,161,2,297.625,30.659027777777776,United Kingdom,4.0,0.024242424242424242,2011-12-10,0.32331826623108273,Low,Do not prioritise this cycle,eligible customer with recent purchase history
2011-12-10,17147,2,741.48,365,2,370.74,22.477777777777778,United Kingdom,0.0,0.0,2011-12-10,0.3231977057424231,Low,Do not prioritise this cycle,eligible customer with recent purchase history
2011-12-10,15544,2,774.3399999999999,897,2,387.16999999999996,9.303472222222222,United Kingdom,3.0,0.0033333333333333335,2011-12-10,0.3230944684561176,Low,Do not prioritise this cycle,purchased in the last 14 days
2011-12-10,16362,2,354.72,198,2,177.36,32.45763888888889,United Kingdom,5.0,0.024630541871921183,2011-12-10,0.3229211292428622,Low,Do not prioritise this cycle,eligible customer with recent purchase history
2011-12-10,14321,2,630.1,890,2,315.05,10.592361111111112,United Kingdom,0.0,0.0,2011-12-10,0.3229092402259769,Low,Do not prioritise this cycle,purchased in the last 14 days
2011-12-10,13971,2,772.3600000000001,512,2,386.18000000000006,18.495833333333334,United Kingdom,2.0,0.0038910505836575876,2011-12-10,0.3228485149985568,Low,Do not prioritise this cycle,eligible customer with recent purchase history
2011-12-10,15612,2,195.15,52,2,97.575,36.38055555555555,United Kingdom,0.0,0.0,2011-12-10,0.32262500152829954,Low,Do not prioritise this cycle,eligible customer with recent purchase history
2011-12-10,17790,2,602.04,241,2,301.02,26.520833333333332,United Kingdom,0.0,0.0,2011-12-10,0.3224353655871907,Low,Do not prioritise this cycle,eligible customer with recent purchase history
2011-12-10,15125,3,733.0,284,2,244.33333333333334,25.41875,United Kingdom,112.0,0.2828282828282828,2011-12-10,0.3223008195740211,Low,Do not prioritise this cycle,frequent 90-day buyer
2011-12-10,13110,2,446.42999999999995,114,2,223.21499999999997,31.395833333333332,United Kingdom,0.0,0.0,2011-12-10,0.3222512850656205,Low,Do not prioritise this cycle,eligible customer with recent purchase history
2011-12-10,13131,2,748.4000000000001,319,2,374.20000000000005,23.44375,United Kingdom,4.0,0.01238390092879257,2011-12-10,0.3222054604569801,Low,Do not prioritise this cycle,eligible customer with recent purchase history
2011-12-10,15671,2,684.24,514,2,342.12,18.47013888888889,United Kingdom,0.0,0.0,2011-12-10,0.322133793694792,Low,Do not prioritise this cycle,eligible customer with recent purchase history
2011-12-10,14477,2,786.5999999999999,420,2,393.29999999999995,19.534027777777776,United Kingdom,1.0,0.0023752969121140144,2011-12-10,0.3219296437578936,Low,Do not prioritise this cycle,eligible customer with recent purchase history
2011-12-10,13422,1,2626.3,1326,1,2626.3,64.42916666666666,United Kingdom,5.0,0.003756574004507889,2011-12-10,0.32182995160773614,Low,Do not prioritise this cycle,eligible customer with recent purchase history
2011-12-10,13313,2,636.98,364,2,318.49,22.3,United Kingdom,0.0,0.0,2011-12-10,0.3216596828547982,Low,Do not prioritise this cycle,eligible customer with recent purchase history
2011-12-10,14623,2,280.54,153,2,140.27,32.419444444444444,United Kingdom,2.0,0.012903225806451613,2011-12-10,0.3215408419204248,Low,Do not prioritise this cycle,eligible customer with recent purchase history
2011-12-10,14215,2,691.45,769,2,345.725,11.486805555555556,United Kingdom,0.0,0.0,2011-12-10,0.3215227086020157,Low,Do not prioritise this cycle,purchased in the last 14 days
2011-12-10,14664,2,637.89,466,2,318.945,19.542361111111113,United Kingdom,0.0,0.0,2011-12-10,0.3214271448874311,Low,Do not prioritise this cycle,eligible customer with recent purchase history
2011-12-10,15489,2,786.02,388,2,393.01,22.62986111111111,United Kingdom,15.0,0.03722084367245657,2011-12-10,0.32140454322879447,Low,Do not prioritise this cycle,eligible customer with recent purchase history
2011-12-10,15287,2,486.69000000000005,433,2,243.34500000000003,22.351388888888888,United Kingdom,1.0,0.002304147465437788,2011-12-10,0.3213637911365049,Low,Do not prioritise this cycle,eligible customer with recent purchase history
2011-12-10,17777,2,471.15999999999997,344,2,235.57999999999998,24.49861111111111,United Kingdom,0.0,0.0,2011-12-10,0.32131359229945017,Low,Do not prioritise this cycle,eligible customer with recent purchase history
2011-12-10,12473,1,1571.98,1550,1,1571.98,53.52291666666667,Germany,0.0,0.0,2011-12-10,0.32127863063623846,Low,Do not prioritise this cycle,eligible customer with recent purchase history
2011-12-10,17425,2,759.1700000000001,407,2,379.58500000000004,19.354166666666668,United Kingdom,0.0,0.0,2011-12-10,0.32126742437857014,Low,Do not prioritise this cycle,eligible customer with recent purchase history
2011-12-10,13460,2,183.44,286,2,91.72,29.27986111111111,United Kingdom,0.0,0.0,2011-12-10,0.3211162350923794,Low,Do not prioritise this cycle,eligible customer with recent purchase history
2011-12-10,15429,2,397.35,380,2,198.675,26.480555555555554,United Kingdom,11.0,0.028132992327365727,2011-12-10,0.32104191042377256,Low,Do not prioritise this cycle,eligible customer with recent purchase history
2011-12-10,12695,2,248.2,48,2,124.1,7.4430555555555555,France,0.0,0.0,2011-12-10,0.3209407998771832,Low,Do not prioritise this cycle,purchased in the last 14 days
2011-12-10,13467,2,1083.71,584,2,541.855,10.582638888888889,United Kingdom,0.0,0.0,2011-12-10,0.32084997592054026,Low,Do not prioritise this cycle,purchased in the last 14 days
2011-12-10,12997,2,618.4200000000001,364,2,309.21000000000004,22.34236111111111,United Kingdom,3.0,0.008174386920980926,2011-12-10,0.3208258556892174,Low,Do not prioritise this cycle,eligible customer with recent purchase history
2011-12-10,13870,3,591.47,267,2,197.15666666666667,2.442361111111111,United Kingdom,1.0,0.0037313432835820895,2011-12-10,0.32053386521094185,Low,Do not prioritise this cycle,purchased in the last 14 days; frequent 90-day buyer
2011-12-10,14776,3,676.08,904,2,225.36,51.35138888888889,United Kingdom,440.0,0.3273809523809524,2011-12-10,0.32028525042096867,Low,Do not prioritise this cycle,frequent 90-day buyer
2011-12-10,13066,2,470.8,322,2,235.4,24.460416666666667,United Kingdom,2.0,0.006172839506172839,2011-12-10,0.3202593286031842,Low,Do not prioritise this cycle,eligible customer with recent purchase history
2011-12-10,16671,2,309.39,219,2,154.695,28.430555555555557,United Kingdom,0.0,0.0,2011-12-10,0.32013070699480384,Low,Do not prioritise this cycle,eligible customer with recent purchase history
2011-12-10,13308,2,570.56,324,2,285.28,22.603472222222223,United Kingdom,0.0,0.0,2011-12-10,0.32011074408429135,Low,Do not prioritise this cycle,eligible customer with recent purchase history
2011-12-10,14882,2,589.7,158,2,294.85,26.46736111111111,United Kingdom,0.0,0.0,2011-12-10,0.32010685967844765,Low,Do not prioritise this cycle,eligible customer with recent purchase history
2011-12-10,15632,2,933.47,805,2,466.735,15.589583333333334,United Kingdom,58.0,0.06720741599073002,2011-12-10,0.3201021482131852,Low,Do not prioritise this cycle,eligible customer with recent purchase history
2011-12-10,16983,2,740.9499999999999,647,2,370.47499999999997,12.493055555555555,United Kingdom,0.0,0.0,2011-12-10,0.32007890081486523,Low,Do not prioritise this cycle,purchased in the last 14 days
2011-12-10,13272,2,276.56,96,2,138.28,31.416666666666668,United Kingdom,0.0,0.0,2011-12-10,0.3196592930607488,Low,Do not prioritise this cycle,eligible customer with recent purchase history
2011-12-10,17625,2,812.22,351,2,406.11,18.433333333333334,United Kingdom,0.0,0.0,2011-12-10,0.3195648142752118,Low,Do not prioritise this cycle,eligible customer with recent purchase history
2011-12-10,16376,2,987.01,694,2,493.505,8.515277777777778,United Kingdom,5.0,0.00715307582260372,2011-12-10,0.31942485435517143,Low,Do not prioritise this cycle,purchased in the last 14 days
2011-12-10,17816,2,15.25,8,2,7.625,36.518055555555556,United Kingdom,0.0,0.0,2011-12-10,0.31936317025850897,Low,Do not prioritise this cycle,eligible customer with recent purchase history
2011-12-10,12497,1,953.1,1231,1,953.1,81.4798611111111,Germany,0.0,0.0,2011-12-10,0.3193618036137224,Low,Do not prioritise this cycle,eligible customer with recent purchase history
2011-12-10,13727,2,333.48,162,2,166.74,28.593055555555555,United Kingdom,0.0,0.0,2011-12-10,0.3191530607585731,Low,Do not prioritise this cycle,eligible customer with recent purchase history
2011-12-10,15452,2,291.48,146,2,145.74,29.490972222222222,United Kingdom,0.0,0.0,2011-12-10,0.3191385033557699,Low,Do not prioritise this cycle,eligible customer with recent purchase history
2011-12-10,15172,2,737.31,773,2,368.655,8.50625,United Kingdom,0.0,0.0,2011-12-10,0.3191351573031347,Low,Do not prioritise this cycle,purchased in the last 14 days
2011-12-10,16999,2,484.82,294,2,242.41,23.42152777777778,United Kingdom,0.0,0.0,2011-12-10,0.31910436519133695,Low,Do not prioritise this cycle,eligible customer with recent purchase history
2011-12-10,15854,3,366.76,159,2,122.25333333333333,4.43125,United Kingdom,0.0,0.0,2011-12-10,0.3190166424378332,Low,Do not prioritise this cycle,purchased in the last 14 days; frequent 90-day buyer
2011-12-10,18167,2,886.3800000000001,260,2,443.19000000000005,23.336111111111112,United Kingdom,18.0,0.06474820143884892,2011-12-10,0.31891522845935194,Low,Do not prioritise this cycle,eligible customer with recent purchase history
2011-12-10,14416,2,490.22,326,2,245.11,22.35972222222222,United Kingdom,0.0,0.0,2011-12-10,0.31889422872847184,Low,Do not prioritise this cycle,eligible customer with recent purchase history
2011-12-10,12985,2,1239.38,1533,2,619.69,0.5513888888888889,United Kingdom,120.0,0.07259528130671507,2011-12-10,0.3187543967160921,Low,Do not prioritise this cycle,purchased in the last 14 days
2011-12-10,13680,2,1330.83,741,2,665.415,1.4256944444444444,United Kingdom,0.0,0.0,2011-12-10,0.31854811731378896,Low,Do not prioritise this cycle,purchased in the last 14 days
2011-12-10,17287,2,361.7,209,2,180.85,26.439583333333335,United Kingdom,0.0,0.0,2011-12-10,0.3184906113375624,Low,Do not prioritise this cycle,eligible customer with recent purchase history
2011-12-10,18161,2,847.4300000000001,425,2,423.71500000000003,15.305555555555555,United Kingdom,2.0,0.00468384074941452,2011-12-10,0.31827205001097364,Low,Do not prioritise this cycle,eligible customer with recent purchase history
2011-12-10,16809,2,444.0,281,2,222.0,23.34375,United Kingdom,0.0,0.0,2011-12-10,0.31817857730581545,Low,Do not prioritise this cycle,eligible customer with recent purchase history
2011-12-10,16869,2,437.74,343,2,218.87,22.49861111111111,United Kingdom,4.0,0.011527377521613832,2011-12-10,0.3179344300578873,Low,Do not prioritise this cycle,eligible customer with recent purchase history
2011-12-10,14020,2,642.8,441,2,321.4,16.60972222222222,United Kingdom,0.0,0.0,2011-12-10,0.31783580146321244,Low,Do not prioritise this cycle,eligible customer with recent purchase history
2011-12-10,16283,2,984.4599999999999,795,2,492.22999999999996,5.4944444444444445,United Kingdom,12.0,0.01486988847583643,2011-12-10,0.317707210672499,Low,Do not prioritise this cycle,purchased in the last 14 days
2011-12-10,15680,2,854.7900000000001,621,2,427.39500000000004,9.426388888888889,United Kingdom,0.0,0.0,2011-12-10,0.3177057875009089,Low,Do not prioritise this cycle,purchased in the last 14 days
2011-12-10,13953,2,911.3199999999999,676,2,455.65999999999997,7.330555555555556,United Kingdom,0.0,0.0,2011-12-10,0.3176636713193272,Low,Do not prioritise this cycle,purchased in the last 14 days
2011-12-10,14449,2,505.79999999999995,421,2,252.89999999999998,18.495833333333334,United Kingdom,0.0,0.0,2011-12-10,0.3175349484585854,Low,Do not prioritise this cycle,eligible customer with recent purchase history
2011-12-10,17469,2,820.7,344,2,410.35,16.447916666666668,United Kingdom,0.0,0.0,2011-12-10,0.3174550739213364,Low,Do not prioritise this cycle,eligible customer with recent purchase history
2011-12-10,16818,2,821.1,582,2,410.55,10.55486111111111,United Kingdom,0.0,0.0,2011-12-10,0.31744953355526445,Low,Do not prioritise this cycle,purchased in the last 14 days
2011-12-10,18221,2,334.75,345,2,167.375,22.38888888888889,United Kingdom,0.0,0.0,2011-12-10,0.3174433172501261,Low,Do not prioritise this cycle,eligible customer with recent purchase history
2011-12-10,13094,2,381.6,360,2,190.8,21.411805555555556,United Kingdom,0.0,0.0,2011-12-10,0.31741248854259024,Low,Do not prioritise this cycle,eligible customer with recent purchase history
2011-12-10,16311,2,616.26,394,2,308.13,17.629166666666666,United Kingdom,0.0,0.0,2011-12-10,0.31735513821718236,Low,Do not prioritise this cycle,eligible customer with recent purchase history
2011-12-10,18236,2,241.05,93,2,120.525,29.6625,United Kingdom,0.0,0.0,2011-12-10,0.3173329422970652,Low,Do not prioritise this cycle,eligible customer with recent purchase history
2011-12-10,13410,2,458.02000000000004,218,2,229.01000000000002,24.352083333333333,United Kingdom,2.0,0.00909090909090909,2011-12-10,0.31725665709311507,Low,Do not prioritise this cycle,eligible customer with recent purchase history
2011-12-10,14140,2,935.05,811,2,467.525,3.6215277777777777,United Kingdom,2.0,0.0024600246002460025,2011-12-10,0.3172465596519251,Low,Do not prioritise this cycle,purchased in the last 14 days
2011-12-10,12610,2,643.29,419,2,321.645,22.601388888888888,Italy,8.0,0.01873536299765808,2011-12-10,0.3172290484873521,Low,Do not prioritise this cycle,eligible customer with recent purchase history
2011-12-10,14388,2,935.07,552,2,467.535,10.436111111111112,United Kingdom,5.0,0.008976660682226212,2011-12-10,0.31708233665398566,Low,Do not prioritise this cycle,purchased in the last 14 days
2011-12-10,13001,2,1203.4,626,2,601.7,4.38125,United Kingdom,0.0,0.0,2011-12-10,0.31705619553196995,Low,Do not prioritise this cycle,purchased in the last 14 days
2011-12-10,16748,2,605.7,388,2,302.85,17.571527777777778,United Kingdom,0.0,0.0,2011-12-10,0.31701098402746275,Low,Do not prioritise this cycle,eligible customer with recent purchase history
2011-12-10,17686,2,1150.1100000000001,518,2,575.0550000000001,7.347916666666666,United Kingdom,0.0,0.0,2011-12-10,0.31668923596740184,Low,Do not prioritise this cycle,purchased in the last 14 days
2011-12-10,15239,2,780.5899999999999,594,2,390.29499999999996,10.406944444444445,United Kingdom,3.0,0.005025125628140704,2011-12-10,0.31654922059656687,Low,Do not prioritise this cycle,purchased in the last 14 days
2011-12-10,15948,2,955.24,567,2,477.62,8.352777777777778,United Kingdom,0.0,0.0,2011-12-10,0.31650405866890374,Low,Do not prioritise this cycle,purchased in the last 14 days
2011-12-10,15116,2,561.78,393,2,280.89,17.48263888888889,United Kingdom,0.0,0.0,2011-12-10,0.3164933163497899,Low,Do not prioritise this cycle,eligible customer with recent purchase history
2011-12-10,16008,2,339.63,248,2,169.815,23.56111111111111,United Kingdom,0.0,0.0,2011-12-10,0.3162497757381783,Low,Do not prioritise this cycle,eligible customer with recent purchase history
2011-12-10,14214,2,105.22,80,2,52.61,30.561805555555555,United Kingdom,0.0,0.0,2011-12-10,0.3162139133967396,Low,Do not prioritise this cycle,eligible customer with recent purchase history
2011-12-10,13862,2,428.05999999999995,411,2,214.02999999999997,18.316666666666666,United Kingdom,0.0,0.0,2011-12-10,0.3161189979201959,Low,Do not prioritise this cycle,eligible customer with recent purchase history
2011-12-10,17463,2,650.77,370,2,325.385,16.430555555555557,United Kingdom,0.0,0.0,2011-12-10,0.3159551429984498,Low,Do not prioritise this cycle,eligible customer with recent purchase history
2011-12-10,13350,2,879.1200000000001,285,2,439.56000000000006,16.310416666666665,United Kingdom,3.0,0.010416666666666666,2011-12-10,0.31585195212544537,Low,Do not prioritise this cycle,eligible customer with recent purchase history
2011-12-10,16253,1,1983.46,1893,1,1983.46,66.61875,United Kingdom,0.0,0.0,2011-12-10,0.315836970893335,Low,Do not prioritise this cycle,eligible customer with recent purchase history
2011-12-10,18179,2,690.01,631,2,345.005,9.317361111111111,United Kingdom,0.0,0.0,2011-12-10,0.3157717956623019,Low,Do not prioritise this cycle,purchased in the last 14 days
2011-12-10,12882,2,1463.04,246,2,731.52,9.320833333333333,United Kingdom,0.0,0.0,2011-12-10,0.31576720817088444,Low,Do not prioritise this cycle,purchased in the last 14 days
2011-12-10,15355,2,235.4,38,2,117.7,29.427777777777777,United Kingdom,0.0,0.0,2011-12-10,0.3156300616428963,Low,Do not prioritise this cycle,eligible customer with recent purchase history
2011-12-10,17573,2,205.89000000000001,131,2,102.94500000000001,29.457638888888887,United Kingdom,6.0,0.043795620437956206,2011-12-10,0.3155384344849534,Low,Do not prioritise this cycle,eligible customer with recent purchase history
2011-12-10,15110,2,619.55,125,2,309.775,23.530555555555555,United Kingdom,4.0,0.031007751937984496,2011-12-10,0.3151749534974177,Low,Do not prioritise this cycle,eligible customer with recent purchase history
2011-12-10,14539,2,537.48,428,2,268.74,15.590277777777779,United Kingdom,0.0,0.0,2011-12-10,0.3151374561323371,Low,Do not prioritise this cycle,eligible customer with recent purchase history
2011-12-10,13835,2,297.23,151,2,148.615,25.349305555555556,United Kingdom,0.0,0.0,2011-12-10,0.3150938085246202,Low,Do not prioritise this cycle,eligible customer with recent purchase history
2011-12-10,15963,2,470.76,298,2,235.38,19.51875,United Kingdom,0.0,0.0,2011-12-10,0.315029791286231,Low,Do not prioritise this cycle,eligible customer with recent purchase history
2011-12-10,15654,2,922.53,475,2,461.265,9.452777777777778,United Kingdom,0.0,0.0,2011-12-10,0.3148927281211098,Low,Do not prioritise this cycle,purchased in the last 14 days
2011-12-10,16719,2,503.99,466,2,251.995,14.60625,United Kingdom,0.0,0.0,2011-12-10,0.31467125525759165,Low,Do not prioritise this cycle,eligible customer with recent purchase history
2011-12-10,14507,2,458.49,122,2,229.245,23.485416666666666,United Kingdom,0.0,0.0,2011-12-10,0.31448429258345323,Low,Do not prioritise this cycle,eligible customer with recent purchase history
2011-12-10,16298,2,483.9,148,2,241.95,22.500694444444445,United Kingdom,0.0,0.0,2011-12-10,0.3144541710118987,Low,Do not prioritise this cycle,eligible customer with recent purchase history
2011-12-10,17566,2,901.21,518,2,450.605,8.170833333333333,United Kingdom,0.0,0.0,2011-12-10,0.3144015917156952,Low,Do not prioritise this cycle,purchased in the last 14 days
2011-12-10,16469,2,373.55,159,2,186.775,23.48263888888889,United Kingdom,0.0,0.0,2011-12-10,0.31434864512816973,Low,Do not prioritise this cycle,eligible customer with recent purchase history
2011-12-10,17288,2,756.03,541,2,378.015,9.327083333333333,United Kingdom,0.0,0.0,2011-12-10,0.3143394234814838,Low,Do not prioritise this cycle,purchased in the last 14 days
2011-12-10,15932,2,609.9200000000001,816,2,304.96000000000004,4.282638888888889,United Kingdom,0.0,0.0,2011-12-10,0.31429423161082143,Low,Do not prioritise this cycle,purchased in the last 14 days
2011-12-10,12427,2,450.3,450,2,225.15,21.627777777777776,Germany,288.0,0.3902439024390244,2011-12-10,0.3139944677959891,Low,Do not prioritise this cycle,eligible customer with recent purchase history
2011-12-10,16855,2,328.4,164,2,164.2,23.497916666666665,United Kingdom,0.0,0.0,2011-12-10,0.3139240582629727,Low,Do not prioritise this cycle,eligible customer with recent purchase history
2011-12-10,15793,2,658.97,361,2,329.485,14.603472222222223,United Kingdom,1.0,0.0027624309392265192,2011-12-10,0.3137532181528039,Low,Do not prioritise this cycle,eligible customer with recent purchase history
2011-12-10,14948,2,462.74,220,2,231.37,23.280555555555555,United Kingdom,12.0,0.05172413793103448,2011-12-10,0.31368781485674785,Low,Do not prioritise this cycle,eligible customer with recent purchase history
2011-12-10,13647,2,874.26,454,2,437.13,9.5,United Kingdom,1.0,0.002197802197802198,2011-12-10,0.3136105789792705,Low,Do not prioritise this cycle,purchased in the last 14 days
2011-12-10,14649,2,833.0699999999999,668,2,416.53499999999997,4.479166666666667,United Kingdom,0.0,0.0,2011-12-10,0.31356362536525945,Low,Do not prioritise this cycle,purchased in the last 14 days
2011-12-10,13831,2,747.5999999999999,228,2,373.79999999999995,16.346527777777776,United Kingdom,0.0,0.0,2011-12-10,0.31350297579385555,Low,Do not prioritise this cycle,eligible customer with recent purchase history
2011-12-10,16347,2,887.6500000000001,353,2,443.82500000000005,11.448611111111111,United Kingdom,0.0,0.0,2011-12-10,0.3134157706745513,Low,Do not prioritise this cycle,purchased in the last 14 days
2011-12-10,15106,2,389.69,359,2,194.845,17.613888888888887,United Kingdom,1.0,0.002777777777777778,2011-12-10,0.31339512075730946,Low,Do not prioritise this cycle,eligible customer with recent purchase history
2011-12-10,16352,2,494.44,300,2,247.22,17.56111111111111,United Kingdom,0.0,0.0,2011-12-10,0.3133811730216856,Low,Do not prioritise this cycle,eligible customer with recent purchase history
2011-12-10,13167,2,361.78,326,2,180.89,18.483333333333334,United Kingdom,0.0,0.0,2011-12-10,0.3133131279306456,Low,Do not prioritise this cycle,eligible customer with recent purchase history
2011-12-10,17081,2,290.15999999999997,78,2,145.07999999999998,25.461111111111112,United Kingdom,0.0,0.0,2011-12-10,0.3132794840532387,Low,Do not prioritise this cycle,eligible customer with recent purchase history
2011-12-10,12635,1,879.54,766,1,879.54,89.53888888888889,Germany,0.0,0.0,2011-12-10,0.3131802905429864,Low,Do not prioritise this cycle,eligible customer with recent purchase history
2011-12-10,17034,2,603.72,312,2,301.86,16.365277777777777,United Kingdom,4.0,0.012658227848101266,2011-12-10,0.31293669922443285,Low,Do not prioritise this cycle,eligible customer with recent purchase history
2011-12-10,17549,2,148.86,210,2,74.43,23.584027777777777,United Kingdom,0.0,0.0,2011-12-10,0.31292089350975305,Low,Do not prioritise this cycle,eligible customer with recent purchase history
2011-12-10,13758,2,839.03,351,2,419.515,11.534027777777778,United Kingdom,0.0,0.0,2011-12-10,0.3128437840018157,Low,Do not prioritise this cycle,purchased in the last 14 days
2011-12-10,16365,2,677.8599999999999,179,2,338.92999999999995,17.525,United Kingdom,0.0,0.0,2011-12-10,0.3125968683184823,Low,Do not prioritise this cycle,eligible customer with recent purchase history
2011-12-10,17330,2,363.9,120,2,181.95,22.627777777777776,United Kingdom,0.0,0.0,2011-12-10,0.3123760355948308,Low,Do not prioritise this cycle,eligible customer with recent purchase history
2011-12-10,13940,2,448.08000000000004,276,2,224.04000000000002,17.364583333333332,United Kingdom,0.0,0.0,2011-12-10,0.3119981994097661,Low,Do not prioritise this cycle,eligible customer with recent purchase history
2011-12-10,14522,2,213.83999999999997,106,2,106.91999999999999,24.441666666666666,United Kingdom,0.0,0.0,2011-12-10,0.3119920989714439,Low,Do not prioritise this cycle,eligible customer with recent purchase history
2011-12-10,14550,2,765.62,394,2,382.81,10.491666666666667,United Kingdom,0.0,0.0,2011-12-10,0.31194686411204586,Low,Do not prioritise this cycle,purchased in the last 14 days
2011-12-10,13203,2,559.6,526,2,279.8,9.552083333333334,United Kingdom,0.0,0.0,2011-12-10,0.31173268868949444,Low,Do not prioritise this cycle,purchased in the last 14 days
2011-12-10,16657,2,487.51,561,2,243.755,9.508333333333333,United Kingdom,0.0,0.0,2011-12-10,0.3116663530768516,Low,Do not prioritise this cycle,purchased in the last 14 days
2011-12-10,13171,2,328.05999999999995,176,2,164.02999999999997,21.564583333333335,United Kingdom,2.0,0.011235955056179775,2011-12-10,0.3116593296297271,Low,Do not prioritise this cycle,eligible customer with recent purchase history
2011-12-10,15414,2,738.7,431,2,369.35,9.590277777777779,United Kingdom,0.0,0.0,2011-12-10,0.311624035293765,Low,Do not prioritise this cycle,purchased in the last 14 days
2011-12-10,17368,2,277.0,99,2,138.5,23.356944444444444,United Kingdom,0.0,0.0,2011-12-10,0.31150388968006204,Low,Do not prioritise this cycle,eligible customer with recent purchase history
2011-12-10,14790,2,381.02,315,2,190.51,16.605555555555554,United Kingdom,0.0,0.0,2011-12-10,0.31136893710126845,Low,Do not prioritise this cycle,eligible customer with recent purchase history
2011-12-10,15436,2,633.48,362,2,316.74,12.32986111111111,United Kingdom,0.0,0.0,2011-12-10,0.3113600747258861,Low,Do not prioritise this cycle,purchased in the last 14 days
2011-12-10,12749,2,1285.65,390,2,642.825,3.5861111111111112,United Kingdom,0.0,0.0,2011-12-10,0.31132962802695824,Low,Do not prioritise this cycle,purchased in the last 14 days
2011-12-10,17453,2,486.7199999999999,219,2,243.35999999999996,17.595833333333335,United Kingdom,0.0,0.0,2011-12-10,0.3112852567980554,Low,Do not prioritise this cycle,eligible customer with recent purchase history
2011-12-10,14766,2,942.05,365,2,471.025,8.32986111111111,United Kingdom,0.0,0.0,2011-12-10,0.31122773703455314,Low,Do not prioritise this cycle,purchased in the last 14 days
2011-12-10,18272,2,972.13,585,2,486.065,2.470138888888889,United Kingdom,0.0,0.0,2011-12-10,0.31117507546542644,Low,Do not prioritise this cycle,purchased in the last 14 days
2011-12-10,14640,2,624.02,308,2,312.01,24.45347222222222,United Kingdom,52.0,0.14444444444444443,2011-12-10,0.3111626231355622,Low,Do not prioritise this cycle,eligible customer with recent purchase history
2011-12-10,14508,2,276.41999999999996,131,2,138.20999999999998,22.175,United Kingdom,0.0,0.0,2011-12-10,0.31110001505314255,Low,Do not prioritise this cycle,eligible customer with recent purchase history
2011-12-10,14342,2,248.82,171,2,124.41,21.44375,United Kingdom,0.0,0.0,2011-12-10,0.3110168315884569,Low,Do not prioritise this cycle,eligible customer with recent purchase history
2011-12-10,13549,2,156.15,47,2,78.075,25.61111111111111,United Kingdom,0.0,0.0,2011-12-10,0.31097888407382757,Low,Do not prioritise this cycle,eligible customer with recent purchase history
2011-12-10,14138,2,982.3800000000001,610,2,491.19000000000005,1.4694444444444446,United Kingdom,0.0,0.0,2011-12-10,0.310914798919294,Low,Do not prioritise this cycle,purchased in the last 14 days
2011-12-10,13995,2,521.79,271,2,260.895,15.401388888888889,United Kingdom,0.0,0.0,2011-12-10,0.31080079253034315,Low,Do not prioritise this cycle,eligible customer with recent purchase history
2011-12-10,16407,2,597.31,347,2,298.655,12.538194444444445,United Kingdom,0.0,0.0,2011-12-10,0.31074425594801164,Low,Do not prioritise this cycle,purchased in the last 14 days
2011-12-10,13914,2,626.45,380,2,313.225,11.559027777777779,United Kingdom,1.0,0.0026246719160104987,2011-12-10,0.31073459282024324,Low,Do not prioritise this cycle,purchased in the last 14 days
2011-12-10,15274,2,716.5699999999999,619,2,358.28499999999997,4.29375,United Kingdom,0.0,0.0,2011-12-10,0.3106890950705315,Low,Do not prioritise this cycle,purchased in the last 14 days
2011-12-10,13822,2,632.0,611,2,316.0,5.490972222222222,United Kingdom,0.0,0.0,2011-12-10,0.3106478301419393,Low,Do not prioritise this cycle,purchased in the last 14 days
2011-12-10,17188,2,659.14,357,2,329.57,11.421527777777778,United Kingdom,0.0,0.0,2011-12-10,0.31063381319855876,Low,Do not prioritise this cycle,purchased in the last 14 days
2011-12-10,13510,2,893.75,643,2,446.875,1.426388888888889,United Kingdom,0.0,0.0,2011-12-10,0.3105929962406481,Low,Do not prioritise this cycle,purchased in the last 14 days
2011-12-10,13058,2,223.85,43,2,111.925,24.47013888888889,United Kingdom,0.0,0.0,2011-12-10,0.31056625195752646,Low,Do not prioritise this cycle,eligible customer with recent purchase history
2011-12-10,17779,2,335.48,149,2,167.74,21.40625,United Kingdom,3.0,0.019736842105263157,2011-12-10,0.3105311954542623,Low,Do not prioritise this cycle,eligible customer with recent purchase history
2011-12-10,15949,2,364.72,284,2,182.36,16.61875,United Kingdom,0.0,0.0,2011-12-10,0.31040233866640826,Low,Do not prioritise this cycle,eligible customer with recent purchase history
2011-12-10,13495,2,972.4399999999999,344,2,486.21999999999997,7.527083333333334,United Kingdom,0.0,0.0,2011-12-10,0.31026693416561196,Low,Do not prioritise this cycle,purchased in the last 14 days
2011-12-10,14309,2,718.83,433,2,359.415,8.435416666666667,United Kingdom,0.0,0.0,2011-12-10,0.3102555832124196,Low,Do not prioritise this cycle,purchased in the last 14 days
2011-12-10,17432,2,365.76,207,2,182.88,18.26875,United Kingdom,0.0,0.0,2011-12-10,0.31015885986091,Low,Do not prioritise this cycle,eligible customer with recent purchase history
2011-12-10,17864,2,389.09000000000003,427,2,194.54500000000002,12.53125,United Kingdom,0.0,0.0,2011-12-10,0.31014597907594366,Low,Do not prioritise this cycle,purchased in the last 14 days
2011-12-10,17091,2,1135.76,456,2,567.88,2.553472222222222,United Kingdom,0.0,0.0,2011-12-10,0.3100680550135791,Low,Do not prioritise this cycle,purchased in the last 14 days
2011-12-10,13960,2,230.22,142,2,115.11,21.35625,United Kingdom,0.0,0.0,2011-12-10,0.3099703192817118,Low,Do not prioritise this cycle,eligible customer with recent purchase history
2011-12-10,15394,2,747.1,364,2,373.55,9.50763888888889,United Kingdom,0.0,0.0,2011-12-10,0.3099665106619179,Low,Do not prioritise this cycle,purchased in the last 14 days
2011-12-10,17466,2,763.28,306,2,381.64,10.447916666666666,United Kingdom,0.0,0.0,2011-12-10,0.30966872577393684,Low,Do not prioritise this cycle,purchased in the last 14 days
2011-12-10,17666,2,728.1600000000001,596,2,364.08000000000004,3.620833333333333,United Kingdom,0.0,0.0,2011-12-10,0.3095766620027648,Low,Do not prioritise this cycle,purchased in the last 14 days
2011-12-10,17324,2,288.0,238,2,144.0,17.559722222222224,United Kingdom,0.0,0.0,2011-12-10,0.30924921259671584,Low,Do not prioritise this cycle,eligible customer with recent purchase history
2011-12-10,17975,2,532.81,201,2,266.405,15.439583333333333,United Kingdom,0.0,0.0,2011-12-10,0.3092254274181725,Low,Do not prioritise this cycle,eligible customer with recent purchase history
2011-12-10,18061,2,325.9,54,2,162.95,21.52777777777778,United Kingdom,0.0,0.0,2011-12-10,0.30913422916564753,Low,Do not prioritise this cycle,eligible customer with recent purchase history
2011-12-10,17163,2,293.1,66,2,146.55,21.627083333333335,United Kingdom,0.0,0.0,2011-12-10,0.3091266255877715,Low,Do not prioritise this cycle,eligible customer with recent purchase history
2011-12-10,14540,2,800.36,299,2,400.18,9.572916666666666,United Kingdom,0.0,0.0,2011-12-10,0.30907028748711024,Low,Do not prioritise this cycle,purchased in the last 14 days
2011-12-10,16711,2,741.1600000000001,580,2,370.58000000000004,3.311111111111111,United Kingdom,0.0,0.0,2011-12-10,0.30902544201309634,Low,Do not prioritise this cycle,purchased in the last 14 days
2011-12-10,17655,2,735.61,283,2,367.805,10.518055555555556,United Kingdom,0.0,0.0,2011-12-10,0.30882100716997934,Low,Do not prioritise this cycle,purchased in the last 14 days
2011-12-10,14713,2,636.75,379,2,318.375,9.315277777777778,United Kingdom,0.0,0.0,2011-12-10,0.30877466734103637,Low,Do not prioritise this cycle,purchased in the last 14 days
2011-12-10,12925,2,694.05,541,2,347.025,4.534027777777778,United Kingdom,0.0,0.0,2011-12-10,0.3087017055211862,Low,Do not prioritise this cycle,purchased in the last 14 days
2011-12-10,18001,2,417.23,363,2,208.615,12.331944444444444,United Kingdom,0.0,0.0,2011-12-10,0.30869499732882044,Low,Do not prioritise this cycle,purchased in the last 14 days
2011-12-10,13159,2,586.26,431,2,293.13,8.527777777777779,United Kingdom,0.0,0.0,2011-12-10,0.3086502394893402,Low,Do not prioritise this cycle,purchased in the last 14 days
2011-12-10,13673,2,396.91999999999996,119,2,198.45999999999998,18.492361111111112,United Kingdom,0.0,0.0,2011-12-10,0.30857340422976054,Low,Do not prioritise this cycle,eligible customer with recent purchase history
2011-12-10,17321,2,700.86,373,2,350.43,8.42986111111111,United Kingdom,0.0,0.0,2011-12-10,0.30852712256029863,Low,Do not prioritise this cycle,purchased in the last 14 days
2011-12-10,17299,2,400.92,398,2,200.46,11.499305555555555,United Kingdom,0.0,0.0,2011-12-10,0.3085252387940737,Low,Do not prioritise this cycle,purchased in the last 14 days
2011-12-10,13742,2,482.29999999999995,153,2,241.14999999999998,16.536805555555556,United Kingdom,0.0,0.0,2011-12-10,0.3085077917774726,Low,Do not prioritise this cycle,eligible customer with recent purchase history
2011-12-10,17302,2,474.02000000000004,230,2,237.01000000000002,14.6,United Kingdom,0.0,0.0,2011-12-10,0.3083711205165888,Low,Do not prioritise this cycle,eligible customer with recent purchase history
2011-12-10,14788,2,679.44,421,2,339.72,7.2875,United Kingdom,0.0,0.0,2011-12-10,0.308305699491568,Low,Do not prioritise this cycle,purchased in the last 14 days
2011-12-10,13389,2,540.0699999999999,314,2,270.03499999999997,11.415972222222223,United Kingdom,0.0,0.0,2011-12-10,0.30807313269059144,Low,Do not prioritise this cycle,purchased in the last 14 days
2011-12-10,13040,2,676.99,355,2,338.495,8.556944444444444,United Kingdom,0.0,0.0,2011-12-10,0.3079102544564047,Low,Do not prioritise this cycle,purchased in the last 14 days
2011-12-10,13555,2,2559.23,1792,1,1279.615,73.475,United Kingdom,0.0,0.0,2011-12-10,0.30778365053844464,Low,Do not prioritise this cycle,eligible customer with recent purchase history
2011-12-10,14696,2,620.4100000000001,544,2,310.20500000000004,4.428472222222222,United Kingdom,0.0,0.0,2011-12-10,0.3077561800150265,Low,Do not prioritise this cycle,purchased in the last 14 days
2011-12-10,13238,2,381.88,161,2,190.94,17.349305555555556,United Kingdom,2.0,0.012269938650306749,2011-12-10,0.30765929120692725,Low,Do not prioritise this cycle,eligible customer with recent purchase history
2011-12-10,14621,2,785.45,583,2,392.725,1.3180555555555555,United Kingdom,0.0,0.0,2011-12-10,0.30763879705789465,Low,Do not prioritise this cycle,purchased in the last 14 days
2011-12-10,17937,2,686.7,338,2,343.35,8.510416666666666,United Kingdom,0.0,0.0,2011-12-10,0.3075601795134383,Low,Do not prioritise this cycle,purchased in the last 14 days
2011-12-10,17144,2,984.5699999999999,483,2,492.28499999999997,1.2520833333333334,United Kingdom,0.0,0.0,2011-12-10,0.30754956607032047,Low,Do not prioritise this cycle,purchased in the last 14 days
2011-12-10,17096,2,578.19,161,2,289.095,15.374305555555555,United Kingdom,4.0,0.024242424242424242,2011-12-10,0.3074900796823197,Low,Do not prioritise this cycle,eligible customer with recent purchase history
2011-12-10,14741,2,535.38,283,2,267.69,11.633333333333333,United Kingdom,0.0,0.0,2011-12-10,0.3074616702352561,Low,Do not prioritise this cycle,purchased in the last 14 days
2011-12-10,12613,1,1755.8600000000001,878,1,1755.8600000000001,57.37569444444444,Germany,48.0,0.05183585313174946,2011-12-10,0.3071440678215118,Low,Do not prioritise this cycle,eligible customer with recent purchase history
2011-12-10,13978,2,196.79000000000002,315,2,98.39500000000001,14.516666666666667,United Kingdom,0.0,0.0,2011-12-10,0.30696785529202897,Low,Do not prioritise this cycle,eligible customer with recent purchase history
2011-12-10,14629,2,959.01,380,2,479.505,4.295138888888889,United Kingdom,4.0,0.010416666666666666,2011-12-10,0.30691243281668346,Low,Do not prioritise this cycle,purchased in the last 14 days
2011-12-10,14075,2,634.3399999999999,484,2,317.16999999999996,4.6402777777777775,United Kingdom,0.0,0.0,2011-12-10,0.3066485321565049,Low,Do not prioritise this cycle,purchased in the last 14 days
2011-12-10,15874,1,2198.13,1469,1,2198.13,63.47847222222222,United Kingdom,21.0,0.014093959731543624,2011-12-10,0.30661281127145135,Low,Do not prioritise this cycle,eligible customer with recent purchase history
2011-12-10,13596,2,697.04,406,2,348.52,5.499305555555556,United Kingdom,0.0,0.0,2011-12-10,0.30634909707806346,Low,Do not prioritise this cycle,purchased in the last 14 days
2011-12-10,16992,2,641.96,230,2,320.98,10.506944444444445,United Kingdom,0.0,0.0,2011-12-10,0.3063288899219917,Low,Do not prioritise this cycle,purchased in the last 14 days
2011-12-10,16261,2,328.45000000000005,109,2,164.22500000000002,17.275694444444444,United Kingdom,0.0,0.0,2011-12-10,0.3062502640329658,Low,Do not prioritise this cycle,eligible customer with recent purchase history
2011-12-10,13546,2,438.83000000000004,250,2,219.41500000000002,12.381944444444445,United Kingdom,0.0,0.0,2011-12-10,0.3061990615259585,Low,Do not prioritise this cycle,purchased in the last 14 days
2011-12-10,13630,2,670.3199999999999,418,2,335.15999999999997,5.363888888888889,United Kingdom,0.0,0.0,2011-12-10,0.3061807413084297,Low,Do not prioritise this cycle,purchased in the last 14 days
2011-12-10,17676,2,656.84,464,2,328.42,4.363888888888889,United Kingdom,0.0,0.0,2011-12-10,0.30615178826288414,Low,Do not prioritise this cycle,purchased in the last 14 days
2011-12-10,13064,2,460.24,232,2,230.12,12.478472222222223,United Kingdom,0.0,0.0,2011-12-10,0.30611358203473915,Low,Do not prioritise this cycle,purchased in the last 14 days
2011-12-10,15195,1,3861.0,1404,1,3861.0,2.486111111111111,United Kingdom,0.0,0.0,2011-12-10,0.3060238376571786,Low,Do not prioritise this cycle,purchased in the last 14 days
2011-12-10,15901,2,251.41,168,2,125.705,16.47013888888889,United Kingdom,0.0,0.0,2011-12-10,0.3059539611548713,Low,Do not prioritise this cycle,eligible customer with recent purchase history
2011-12-10,16942,2,471.45,214,2,235.725,12.472222222222221,United Kingdom,0.0,0.0,2011-12-10,0.3057988088523839,Low,Do not prioritise this cycle,purchased in the last 14 days
2011-12-10,18158,2,453.4,354,2,226.7,9.32013888888889,United Kingdom,1.0,0.0028169014084507044,2011-12-10,0.3056744621582403,Low,Do not prioritise this cycle,purchased in the last 14 days
2011-12-10,18230,2,663.84,286,2,331.92,9.443055555555556,United Kingdom,6.0,0.02054794520547945,2011-12-10,0.305546057521943,Low,Do not prioritise this cycle,purchased in the last 14 days
2011-12-10,14907,2,892.9200000000001,384,2,446.46000000000004,3.4069444444444446,United Kingdom,4.0,0.010309278350515464,2011-12-10,0.30530531041099085,Low,Do not prioritise this cycle,purchased in the last 14 days
2011-12-10,16811,2,547.0699999999999,477,2,273.53499999999997,4.514583333333333,United Kingdom,0.0,0.0,2011-12-10,0.305269854977122,Low,Do not prioritise this cycle,purchased in the last 14 days
2011-12-10,15743,2,350.40999999999997,97,2,175.20499999999998,16.278472222222224,United Kingdom,0.0,0.0,2011-12-10,0.3052220758015526,Low,Do not prioritise this cycle,eligible customer with recent purchase history
2011-12-10,17411,2,493.36,180,2,246.68,12.399305555555555,United Kingdom,0.0,0.0,2011-12-10,0.30515249430161634,Low,Do not prioritise this cycle,purchased in the last 14 days
2011-12-10,17595,2,388.78999999999996,229,2,194.39499999999998,12.327777777777778,United Kingdom,0.0,0.0,2011-12-10,0.30500545029800796,Low,Do not prioritise this cycle,purchased in the last 14 days
2011-12-10,14198,2,344.45000000000005,123,2,172.22500000000002,18.30902777777778,United Kingdom,8.0,0.061068702290076333,2011-12-10,0.3050019230950407,Low,Do not prioritise this cycle,eligible customer with recent purchase history
2011-12-10,16904,2,705.2,382,2,352.6,4.451388888888889,United Kingdom,0.0,0.0,2011-12-10,0.3048020685380187,Low,Do not prioritise this cycle,purchased in the last 14 days
2011-12-10,16885,2,280.86,147,2,140.43,15.430555555555555,United Kingdom,0.0,0.0,2011-12-10,0.30475317171562366,Low,Do not prioritise this cycle,eligible customer with recent purchase history
2011-12-10,13258,2,473.96000000000004,205,2,236.98000000000002,11.603472222222223,United Kingdom,0.0,0.0,2011-12-10,0.30473476753699474,Low,Do not prioritise this cycle,purchased in the last 14 days
2011-12-10,14887,1,1862.0,1100,1,1862.0,79.35277777777777,United Kingdom,0.0,0.0,2011-12-10,0.3045275994691333,Low,Do not prioritise this cycle,eligible customer with recent purchase history
2011-12-10,15341,1,2020.52,812,1,2020.52,80.59722222222223,United Kingdom,0.0,0.0,2011-12-10,0.3042708303977234,Low,Do not prioritise this cycle,eligible customer with recent purchase history
2011-12-10,13743,2,429.48,564,2,214.74,2.5770833333333334,United Kingdom,0.0,0.0,2011-12-10,0.30403350256312023,Low,Do not prioritise this cycle,purchased in the last 14 days
2011-12-10,16506,2,90.30000000000001,42,2,45.150000000000006,19.488194444444446,United Kingdom,0.0,0.0,2011-12-10,0.3038700834463724,Low,Do not prioritise this cycle,eligible customer with recent purchase history
2011-12-10,17503,2,558.96,486,2,279.48,2.6125,United Kingdom,0.0,0.0,2011-12-10,0.3037332799207235,Low,Do not prioritise this cycle,purchased in the last 14 days
2011-12-10,16189,2,215.48,134,2,107.74,15.509027777777778,United Kingdom,0.0,0.0,2011-12-10,0.3037044947269383,Low,Do not prioritise this cycle,eligible customer with recent purchase history
2011-12-10,14744,2,171.95,108,2,85.975,16.464583333333334,United Kingdom,0.0,0.0,2011-12-10,0.3034818933929786,Low,Do not prioritise this cycle,eligible customer with recent purchase history
2011-12-10,15132,2,135.70000000000002,46,2,67.85000000000001,18.28472222222222,United Kingdom,0.0,0.0,2011-12-10,0.30332367576490976,Low,Do not prioritise this cycle,eligible customer with recent purchase history
2011-12-10,14047,2,672.69,171,2,336.345,8.511805555555556,United Kingdom,0.0,0.0,2011-12-10,0.303245388495562,Low,Do not prioritise this cycle,purchased in the last 14 days
2011-12-10,15054,2,302.1,198,2,151.05,12.373611111111112,United Kingdom,0.0,0.0,2011-12-10,0.30321633526582903,Low,Do not prioritise this cycle,purchased in the last 14 days
2011-12-10,14711,2,503.38,177,2,251.69,10.376388888888888,United Kingdom,0.0,0.0,2011-12-10,0.30317579451771326,Low,Do not prioritise this cycle,purchased in the last 14 days
2011-12-10,16566,2,150.78,146,2,75.39,15.309722222222222,United Kingdom,0.0,0.0,2011-12-10,0.3030060209820244,Low,Do not prioritise this cycle,eligible customer with recent purchase history
2011-12-10,17954,2,442.51,399,2,221.255,5.40625,United Kingdom,0.0,0.0,2011-12-10,0.3029443491721978,Low,Do not prioritise this cycle,purchased in the last 14 days
2011-12-10,13884,2,591.35,235,2,295.675,7.3125,United Kingdom,0.0,0.0,2011-12-10,0.30262802472874845,Low,Do not prioritise this cycle,purchased in the last 14 days
2011-12-10,15714,2,330.88,187,2,165.44,11.52361111111111,United Kingdom,0.0,0.0,2011-12-10,0.30244921699479144,Low,Do not prioritise this cycle,purchased in the last 14 days
2011-12-10,13610,2,355.67,144,2,177.835,12.348611111111111,United Kingdom,1.0,0.006896551724137931,2011-12-10,0.3021861602047795,Low,Do not prioritise this cycle,purchased in the last 14 days
2011-12-10,17290,2,519.29,403,2,259.645,3.473611111111111,United Kingdom,0.0,0.0,2011-12-10,0.3020564252532255,Low,Do not prioritise this cycle,purchased in the last 14 days
2011-12-10,13509,2,274.7,307,2,137.35,8.57638888888889,United Kingdom,0.0,0.0,2011-12-10,0.30177865340466414,Low,Do not prioritise this cycle,purchased in the last 14 days
2011-12-10,16119,2,423.36,240,2,211.68,8.36736111111111,United Kingdom,0.0,0.0,2011-12-10,0.3017421824252563,Low,Do not prioritise this cycle,purchased in the last 14 days
2011-12-10,13277,2,132.5,90,2,66.25,15.610416666666667,United Kingdom,0.0,0.0,2011-12-10,0.3017002032546078,Low,Do not prioritise this cycle,eligible customer with recent purchase history
2011-12-10,13232,2,309.3,124,2,154.65,12.55625,United Kingdom,0.0,0.0,2011-12-10,0.30166118071413917,Low,Do not prioritise this cycle,purchased in the last 14 days
2011-12-10,13784,2,338.64000000000004,228,2,169.32000000000002,9.602083333333333,United Kingdom,0.0,0.0,2011-12-10,0.30163857302700137,Low,Do not prioritise this cycle,purchased in the last 14 days
2011-12-10,12357,1,6154.12,2699,1,6154.12,33.328472222222224,Switzerland,0.0,0.0,2011-12-10,0.3016365674074307,Low,Do not prioritise this cycle,eligible customer with recent purchase history
2011-12-10,17495,2,497.56000000000006,229,2,248.78000000000003,7.4944444444444445,United Kingdom,0.0,0.0,2011-12-10,0.3015107904450265,Low,Do not prioritise this cycle,purchased in the last 14 days
2011-12-10,13230,2,572.79,312,2,286.395,4.33125,United Kingdom,0.0,0.0,2011-12-10,0.30132514443352976,Low,Do not prioritise this cycle,purchased in the last 14 days
2011-12-10,16359,2,339.69,307,2,169.845,7.288888888888889,United Kingdom,0.0,0.0,2011-12-10,0.3012922080498727,Low,Do not prioritise this cycle,purchased in the last 14 days
2011-12-10,17221,2,335.13,288,2,167.565,7.434027777777778,United Kingdom,0.0,0.0,2011-12-10,0.3009132499246352,Low,Do not prioritise this cycle,purchased in the last 14 days
2011-12-10,14572,2,743.4000000000001,238,2,371.70000000000005,3.388888888888889,United Kingdom,0.0,0.0,2011-12-10,0.3006552000554326,Low,Do not prioritise this cycle,purchased in the last 14 days
2011-12-10,14083,2,469.51,331,2,234.755,4.448611111111111,United Kingdom,0.0,0.0,2011-12-10,0.300644858798567,Low,Do not prioritise this cycle,purchased in the last 14 days
2011-12-10,16949,2,392.52000000000004,405,2,196.26000000000002,3.5368055555555555,United Kingdom,0.0,0.0,2011-12-10,0.30061531823755516,Low,Do not prioritise this cycle,purchased in the last 14 days
2011-12-10,16281,1,2062.06,934,1,2062.06,72.37708333333333,United Kingdom,0.0,0.0,2011-12-10,0.3005451554694467,Low,Do not prioritise this cycle,eligible customer with recent purchase history
2011-12-10,13305,2,529.61,297,2,264.805,4.364583333333333,United Kingdom,0.0,0.0,2011-12-10,0.30046064782193177,Low,Do not prioritise this cycle,purchased in the last 14 days
2011-12-10,15434,2,454.20000000000005,168,2,227.10000000000002,8.435416666666667,United Kingdom,0.0,0.0,2011-12-10,0.30041565245051083,Low,Do not prioritise this cycle,purchased in the last 14 days
2011-12-10,13026,2,371.15999999999997,720,2,185.57999999999998,1.2930555555555556,United Kingdom,33.0,0.043824701195219126,2011-12-10,0.30041262046850736,Low,Do not prioritise this cycle,purchased in the last 14 days
2011-12-10,15145,2,470.7,318,2,235.35,4.277083333333334,United Kingdom,0.0,0.0,2011-12-10,0.3001693058789448,Low,Do not prioritise this cycle,purchased in the last 14 days
2011-12-10,14618,2,341.64,172,2,170.82,9.427083333333334,United Kingdom,0.0,0.0,2011-12-10,0.30012342070320697,Low,Do not prioritise this cycle,purchased in the last 14 days
2011-12-10,18219,2,702.64,289,2,351.32,2.5118055555555556,United Kingdom,2.0,0.006872852233676976,2011-12-10,0.30008371916302606,Low,Do not prioritise this cycle,purchased in the last 14 days
2011-12-10,17237,2,314.69,105,2,157.345,11.373611111111112,United Kingdom,0.0,0.0,2011-12-10,0.3000826539685728,Low,Do not prioritise this cycle,purchased in the last 14 days
2011-12-10,16561,2,511.12,244,2,255.56,5.506944444444445,United Kingdom,0.0,0.0,2011-12-10,0.3000678701046488,Low,Do not prioritise this cycle,purchased in the last 14 days
2011-12-10,17119,2,606.91,334,2,303.455,3.388888888888889,United Kingdom,7.0,0.020527859237536656,2011-12-10,0.2998590443883545,Low,Do not prioritise this cycle,purchased in the last 14 days
2011-12-10,13769,2,619.8900000000001,307,2,309.94500000000005,2.3694444444444445,United Kingdom,1.0,0.003246753246753247,2011-12-10,0.29960568495726286,Low,Do not prioritise this cycle,purchased in the last 14 days
2011-12-10,14441,2,1015.49,234,2,507.745,0.6201388888888889,United Kingdom,7.0,0.029045643153526972,2011-12-10,0.2993957515903609,Low,Do not prioritise this cycle,purchased in the last 14 days
2011-12-10,14243,2,282.82,190,2,141.41,8.533333333333333,United Kingdom,0.0,0.0,2011-12-10,0.298959552061763,Low,Do not prioritise this cycle,purchased in the last 14 days
2011-12-10,15031,2,406.35,286,2,203.175,4.403472222222222,United Kingdom,0.0,0.0,2011-12-10,0.29872399779729414,Low,Do not prioritise this cycle,purchased in the last 14 days
2011-12-10,14720,2,508.01,179,2,254.005,5.498611111111111,United Kingdom,0.0,0.0,2011-12-10,0.2984274975077417,Low,Do not prioritise this cycle,purchased in the last 14 days
2011-12-10,17673,2,419.35,400,2,209.675,1.4652777777777777,United Kingdom,2.0,0.004975124378109453,2011-12-10,0.29836594817637113,Low,Do not prioritise this cycle,purchased in the last 14 days
2011-12-10,15712,2,306.05,115,2,153.025,9.410416666666666,United Kingdom,0.0,0.0,2011-12-10,0.29827475653265434,Low,Do not prioritise this cycle,purchased in the last 14 days
2011-12-10,12390,1,504.84000000000003,350,1,504.84000000000003,79.60208333333334,Belgium,0.0,0.0,2011-12-10,0.2982723903673611,Low,Do not prioritise this cycle,eligible customer with recent purchase history
2011-12-10,15525,2,509.49,290,2,254.745,2.3868055555555556,United Kingdom,2.0,0.00684931506849315,2011-12-10,0.297629472681972,Low,Do not prioritise this cycle,purchased in the last 14 days
2011-12-10,15947,1,1708.24,898,1,1708.24,82.5513888888889,United Kingdom,0.0,0.0,2011-12-10,0.29731768393582547,Low,Do not prioritise this cycle,eligible customer with recent purchase history
2011-12-10,16368,2,497.43000000000006,260,2,248.71500000000003,2.45,United Kingdom,0.0,0.0,2011-12-10,0.29726314382172986,Low,Do not prioritise this cycle,purchased in the last 14 days
2011-12-10,16103,2,273.24,170,2,136.62,7.405555555555556,United Kingdom,0.0,0.0,2011-12-10,0.2972369202396915,Low,Do not prioritise this cycle,purchased in the last 14 days
2011-12-10,17567,2,1406.03,871,2,703.015,7.341666666666667,United Kingdom,202.0,0.18825722273998136,2011-12-10,0.29723205576446987,Low,Do not prioritise this cycle,purchased in the last 14 days
2011-12-10,17468,2,137.0,116,2,68.5,10.352083333333333,United Kingdom,0.0,0.0,2011-12-10,0.29717371257247144,Low,Do not prioritise this cycle,purchased in the last 14 days
2011-12-10,17405,2,638.1,392,2,319.05,1.2833333333333334,United Kingdom,21.0,0.05084745762711865,2011-12-10,0.2969259138487028,Low,Do not prioritise this cycle,purchased in the last 14 days
2011-12-10,13928,2,239.12,42,2,119.56,10.560416666666667,United Kingdom,0.0,0.0,2011-12-10,0.2968134339478957,Low,Do not prioritise this cycle,purchased in the last 14 days
2011-12-10,18154,2,399.18999999999994,255,2,199.59499999999997,3.3048611111111112,United Kingdom,0.0,0.0,2011-12-10,0.29679180025831015,Low,Do not prioritise this cycle,purchased in the last 14 days
2011-12-10,17737,2,168.24,108,2,84.12,9.363888888888889,United Kingdom,0.0,0.0,2011-12-10,0.29638204041308347,Low,Do not prioritise this cycle,purchased in the last 14 days
2011-12-10,16915,2,239.29000000000002,73,2,119.64500000000001,9.30625,United Kingdom,0.0,0.0,2011-12-10,0.2963338540877508,Low,Do not prioritise this cycle,purchased in the last 14 days
2011-12-10,17254,2,272.44,252,2,136.22,4.468055555555556,United Kingdom,0.0,0.0,2011-12-10,0.29632789081950117,Low,Do not prioritise this cycle,purchased in the last 14 days
2011-12-10,16682,2,217.78,278,2,108.89,4.490972222222222,United Kingdom,0.0,0.0,2011-12-10,0.296321234157513,Low,Do not prioritise this cycle,purchased in the last 14 days
2011-12-10,16817,2,425.32000000000005,248,2,212.66000000000003,2.5395833333333333,United Kingdom,0.0,0.0,2011-12-10,0.29618294676592155,Low,Do not prioritise this cycle,purchased in the last 14 days
2011-12-10,14785,2,77.4,84,2,38.7,10.44375,United Kingdom,0.0,0.0,2011-12-10,0.2957600924650869,Low,Do not prioritise this cycle,purchased in the last 14 days
2011-12-10,13083,2,303.75,187,2,151.875,4.374305555555556,United Kingdom,0.0,0.0,2011-12-10,0.29503183385178067,Low,Do not prioritise this cycle,purchased in the last 14 days
2011-12-10,14354,2,163.62,210,2,81.81,5.519444444444445,United Kingdom,0.0,0.0,2011-12-10,0.29502203910212627,Low,Do not prioritise this cycle,purchased in the last 14 days
2011-12-10,17232,2,421.52,203,2,210.76,2.4854166666666666,United Kingdom,0.0,0.0,2011-12-10,0.29498770004243496,Low,Do not prioritise this cycle,purchased in the last 14 days
2011-12-10,15883,2,396.48,223,2,198.24,2.2881944444444446,United Kingdom,0.0,0.0,2011-12-10,0.2949770078387583,Low,Do not prioritise this cycle,purchased in the last 14 days
2011-12-10,17988,2,55.12,16,2,27.56,11.541666666666666,United Kingdom,0.0,0.0,2011-12-10,0.294916267586783,Low,Do not prioritise this cycle,purchased in the last 14 days
2011-12-10,13956,2,346.15,106,2,173.075,5.444444444444445,United Kingdom,0.0,0.0,2011-12-10,0.29462805446370094,Low,Do not prioritise this cycle,purchased in the last 14 days
2011-12-10,14129,2,397.63,237,2,198.815,1.5402777777777779,United Kingdom,0.0,0.0,2011-12-10,0.2945956130881395,Low,Do not prioritise this cycle,purchased in the last 14 days
2011-12-10,15237,2,318.66999999999996,273,2,159.33499999999998,1.5930555555555554,United Kingdom,0.0,0.0,2011-12-10,0.2945674910101768,Low,Do not prioritise this cycle,purchased in the last 14 days
2011-12-10,16380,1,1780.59,1524,1,1780.59,61.34722222222222,United Kingdom,0.0,0.0,2011-12-10,0.2941964356067536,Low,Do not prioritise this cycle,eligible customer with recent purchase history
2011-12-10,16322,2,326.75,231,2,163.375,1.3465277777777778,United Kingdom,0.0,0.0,2011-12-10,0.293403428343271,Low,Do not prioritise this cycle,purchased in the last 14 days
2011-12-10,16313,2,274.15,165,2,137.075,3.4569444444444444,United Kingdom,0.0,0.0,2011-12-10,0.29323874469551964,Low,Do not prioritise this cycle,purchased in the last 14 days
2011-12-10,17736,2,69.95,25,2,34.975,9.35,United Kingdom,1.0,0.038461538461538464,2011-12-10,0.29192438812940974,Low,Do not prioritise this cycle,purchased in the last 14 days
2011-12-10,18237,2,261.54999999999995,157,2,130.77499999999998,2.4659722222222222,United Kingdom,0.0,0.0,2011-12-10,0.2919227926686134,Low,Do not prioritise this cycle,purchased in the last 14 days
2011-12-10,16182,1,1773.65,991,1,1773.65,72.44236111111111,United Kingdom,0.0,0.0,2011-12-10,0.2919171064967619,Low,Do not prioritise this cycle,eligible customer with recent purchase history
2011-12-10,17114,2,205.03,62,2,102.515,5.488194444444445,United Kingdom,0.0,0.0,2011-12-10,0.2919021366863542,Low,Do not prioritise this cycle,purchased in the last 14 days
2011-12-10,16120,4,1309.14,878,1,327.285,59.40138888888889,United Kingdom,12.0,0.01348314606741573,2011-12-10,0.2918305740626006,Low,Do not prioritise this cycle,frequent 90-day buyer
2011-12-10,12379,1,362.4,194,1,362.4,81.57708333333333,Belgium,0.0,0.0,2011-12-10,0.2914558507713519,Low,Do not prioritise this cycle,eligible customer with recent purchase history
2011-12-10,15980,2,1638.6799999999998,968,1,819.3399999999999,88.59652777777778,United Kingdom,0.0,0.0,2011-12-10,0.2913373144562848,Low,Do not prioritise this cycle,eligible customer with recent purchase history
2011-12-10,18005,2,243.77,92,2,121.885,3.50625,United Kingdom,0.0,0.0,2011-12-10,0.2911555634886979,Low,Do not prioritise this cycle,purchased in the last 14 days
2011-12-10,18030,2,230.64999999999998,67,2,115.32499999999999,4.307638888888889,United Kingdom,1.0,0.014705882352941176,2011-12-10,0.29062924399986584,Low,Do not prioritise this cycle,purchased in the last 14 days
2011-12-10,17266,2,197.57999999999998,134,2,98.78999999999999,2.408333333333333,United Kingdom,0.0,0.0,2011-12-10,0.2905427466591447,Low,Do not prioritise this cycle,purchased in the last 14 days
2011-12-10,17668,2,347.75,93,2,173.875,1.4409722222222223,United Kingdom,0.0,0.0,2011-12-10,0.2904123704503014,Low,Do not prioritise this cycle,purchased in the last 14 days
2011-12-10,13954,2,439.91999999999996,150,2,219.95999999999998,1.4652777777777777,United Kingdom,9.0,0.05660377358490566,2011-12-10,0.29017108767112076,Low,Do not prioritise this cycle,purchased in the last 14 days
2011-12-10,15969,2,357.4,80,2,178.7,2.5375,United Kingdom,4.0,0.047619047619047616,2011-12-10,0.2894183715223711,Low,Do not prioritise this cycle,purchased in the last 14 days
2011-12-10,16891,2,249.56,93,2,124.78,1.53125,United Kingdom,0.0,0.0,2011-12-10,0.2893239733961409,Low,Do not prioritise this cycle,purchased in the last 14 days
2011-12-10,14212,1,1070.48,1152,1,1070.48,89.46875,United Kingdom,0.0,0.0,2011-12-10,0.2881036948016899,Low,Do not prioritise this cycle,eligible customer with recent purchase history
2011-12-10,12516,1,656.86,526,1,656.86,77.61597222222223,Germany,0.0,0.0,2011-12-10,0.28758970985525195,Low,Do not prioritise this cycle,eligible customer with recent purchase history
2011-12-10,12348,1,270.0,216,1,270.0,75.44930555555555,Finland,0.0,0.0,2011-12-10,0.2865083719020915,Low,Do not prioritise this cycle,eligible customer with recent purchase history
2011-12-10,17919,1,1304.04,756,1,1304.04,88.42986111111111,United Kingdom,0.0,0.0,2011-12-10,0.2856356041631907,Low,Do not prioritise this cycle,eligible customer with recent purchase history
2011-12-10,12431,4,1582.88,796,3,395.72,35.50347222222222,Australia,0.0,0.0,2011-12-10,0.28537780502958066,Low,Do not prioritise this cycle,frequent 90-day buyer
2011-12-10,16984,1,1255.22,791,1,1255.22,88.42847222222223,United Kingdom,3.0,0.003778337531486146,2011-12-10,0.28432545679315074,Low,Do not prioritise this cycle,eligible customer with recent purchase history
2011-12-10,12352,3,744.23,277,3,248.07666666666668,36.390972222222224,Norway,0.0,0.0,2011-12-10,0.28402645357107376,Low,Do not prioritise this cycle,frequent 90-day buyer
2011-12-10,14175,1,2016.31,889,1,2016.31,59.50347222222222,United Kingdom,9.0,0.01002227171492205,2011-12-10,0.28386730596255066,Low,Do not prioritise this cycle,eligible customer with recent purchase history
2011-12-10,12397,1,1105.09,553,1,1105.09,35.58888888888889,Belgium,0.0,0.0,2011-12-10,0.2810218775765709,Low,Do not prioritise this cycle,eligible customer with recent purchase history
2011-12-10,15681,2,722.94,366,2,361.47,25.3125,United Kingdom,260.0,0.41533546325878595,2011-12-10,0.2807241142281523,Low,Do not prioritise this cycle,eligible customer with recent purchase history
2011-12-10,12667,1,460.13,391,1,460.13,58.291666666666664,Finland,0.0,0.0,2011-12-10,0.2806503475382116,Low,Do not prioritise this cycle,eligible customer with recent purchase history
2011-12-10,18079,2,1445.79,2357,1,722.895,45.35625,United Kingdom,0.0,0.0,2011-12-10,0.2804413220011538,Low,Do not prioritise this cycle,eligible customer with recent purchase history
2011-12-10,17037,1,1267.32,656,1,1267.32,87.46597222222222,United Kingdom,4.0,0.006060606060606061,2011-12-10,0.2804279590185069,Low,Do not prioritise this cycle,eligible customer with recent purchase history
2011-12-10,13124,1,1280.31,522,1,1280.31,89.46875,United Kingdom,0.0,0.0,2011-12-10,0.28027307920232497,Low,Do not prioritise this cycle,eligible customer with recent purchase history
2011-12-10,12520,1,516.41,336,1,516.41,79.35902777777778,Germany,0.0,0.0,2011-12-10,0.27996301254723416,Low,Do not prioritise this cycle,eligible customer with recent purchase history
2011-12-10,12701,1,424.63,430,1,424.63,79.55069444444445,Germany,0.0,0.0,2011-12-10,0.2792600598434024,Low,Do not prioritise this cycle,eligible customer with recent purchase history
2011-12-10,16126,1,2581.07,1041,1,2581.07,29.33125,United Kingdom,0.0,0.0,2011-12-10,0.27911876537014674,Low,Do not prioritise this cycle,eligible customer with recent purchase history
2011-12-10,12444,3,1738.19,487,3,579.3966666666666,21.44236111111111,Norway,0.0,0.0,2011-12-10,0.2790506353127974,Low,Do not prioritise this cycle,frequent 90-day buyer
2011-12-10,16308,1,960.0,3000,1,960.0,37.525,United Kingdom,0.0,0.0,2011-12-10,0.27832459404728455,Low,Do not prioritise this cycle,eligible customer with recent purchase history
2011-12-10,17313,1,2328.84,1402,1,2328.84,31.34375,United Kingdom,20.0,0.014064697609001406,2011-12-10,0.27820803125279875,Low,Do not prioritise this cycle,eligible customer with recent purchase history
2011-12-10,17672,1,2000.33,1047,1,2000.33,50.40416666666667,United Kingdom,15.0,0.014124293785310734,2011-12-10,0.27752102982930543,Low,Do not prioritise this cycle,eligible customer with recent purchase history
2011-12-10,12566,1,297.65,262,1,297.65,86.39583333333333,Germany,1.0,0.0038022813688212928,2011-12-10,0.27731498323841713,Low,Do not prioritise this cycle,eligible customer with recent purchase history
2011-12-10,12631,1,480.5,232,1,480.5,57.421527777777776,Finland,0.0,0.0,2011-12-10,0.27677103021371835,Low,Do not prioritise this cycle,eligible customer with recent purchase history
2011-12-10,15877,2,493.28,371,2,246.64,1.5048611111111112,United Kingdom,125.0,0.25201612903225806,2011-12-10,0.27639869840352116,Low,Do not prioritise this cycle,purchased in the last 14 days
2011-12-10,12612,1,668.0400000000001,260,1,668.0400000000001,74.35069444444444,Germany,11.0,0.04059040590405904,2011-12-10,0.2760610813536095,Low,Do not prioritise this cycle,eligible customer with recent purchase history
2011-12-10,12779,1,981.95,639,1,981.95,37.511805555555554,Poland,8.0,0.012364760432766615,2011-12-10,0.27595886912275097,Low,Do not prioritise this cycle,eligible customer with recent purchase history
2011-12-10,17084,2,2949.75,1816,1,1474.875,35.37916666666667,United Kingdom,0.0,0.0,2011-12-10,0.27583328018776593,Low,Do not prioritise this cycle,eligible customer with recent purchase history
2011-12-10,16652,2,2248.1000000000004,1206,1,1124.0500000000002,58.59861111111111,United Kingdom,1.0,0.0008285004142502071,2011-12-10,0.27522897523648654,Low,Do not prioritise this cycle,eligible customer with recent purchase history
2011-12-10,17838,2,1091.6,839,2,545.8,26.52777777777778,United Kingdom,458.0,0.35312259059367773,2011-12-10,0.27516541986326426,Low,Do not prioritise this cycle,eligible customer with recent purchase history
2011-12-10,13763,1,1714.96,728,1,1714.96,63.365972222222226,United Kingdom,0.0,0.0,2011-12-10,0.2749524201890478,Low,Do not prioritise this cycle,eligible customer with recent purchase history
2011-12-10,14049,1,2396.33,1699,1,2396.33,16.48611111111111,United Kingdom,13.0,0.007593457943925234,2011-12-10,0.274380875780883,Low,Do not prioritise this cycle,eligible customer with recent purchase history
2011-12-10,14124,1,419.58,1618,1,419.58,84.43611111111112,United Kingdom,0.0,0.0,2011-12-10,0.27228249994564957,Low,Do not prioritise this cycle,eligible customer with recent purchase history
2011-12-10,16745,1,821.6,948,1,821.6,86.50138888888888,United Kingdom,0.0,0.0,2011-12-10,0.27205008381323165,Low,Do not prioritise this cycle,eligible customer with recent purchase history
2011-12-10,12449,1,1216.71,517,1,1216.71,22.426388888888887,Belgium,0.0,0.0,2011-12-10,0.2714709230110046,Low,Do not prioritise this cycle,eligible customer with recent purchase history
2011-12-10,15978,1,1098.78,888,1,1098.78,77.36041666666667,United Kingdom,0.0,0.0,2011-12-10,0.27130024829875315,Low,Do not prioritise this cycle,eligible customer with recent purchase history
2011-12-10,13134,1,907.84,729,1,907.84,85.55902777777777,United Kingdom,4.0,0.005457025920873124,2011-12-10,0.2683476938427135,Low,Do not prioritise this cycle,eligible customer with recent purchase history
2011-12-10,13141,1,987.72,606,1,987.72,84.5875,United Kingdom,0.0,0.0,2011-12-10,0.2678723689826446,Low,Do not prioritise this cycle,eligible customer with recent purchase history
2011-12-10,12609,1,290.12,128,1,290.12,78.30972222222222,Germany,0.0,0.0,2011-12-10,0.26661143338915794,Low,Do not prioritise this cycle,eligible customer with recent purchase history
2011-12-10,18242,2,1538.41,609,1,769.205,72.42847222222223,United Kingdom,0.0,0.0,2011-12-10,0.26634951831742804,Low,Do not prioritise this cycle,eligible customer with recent purchase history
2011-12-10,14307,2,687.83,347,1,343.915,88.59861111111111,United Kingdom,0.0,0.0,2011-12-10,0.26564011676334603,Low,Do not prioritise this cycle,eligible customer with recent purchase history
2011-12-10,13015,1,1583.24,912,1,1583.24,53.44513888888889,United Kingdom,0.0,0.0,2011-12-10,0.26558290510572696,Low,Do not prioritise this cycle,eligible customer with recent purchase history
2011-12-10,12475,1,669.38,532,1,669.38,53.576388888888886,Germany,0.0,0.0,2011-12-10,0.2654042041678044,Low,Do not prioritise this cycle,eligible customer with recent purchase history
2011-12-10,16101,1,1290.7,757,1,1290.7,70.57083333333334,United Kingdom,19.0,0.024484536082474227,2011-12-10,0.26539105424283693,Low,Do not prioritise this cycle,eligible customer with recent purchase history
2011-12-10,15067,2,896.7099999999999,619,1,448.35499999999996,78.44444444444444,United Kingdom,0.0,0.0,2011-12-10,0.2648453696056446,Low,Do not prioritise this cycle,eligible customer with recent purchase history
2011-12-10,13055,2,869.55,642,1,434.775,78.39861111111111,United Kingdom,3.0,0.004651162790697674,2011-12-10,0.2645418412225036,Low,Do not prioritise this cycle,eligible customer with recent purchase history
2011-12-10,17097,2,314.89,209,2,157.445,2.2881944444444446,Spain,0.0,0.0,2011-12-10,0.2645342469620462,Low,Do not prioritise this cycle,purchased in the last 14 days
2011-12-10,13639,1,1033.34,800,1,1033.34,74.43333333333334,United Kingdom,0.0,0.0,2011-12-10,0.26441398407036176,Low,Do not prioritise this cycle,eligible customer with recent purchase history
2011-12-10,18235,1,1046.68,872,1,1046.68,71.64791666666666,United Kingdom,0.0,0.0,2011-12-10,0.26392374420596376,Low,Do not prioritise this cycle,eligible customer with recent purchase history
2011-12-10,16709,1,1045.28,330,1,1045.28,84.54444444444445,United Kingdom,0.0,0.0,2011-12-10,0.2634185781390192,Low,Do not prioritise this cycle,eligible customer with recent purchase history
2011-12-10,15321,2,1588.84,636,1,794.42,70.59722222222223,United Kingdom,18.0,0.027522935779816515,2011-12-10,0.26299624871691885,Low,Do not prioritise this cycle,eligible customer with recent purchase history
2011-12-10,15674,1,1066.94,649,1,1066.94,73.36319444444445,United Kingdom,0.0,0.0,2011-12-10,0.2611034968310671,Low,Do not prioritise this cycle,eligible customer with recent purchase history
2011-12-10,15673,1,776.63,450,1,776.63,88.325,United Kingdom,0.0,0.0,2011-12-10,0.26087954243651984,Low,Do not prioritise this cycle,eligible customer with recent purchase history
2011-12-10,13375,1,778.65,442,1,778.65,88.57013888888889,United Kingdom,1.0,0.002257336343115124,2011-12-10,0.2608114638913199,Low,Do not prioritise this cycle,eligible customer with recent purchase history
2011-12-10,16108,1,842.5,615,1,842.5,84.50833333333334,United Kingdom,16.0,0.025356576862123614,2011-12-10,0.26071186881315084,Low,Do not prioritise this cycle,eligible customer with recent purchase history
2011-12-10,12463,1,322.99,197,1,322.99,53.42777777777778,Belgium,13.0,0.06190476190476191,2011-12-10,0.26033340343086847,Low,Do not prioritise this cycle,eligible customer with recent purchase history
2011-12-10,15228,1,1162.68,750,1,1162.68,66.41944444444445,United Kingdom,0.0,0.0,2011-12-10,0.2601421761096069,Low,Do not prioritise this cycle,eligible customer with recent purchase history
2011-12-10,12408,1,679.5,360,1,679.5,32.48125,Belgium,0.0,0.0,2011-12-10,0.2596011945963874,Low,Do not prioritise this cycle,eligible customer with recent purchase history
2011-12-10,12527,1,63.790000000000006,13,1,63.790000000000006,81.50347222222223,Germany,0.0,0.0,2011-12-10,0.25957578881239246,Low,Do not prioritise this cycle,eligible customer with recent purchase history
2011-12-10,13908,1,907.94,559,1,907.94,79.50763888888889,United Kingdom,0.0,0.0,2011-12-10,0.2595409397196795,Low,Do not prioritise this cycle,eligible customer with recent purchase history
2011-12-10,12703,1,265.55,163,1,265.55,71.25555555555556,Germany,3.0,0.018072289156626505,2011-12-10,0.25929881753213885,Low,Do not prioritise this cycle,eligible customer with recent purchase history
2011-12-10,17354,1,1393.06,1006,1,1393.06,50.55972222222222,United Kingdom,0.0,0.0,2011-12-10,0.2588987004172966,Low,Do not prioritise this cycle,eligible customer with recent purchase history
2011-12-10,12579,1,386.42,282,1,386.42,78.28125,France,6.0,0.020833333333333332,2011-12-10,0.25846972248053884,Low,Do not prioritise this cycle,eligible customer with recent purchase history
2011-12-10,14488,1,1064.28,799,1,1064.28,67.60416666666667,United Kingdom,6.0,0.007453416149068323,2011-12-10,0.2582586108715633,Low,Do not prioritise this cycle,eligible customer with recent purchase history
2011-12-10,12965,1,771.91,283,1,771.91,89.35347222222222,United Kingdom,0.0,0.0,2011-12-10,0.2579102063728589,Low,Do not prioritise this cycle,eligible customer with recent purchase history
2011-12-10,18094,2,615.0,324,1,307.5,81.60555555555555,United Kingdom,0.0,0.0,2011-12-10,0.25790717612154,Low,Do not prioritise this cycle,eligible customer with recent purchase history
2011-12-10,14535,1,1210.28,863,1,1210.28,60.34791666666667,United Kingdom,6.0,0.006904487917146145,2011-12-10,0.2578201905322042,Low,Do not prioritise this cycle,eligible customer with recent purchase history
2011-12-10,12407,1,264.76,177,1,264.76,49.575694444444444,Belgium,0.0,0.0,2011-12-10,0.2576714095892824,Low,Do not prioritise this cycle,eligible customer with recent purchase history
2011-12-10,16767,4,755.1,510,1,188.775,30.595833333333335,United Kingdom,0.0,0.0,2011-12-10,0.25756337907477167,Low,Do not prioritise this cycle,frequent 90-day buyer
2011-12-10,14101,1,1032.3999999999999,536,1,1032.3999999999999,73.48055555555555,United Kingdom,0.0,0.0,2011-12-10,0.25755917801168765,Low,Do not prioritise this cycle,eligible customer with recent purchase history
2011-12-10,12530,1,404.63,311,1,404.63,59.47638888888889,Germany,0.0,0.0,2011-12-10,0.25723448179024866,Low,Do not prioritise this cycle,eligible customer with recent purchase history
2011-12-10,14163,1,786.52,304,1,786.52,87.3625,United Kingdom,0.0,0.0,2011-12-10,0.2570470707254897,Low,Do not prioritise this cycle,eligible customer with recent purchase history
2011-12-10,13373,1,1256.67,707,1,1256.67,60.547916666666666,United Kingdom,0.0,0.0,2011-12-10,0.25687397306838855,Low,Do not prioritise this cycle,eligible customer with recent purchase history
2011-12-10,17311,1,828.39,595,1,828.39,78.40902777777778,United Kingdom,0.0,0.0,2011-12-10,0.2567969629396413,Low,Do not prioritise this cycle,eligible customer with recent purchase history
2011-12-10,13635,1,1071.03,677,1,1071.03,67.54513888888889,United Kingdom,0.0,0.0,2011-12-10,0.2565820743580628,Low,Do not prioritise this cycle,eligible customer with recent purchase history
2011-12-10,16036,1,570.19,589,1,570.19,87.37986111111111,United Kingdom,0.0,0.0,2011-12-10,0.25650091332637137,Low,Do not prioritise this cycle,eligible customer with recent purchase history
2011-12-10,14014,1,505.18,1076,1,505.18,77.44583333333334,United Kingdom,0.0,0.0,2011-12-10,0.25631994159887705,Low,Do not prioritise this cycle,eligible customer with recent purchase history
2011-12-10,13771,2,1169.6,652,1,584.8,64.40416666666667,United Kingdom,0.0,0.0,2011-12-10,0.255854501860789,Low,Do not prioritise this cycle,eligible customer with recent purchase history
2011-12-10,13334,1,804.98,424,1,804.98,82.36041666666667,United Kingdom,0.0,0.0,2011-12-10,0.25580042552687354,Low,Do not prioritise this cycle,eligible customer with recent purchase history
2011-12-10,15299,2,1472.0,370,1,736.0,67.40347222222222,United Kingdom,0.0,0.0,2011-12-10,0.2556280061760488,Low,Do not prioritise this cycle,eligible customer with recent purchase history
2011-12-10,13979,1,869.87,639,1,869.87,73.43611111111112,United Kingdom,0.0,0.0,2011-12-10,0.25462185421275824,Low,Do not prioritise this cycle,eligible customer with recent purchase history
2011-12-10,15786,2,1771.3600000000001,1054,1,885.6800000000001,46.40763888888889,United Kingdom,5.0,0.004721435316336166,2011-12-10,0.25456597511983686,Low,Do not prioritise this cycle,eligible customer with recent purchase history
2011-12-10,12480,1,992.68,603,1,992.68,28.380555555555556,Germany,0.0,0.0,2011-12-10,0.2544973890653432,Low,Do not prioritise this cycle,eligible customer with recent purchase history
2011-12-10,12519,1,286.84,180,1,286.84,63.606944444444444,Germany,0.0,0.0,2011-12-10,0.25427868803181036,Low,Do not prioritise this cycle,eligible customer with recent purchase history
2011-12-10,13336,1,795.12,559,1,795.12,77.41319444444444,United Kingdom,0.0,0.0,2011-12-10,0.25403910478580044,Low,Do not prioritise this cycle,eligible customer with recent purchase history
2011-12-10,12567,1,1443.3,766,1,1443.3,22.540277777777778,France,0.0,0.0,2011-12-10,0.2540101029832157,Low,Do not prioritise this cycle,eligible customer with recent purchase history
2011-12-10,14680,2,3331.55,1360,2,1665.775,25.292361111111113,United Kingdom,939.0,0.40843845150065244,2011-12-10,0.25355497536628585,Low,Do not prioritise this cycle,eligible customer with recent purchase history
2011-12-10,13518,1,659.44,392,1,659.44,85.56319444444445,United Kingdom,0.0,0.0,2011-12-10,0.25333475453773924,Low,Do not prioritise this cycle,eligible customer with recent purchase history
2011-12-10,16751,1,1764.72,1031,1,1764.72,30.55,United Kingdom,0.0,0.0,2011-12-10,0.2532916033236186,Low,Do not prioritise this cycle,eligible customer with recent purchase history
2011-12-10,16268,2,617.65,532,1,308.825,71.22916666666667,United Kingdom,0.0,0.0,2011-12-10,0.25322382086171136,Low,Do not prioritise this cycle,eligible customer with recent purchase history
2011-12-10,17788,1,1101.2,208,1,1101.2,73.57708333333333,United Kingdom,0.0,0.0,2011-12-10,0.25254941196972264,Low,Do not prioritise this cycle,eligible customer with recent purchase history
2011-12-10,17594,1,678.18,330,1,678.18,85.30972222222222,United Kingdom,0.0,0.0,2011-12-10,0.25233201002242295,Low,Do not prioritise this cycle,eligible customer with recent purchase history
2011-12-10,16940,1,1181.52,933,1,1181.52,52.447916666666664,United Kingdom,0.0,0.0,2011-12-10,0.2522256948417436,Low,Do not prioritise this cycle,eligible customer with recent purchase history
2011-12-10,13611,1,535.08,346,1,535.08,89.38125,United Kingdom,0.0,0.0,2011-12-10,0.2517928611680587,Low,Do not prioritise this cycle,eligible customer with recent purchase history
2011-12-10,16141,1,620.4000000000001,238,1,620.4000000000001,88.45069444444445,United Kingdom,0.0,0.0,2011-12-10,0.25127945403222013,Low,Do not prioritise this cycle,eligible customer with recent purchase history
2011-12-10,13209,3,1735.5300000000002,998,1,578.5100000000001,30.420833333333334,United Kingdom,0.0,0.0,2011-12-10,0.2510789612051536,Low,Do not prioritise this cycle,frequent 90-day buyer
2011-12-10,16229,1,652.4,226,1,652.4,87.28055555555555,United Kingdom,0.0,0.0,2011-12-10,0.25098341043757316,Low,Do not prioritise this cycle,eligible customer with recent purchase history
2011-12-10,15075,1,773.03,447,1,773.03,77.48125,United Kingdom,0.0,0.0,2011-12-10,0.25092853080529404,Low,Do not prioritise this cycle,eligible customer with recent purchase history
2011-12-10,13356,1,768.24,325,1,768.24,80.39375,United Kingdom,0.0,0.0,2011-12-10,0.25068600715372635,Low,Do not prioritise this cycle,eligible customer with recent purchase history
2011-12-10,14894,1,655.75,265,1,655.75,85.42291666666667,United Kingdom,0.0,0.0,2011-12-10,0.2502947166735391,Low,Do not prioritise this cycle,eligible customer with recent purchase history
2011-12-10,17033,1,422.03999999999996,560,1,422.03999999999996,86.39305555555555,United Kingdom,0.0,0.0,2011-12-10,0.2502762410104101,Low,Do not prioritise this cycle,eligible customer with recent purchase history
2011-12-10,12694,1,376.17,183,1,376.17,70.45416666666667,France,0.0,0.0,2011-12-10,0.25016079333098556,Low,Do not prioritise this cycle,eligible customer with recent purchase history
2011-12-10,17640,1,621.66,250,1,621.66,86.61597222222223,United Kingdom,0.0,0.0,2011-12-10,0.2499522897934496,Low,Do not prioritise this cycle,eligible customer with recent purchase history
2011-12-10,16497,1,1414.99,607,1,1414.99,49.545138888888886,United Kingdom,0.0,0.0,2011-12-10,0.24983565145258382,Low,Do not prioritise this cycle,eligible customer with recent purchase history
2011-12-10,16875,1,957.33,581,1,957.33,67.43125,United Kingdom,7.0,0.011904761904761904,2011-12-10,0.24964418150420947,Low,Do not prioritise this cycle,eligible customer with recent purchase history
2011-12-10,12557,1,2990.0,920,1,2990.0,16.292361111111113,Spain,0.0,0.0,2011-12-10,0.24956643754046054,Low,Do not prioritise this cycle,eligible customer with recent purchase history
2011-12-10,13344,2,887.5699999999999,372,1,443.78499999999997,67.59375,United Kingdom,0.0,0.0,2011-12-10,0.24942204434545168,Low,Do not prioritise this cycle,eligible customer with recent purchase history
2011-12-10,12722,1,49.980000000000004,6,1,49.980000000000004,85.38194444444444,France,0.0,0.0,2011-12-10,0.2492678812972263,Low,Do not prioritise this cycle,eligible customer with recent purchase history
2011-12-10,17802,1,652.62,345,1,652.62,82.37777777777778,United Kingdom,0.0,0.0,2011-12-10,0.24924963589989438,Low,Do not prioritise this cycle,eligible customer with recent purchase history
2011-12-10,16480,1,769.29,455,1,769.29,75.51388888888889,United Kingdom,0.0,0.0,2011-12-10,0.24924055948726176,Low,Do not prioritise this cycle,eligible customer with recent purchase history
2011-12-10,18192,1,957.97,339,1,957.97,71.58819444444444,United Kingdom,0.0,0.0,2011-12-10,0.24914655934035757,Low,Do not prioritise this cycle,eligible customer with recent purchase history
2011-12-10,12740,1,427.59999999999997,342,1,427.59999999999997,63.55277777777778,France,0.0,0.0,2011-12-10,0.24914264114539583,Low,Do not prioritise this cycle,eligible customer with recent purchase history
2011-12-10,13224,1,940.69,850,1,940.69,60.37847222222222,United Kingdom,6.0,0.007009345794392523,2011-12-10,0.24900479416582624,Low,Do not prioritise this cycle,eligible customer with recent purchase history
2011-12-10,13317,1,959.7,535,1,959.7,66.43402777777777,United Kingdom,1.0,0.0018656716417910447,2011-12-10,0.2487658674832377,Low,Do not prioritise this cycle,eligible customer with recent purchase history
2011-12-10,16258,1,1462.45,649,1,1462.45,45.4375,United Kingdom,0.0,0.0,2011-12-10,0.248607182775266,Low,Do not prioritise this cycle,eligible customer with recent purchase history
2011-12-10,12576,1,379.28000000000003,302,1,379.28000000000003,35.575694444444444,Poland,0.0,0.0,2011-12-10,0.2482999192155854,Low,Do not prioritise this cycle,eligible customer with recent purchase history
2011-12-10,13354,1,743.53,604,1,743.53,71.44652777777777,United Kingdom,0.0,0.0,2011-12-10,0.24809361717809011,Low,Do not prioritise this cycle,eligible customer with recent purchase history
2011-12-10,14305,1,810.51,507,1,810.51,71.3548611111111,United Kingdom,0.0,0.0,2011-12-10,0.24799167239971967,Low,Do not prioritise this cycle,eligible customer with recent purchase history
2011-12-10,14753,1,563.15,211,1,563.15,87.38194444444444,United Kingdom,0.0,0.0,2011-12-10,0.24794263604499445,Low,Do not prioritise this cycle,eligible customer with recent purchase history
2011-12-10,17333,1,494.25,375,1,494.25,85.57569444444445,United Kingdom,0.0,0.0,2011-12-10,0.24777116760520057,Low,Do not prioritise this cycle,eligible customer with recent purchase history
2011-12-10,12492,1,118.82000000000001,122,1,118.82000000000001,63.364583333333336,Germany,0.0,0.0,2011-12-10,0.24749327364714743,Low,Do not prioritise this cycle,eligible customer with recent purchase history
2011-12-10,13878,1,1281.53,475,1,1281.53,54.486805555555556,United Kingdom,0.0,0.0,2011-12-10,0.24713997466527868,Low,Do not prioritise this cycle,eligible customer with recent purchase history
2011-12-10,13325,1,675.3,240,1,675.3,81.55833333333334,United Kingdom,0.0,0.0,2011-12-10,0.24694497656649605,Low,Do not prioritise this cycle,eligible customer with recent purchase history
2011-12-10,16211,1,547.02,154,1,547.02,88.49236111111111,United Kingdom,1.0,0.0064516129032258064,2011-12-10,0.24689627549974433,Low,Do not prioritise this cycle,eligible customer with recent purchase history
2011-12-10,17027,2,234.41,133,1,117.205,78.48333333333333,United Kingdom,0.0,0.0,2011-12-10,0.24672855938820723,Low,Do not prioritise this cycle,eligible customer with recent purchase history
2011-12-10,12611,1,1193.32,846,1,1193.32,52.45,Italy,0.0,0.0,2011-12-10,0.24672681828202686,Low,Do not prioritise this cycle,eligible customer with recent purchase history
2011-12-10,13918,1,1014.64,1040,1,1014.64,49.482638888888886,United Kingdom,0.0,0.0,2011-12-10,0.24670240721369655,Low,Do not prioritise this cycle,eligible customer with recent purchase history
2011-12-10,12588,1,174.89999999999998,52,1,174.89999999999998,39.37430555555556,Finland,0.0,0.0,2011-12-10,0.24634018489395593,Low,Do not prioritise this cycle,eligible customer with recent purchase history
2011-12-10,12604,1,75.68,64,1,75.68,79.41111111111111,France,0.0,0.0,2011-12-10,0.24607064747805574,Low,Do not prioritise this cycle,eligible customer with recent purchase history
2011-12-10,15417,1,508.8,284,1,508.8,85.35694444444445,United Kingdom,0.0,0.0,2011-12-10,0.24605337365438962,Low,Do not prioritise this cycle,eligible customer with recent purchase history
2011-12-10,15322,1,679.68,416,1,679.68,85.60138888888889,United Kingdom,51.0,0.10920770877944326,2011-12-10,0.24593370728301492,Low,Do not prioritise this cycle,eligible customer with recent purchase history
2011-12-10,12718,1,202.25,201,1,202.25,71.30694444444444,France,0.0,0.0,2011-12-10,0.24586677717992067,Low,Do not prioritise this cycle,eligible customer with recent purchase history
2011-12-10,15255,1,890.85,489,1,890.85,66.47013888888888,United Kingdom,0.0,0.0,2011-12-10,0.24580760594908735,Low,Do not prioritise this cycle,eligible customer with recent purchase history
2011-12-10,14844,1,932.13,532,1,932.13,63.55486111111111,United Kingdom,0.0,0.0,2011-12-10,0.2454661089165768,Low,Do not prioritise this cycle,eligible customer with recent purchase history
2011-12-10,13016,2,364.64,212,1,182.32,73.41111111111111,United Kingdom,0.0,0.0,2011-12-10,0.24539628720137896,Low,Do not prioritise this cycle,eligible customer with recent purchase history
2011-12-10,14561,1,513.77,639,1,513.77,75.47291666666666,United Kingdom,0.0,0.0,2011-12-10,0.24523511570901385,Low,Do not prioritise this cycle,eligible customer with recent purchase history
2011-12-10,12637,1,322.4,156,1,322.4,67.4263888888889,France,0.0,0.0,2011-12-10,0.24522269769905897,Low,Do not prioritise this cycle,eligible customer with recent purchase history
2011-12-10,15636,1,418.06,202,1,418.06,89.52986111111112,United Kingdom,0.0,0.0,2011-12-10,0.24511562336781645,Low,Do not prioritise this cycle,eligible customer with recent purchase history
2011-12-10,17002,1,500.21,257,1,500.21,85.47222222222223,United Kingdom,1.0,0.003875968992248062,2011-12-10,0.24509088954346303,Low,Do not prioritise this cycle,eligible customer with recent purchase history
2011-12-10,12633,1,197.23000000000002,93,1,197.23000000000002,58.513888888888886,Germany,0.0,0.0,2011-12-10,0.24504397806194303,Low,Do not prioritise this cycle,eligible customer with recent purchase history
2011-12-10,12728,1,201.01999999999998,162,1,201.01999999999998,71.35347222222222,France,0.0,0.0,2011-12-10,0.24502459557988995,Low,Do not prioritise this cycle,eligible customer with recent purchase history
2011-12-10,16493,1,569.34,458,1,569.34,79.53472222222223,United Kingdom,11.0,0.023454157782515993,2011-12-10,0.24476972422686286,Low,Do not prioritise this cycle,eligible customer with recent purchase history
2011-12-10,12842,1,808.26,390,1,808.26,70.35208333333334,United Kingdom,0.0,0.0,2011-12-10,0.24450115986119336,Low,Do not prioritise this cycle,eligible customer with recent purchase history
2011-12-10,16532,1,2232.0,480,1,2232.0,17.53611111111111,United Kingdom,0.0,0.0,2011-12-10,0.24438339715763416,Low,Do not prioritise this cycle,eligible customer with recent purchase history
2011-12-10,13689,1,910.0,512,1,910.0,63.44375,United Kingdom,0.0,0.0,2011-12-10,0.24425022218810583,Low,Do not prioritise this cycle,eligible customer with recent purchase history
2011-12-10,17545,3,645.96,341,1,215.32000000000002,43.41388888888889,United Kingdom,0.0,0.0,2011-12-10,0.24381550415102254,Low,Do not prioritise this cycle,frequent 90-day buyer
2011-12-10,15099,1,410.48,343,1,410.48,84.44930555555555,United Kingdom,0.0,0.0,2011-12-10,0.24348727540254653,Low,Do not prioritise this cycle,eligible customer with recent purchase history
2011-12-10,13562,1,571.75,227,1,571.75,81.54791666666667,United Kingdom,0.0,0.0,2011-12-10,0.24344084708394687,Low,Do not prioritise this cycle,eligible customer with recent purchase history
2011-12-10,14639,2,995.26,642,1,497.63,52.37083333333333,United Kingdom,0.0,0.0,2011-12-10,0.24307721584539765,Low,Do not prioritise this cycle,eligible customer with recent purchase history
2011-12-10,16131,2,1228.0400000000002,558,1,614.0200000000001,51.50486111111111,United Kingdom,0.0,0.0,2011-12-10,0.243008402183941,Low,Do not prioritise this cycle,eligible customer with recent purchase history
2011-12-10,16556,1,757.42,548,1,757.42,66.51666666666667,United Kingdom,0.0,0.0,2011-12-10,0.2429906443893585,Low,Do not prioritise this cycle,eligible customer with recent purchase history
2011-12-10,13365,1,1524.77,843,1,1524.77,33.475,United Kingdom,9.0,0.01056338028169014,2011-12-10,0.24298198329472062,Low,Do not prioritise this cycle,eligible customer with recent purchase history
2011-12-10,15366,1,496.97,560,1,496.97,75.37430555555555,United Kingdom,0.0,0.0,2011-12-10,0.2429245237840049,Low,Do not prioritise this cycle,eligible customer with recent purchase history
2011-12-10,12762,2,1702.52,1220,2,851.26,7.567361111111111,Portugal,0.0,0.0,2011-12-10,0.24266380822150307,Low,Do not prioritise this cycle,purchased in the last 14 days
2011-12-10,15826,2,934.3100000000001,475,1,467.15500000000003,56.329861111111114,United Kingdom,1.0,0.0021008403361344537,2011-12-10,0.2421143852197504,Low,Do not prioritise this cycle,eligible customer with recent purchase history
2011-12-10,13340,2,1506.94,622,1,753.47,45.447916666666664,United Kingdom,0.0,0.0,2011-12-10,0.2421003297702396,Low,Do not prioritise this cycle,eligible customer with recent purchase history
2011-12-10,14837,1,303.94,210,1,303.94,89.54305555555555,United Kingdom,0.0,0.0,2011-12-10,0.24177488869292038,Low,Do not prioritise this cycle,eligible customer with recent purchase history
2011-12-10,13372,1,328.64,158,1,328.64,89.46805555555555,United Kingdom,0.0,0.0,2011-12-10,0.24135448677630617,Low,Do not prioritise this cycle,eligible customer with recent purchase history
2011-12-10,16796,1,305.62,186,1,305.62,89.41597222222222,United Kingdom,0.0,0.0,2011-12-10,0.2412021954324605,Low,Do not prioritise this cycle,eligible customer with recent purchase history
2011-12-10,12428,1,328.34000000000003,148,1,328.34000000000003,25.65138888888889,Finland,0.0,0.0,2011-12-10,0.24118338507558706,Low,Do not prioritise this cycle,eligible customer with recent purchase history
2011-12-10,16715,1,301.71999999999997,642,1,301.71999999999997,78.23958333333333,United Kingdom,0.0,0.0,2011-12-10,0.24116453710598004,Low,Do not prioritise this cycle,eligible customer with recent purchase history
2011-12-10,18173,1,378.0,192,1,378.0,86.52361111111111,United Kingdom,0.0,0.0,2011-12-10,0.2410472602083689,Low,Do not prioritise this cycle,eligible customer with recent purchase history
2011-12-10,15035,1,252.73000000000002,245,1,252.73000000000002,89.53611111111111,United Kingdom,0.0,0.0,2011-12-10,0.2409460056613571,Low,Do not prioritise this cycle,eligible customer with recent purchase history
2011-12-10,14854,1,458.2,391,1,458.2,78.29166666666667,United Kingdom,0.0,0.0,2011-12-10,0.24063983186243978,Low,Do not prioritise this cycle,eligible customer with recent purchase history
2011-12-10,12885,2,529.87,309,1,264.935,63.43055555555556,United Kingdom,0.0,0.0,2011-12-10,0.24056536014343152,Low,Do not prioritise this cycle,eligible customer with recent purchase history
2011-12-10,15416,1,839.99,392,1,839.99,64.59861111111111,United Kingdom,0.0,0.0,2011-12-10,0.24052063075664826,Low,Do not prioritise this cycle,eligible customer with recent purchase history
2011-12-10,17433,1,303.16,185,1,303.16,88.4,United Kingdom,0.0,0.0,2011-12-10,0.24022679037893385,Low,Do not prioritise this cycle,eligible customer with recent purchase history
2011-12-10,16563,1,1077.74,486,1,1077.74,53.50625,United Kingdom,0.0,0.0,2011-12-10,0.24022412585954936,Low,Do not prioritise this cycle,eligible customer with recent purchase history
2011-12-10,16573,1,370.98,249,1,370.98,84.61597222222223,United Kingdom,1.0,0.004,2011-12-10,0.2401890557569947,Low,Do not prioritise this cycle,eligible customer with recent purchase history
2011-12-10,15975,1,371.01,243,1,371.01,84.43541666666667,United Kingdom,0.0,0.0,2011-12-10,0.24011764075350134,Low,Do not prioritise this cycle,eligible customer with recent purchase history
2011-12-10,17480,1,511.82,338,1,511.82,77.51458333333333,United Kingdom,2.0,0.0058823529411764705,2011-12-10,0.24010894921176723,Low,Do not prioritise this cycle,eligible customer with recent purchase history
2011-12-10,12766,2,1925.44,1147,2,962.72,3.6347222222222224,Portugal,0.0,0.0,2011-12-10,0.24006881605226352,Low,Do not prioritise this cycle,purchased in the last 14 days
2011-12-10,17805,1,512.3100000000001,478,1,512.3100000000001,73.50763888888889,United Kingdom,0.0,0.0,2011-12-10,0.24002130813567,Low,Do not prioritise this cycle,eligible customer with recent purchase history
2011-12-10,14591,3,1196.92,1192,1,398.97333333333336,15.41875,United Kingdom,0.0,0.0,2011-12-10,0.23996856098763902,Low,Do not prioritise this cycle,frequent 90-day buyer
2011-12-10,13320,1,567.55,309,1,567.55,78.24513888888889,United Kingdom,12.0,0.037383177570093455,2011-12-10,0.23992681760473752,Low,Do not prioritise this cycle,eligible customer with recent purchase history
2011-12-10,15466,1,334.53,246,1,334.53,85.41111111111111,United Kingdom,0.0,0.0,2011-12-10,0.23990791952238275,Low,Do not prioritise this cycle,eligible customer with recent purchase history
2011-12-10,12924,1,278.43,196,1,278.43,88.42013888888889,United Kingdom,0.0,0.0,2011-12-10,0.23972246090162622,Low,Do not prioritise this cycle,eligible customer with recent purchase history
2011-12-10,13662,1,364.82,180,1,364.82,85.49722222222222,United Kingdom,0.0,0.0,2011-12-10,0.23950109302957376,Low,Do not prioritise this cycle,eligible customer with recent purchase history
2011-12-10,18215,1,299.34000000000003,118,1,299.34000000000003,89.32986111111111,United Kingdom,0.0,0.0,2011-12-10,0.2394834974814292,Low,Do not prioritise this cycle,eligible customer with recent purchase history
2011-12-10,18194,1,973.8399999999999,632,1,973.8399999999999,82.43819444444445,United Kingdom,184.0,0.22549019607843138,2011-12-10,0.2392257607014665,Low,Do not prioritise this cycle,eligible customer with recent purchase history
2011-12-10,16934,2,950.9300000000001,399,1,475.46500000000003,54.47222222222222,United Kingdom,0.0,0.0,2011-12-10,0.23922390903071,Low,Do not prioritise this cycle,eligible customer with recent purchase history
2011-12-10,13563,1,466.65,63,1,466.65,84.38541666666667,United Kingdom,0.0,0.0,2011-12-10,0.23916089290578266,Low,Do not prioritise this cycle,eligible customer with recent purchase history
2011-12-10,17244,1,954.9,616,1,954.9,53.361805555555556,United Kingdom,0.0,0.0,2011-12-10,0.23911649585541225,Low,Do not prioritise this cycle,eligible customer with recent purchase history
2011-12-10,15343,1,364.5,84,1,364.5,87.42013888888889,United Kingdom,0.0,0.0,2011-12-10,0.23910376210581197,Low,Do not prioritise this cycle,eligible customer with recent purchase history
2011-12-10,15939,1,254.76,156,1,254.76,89.52083333333333,United Kingdom,0.0,0.0,2011-12-10,0.23909619699046744,Low,Do not prioritise this cycle,eligible customer with recent purchase history
2011-12-10,17047,1,351.47,181,1,351.47,85.43958333333333,United Kingdom,0.0,0.0,2011-12-10,0.239065242194151,Low,Do not prioritise this cycle,eligible customer with recent purchase history
2011-12-10,15523,1,412.01,132,1,412.01,84.31319444444445,United Kingdom,0.0,0.0,2011-12-10,0.23889998831332293,Low,Do not prioritise this cycle,eligible customer with recent purchase history
2011-12-10,12778,2,261.17,363,2,130.585,19.520833333333332,Netherlands,0.0,0.0,2011-12-10,0.23888747838811136,Low,Do not prioritise this cycle,eligible customer with recent purchase history
2011-12-10,13853,1,1090.14,312,1,1090.14,57.40416666666667,United Kingdom,8.0,0.025,2011-12-10,0.23874410228474602,Low,Do not prioritise this cycle,eligible customer with recent purchase history
2011-12-10,14389,1,732.32,540,1,732.32,65.36319444444445,United Kingdom,15.0,0.02702702702702703,2011-12-10,0.23871419253035134,Low,Do not prioritise this cycle,eligible customer with recent purchase history
2011-12-10,13849,1,944.37,684,1,944.37,51.54236111111111,United Kingdom,0.0,0.0,2011-12-10,0.23867613579937544,Low,Do not prioritise this cycle,eligible customer with recent purchase history
2011-12-10,16140,1,601.04,626,1,601.04,65.48958333333333,United Kingdom,2.0,0.0031847133757961785,2011-12-10,0.23867461419658048,Low,Do not prioritise this cycle,eligible customer with recent purchase history
2011-12-10,13035,1,588.88,432,1,588.88,73.62708333333333,United Kingdom,17.0,0.0378619153674833,2011-12-10,0.23866007270247652,Low,Do not prioritise this cycle,eligible customer with recent purchase history
2011-12-10,14341,2,1042.76,694,1,521.38,45.34166666666667,United Kingdom,0.0,0.0,2011-12-10,0.238613515704558,Low,Do not prioritise this cycle,eligible customer with recent purchase history
2011-12-10,12854,1,514.13,205,1,514.13,78.48958333333333,United Kingdom,0.0,0.0,2011-12-10,0.2385558792174787,Low,Do not prioritise this cycle,eligible customer with recent purchase history
2011-12-10,14038,1,473.96,264,1,473.96,78.43263888888889,United Kingdom,0.0,0.0,2011-12-10,0.23853677686511676,Low,Do not prioritise this cycle,eligible customer with recent purchase history
2011-12-10,17172,1,317.76,480,1,317.76,78.6,United Kingdom,0.0,0.0,2011-12-10,0.23851156021623998,Low,Do not prioritise this cycle,eligible customer with recent purchase history
2011-12-10,16685,2,324.24,396,1,162.12,61.418055555555554,United Kingdom,0.0,0.0,2011-12-10,0.2385042388600058,Low,Do not prioritise this cycle,eligible customer with recent purchase history
2011-12-10,12413,1,176.20000000000002,80,1,176.20000000000002,66.625,France,0.0,0.0,2011-12-10,0.2384034069392609,Low,Do not prioritise this cycle,eligible customer with recent purchase history
2011-12-10,12577,2,457.96,337,1,228.98,35.44166666666667,France,6.0,0.01749271137026239,2011-12-10,0.23823331874221074,Low,Do not prioritise this cycle,eligible customer with recent purchase history
2011-12-10,15475,1,454.11,319,1,454.11,77.36111111111111,United Kingdom,0.0,0.0,2011-12-10,0.23817981632496868,Low,Do not prioritise this cycle,eligible customer with recent purchase history
2011-12-10,16624,1,384.14,292,1,384.14,80.47291666666666,United Kingdom,0.0,0.0,2011-12-10,0.238149539273192,Low,Do not prioritise this cycle,eligible customer with recent purchase history
2011-12-10,15410,1,361.43,151,1,361.43,84.38402777777777,United Kingdom,0.0,0.0,2011-12-10,0.23782443530852213,Low,Do not prioritise this cycle,eligible customer with recent purchase history
2011-12-10,16098,1,293.14,112,1,293.14,87.58402777777778,United Kingdom,0.0,0.0,2011-12-10,0.23766653509291075,Low,Do not prioritise this cycle,eligible customer with recent purchase history
2011-12-10,18204,1,626.38,288,1,626.38,71.30277777777778,United Kingdom,0.0,0.0,2011-12-10,0.2375627055699902,Low,Do not prioritise this cycle,eligible customer with recent purchase history
2011-12-10,12884,1,309.05,43,1,309.05,88.45138888888889,United Kingdom,0.0,0.0,2011-12-10,0.2374314634383759,Low,Do not prioritise this cycle,eligible customer with recent purchase history
2011-12-10,17415,1,507.84,114,1,507.84,79.46527777777777,United Kingdom,0.0,0.0,2011-12-10,0.23727201664533987,Low,Do not prioritise this cycle,eligible customer with recent purchase history
2011-12-10,16451,1,266.97,120,1,266.97,87.61319444444445,United Kingdom,0.0,0.0,2011-12-10,0.23706648030745547,Low,Do not prioritise this cycle,eligible customer with recent purchase history
2011-12-10,15799,1,402.9,416,1,402.9,75.46805555555555,United Kingdom,0.0,0.0,2011-12-10,0.23705663259714985,Low,Do not prioritise this cycle,eligible customer with recent purchase history
2011-12-10,13233,1,300.88,600,1,300.88,74.44097222222223,United Kingdom,0.0,0.0,2011-12-10,0.23697566084267263,Low,Do not prioritise this cycle,eligible customer with recent purchase history
2011-12-10,17082,1,1366.91,733,1,1366.91,33.363194444444446,United Kingdom,0.0,0.0,2011-12-10,0.2369664352781148,Low,Do not prioritise this cycle,eligible customer with recent purchase history
2011-12-10,17347,1,228.96,216,1,228.96,86.45,United Kingdom,0.0,0.0,2011-12-10,0.23694892640566845,Low,Do not prioritise this cycle,eligible customer with recent purchase history
2011-12-10,14681,2,105.0,28,1,52.5,71.33888888888889,United Kingdom,0.0,0.0,2011-12-10,0.2368993942100368,Low,Do not prioritise this cycle,eligible customer with recent purchase history
2011-12-10,15626,1,393.92,454,1,393.92,74.58125,United Kingdom,0.0,0.0,2011-12-10,0.23682924717810466,Low,Do not prioritise this cycle,eligible customer with recent purchase history
2011-12-10,15296,1,1073.37,491,1,1073.37,50.509027777777774,United Kingdom,5.0,0.010080645161290322,2011-12-10,0.23682006984452583,Low,Do not prioritise this cycle,eligible customer with recent purchase history
2011-12-10,16613,1,618.59,293,1,618.59,70.33888888888889,United Kingdom,0.0,0.0,2011-12-10,0.2366072533613481,Low,Do not prioritise this cycle,eligible customer with recent purchase history
2011-12-10,13390,1,544.08,224,1,544.08,74.64027777777778,United Kingdom,0.0,0.0,2011-12-10,0.23656904591007266,Low,Do not prioritise this cycle,eligible customer with recent purchase history
2011-12-10,17154,1,329.34,490,1,329.34,75.42916666666666,United Kingdom,0.0,0.0,2011-12-10,0.23635839585373447,Low,Do not prioritise this cycle,eligible customer with recent purchase history
2011-12-10,13764,1,573.13,339,1,573.13,70.49791666666667,United Kingdom,0.0,0.0,2011-12-10,0.23633809412593398,Low,Do not prioritise this cycle,eligible customer with recent purchase history
2011-12-10,16650,1,518.42,372,1,518.42,71.58958333333334,United Kingdom,0.0,0.0,2011-12-10,0.2363111463624572,Low,Do not prioritise this cycle,eligible customer with recent purchase history
2011-12-10,13228,1,358.0,200,1,358.0,81.39722222222223,United Kingdom,0.0,0.0,2011-12-10,0.23620104712570292,Low,Do not prioritise this cycle,eligible customer with recent purchase history
2011-12-10,18189,1,457.14,214,1,457.14,77.47222222222223,United Kingdom,0.0,0.0,2011-12-10,0.23614515176073955,Low,Do not prioritise this cycle,eligible customer with recent purchase history
2011-12-10,13539,1,315.69,89,1,315.69,85.57083333333334,United Kingdom,0.0,0.0,2011-12-10,0.2361417563021698,Low,Do not prioritise this cycle,eligible customer with recent purchase history
2011-12-10,12714,1,1211.31,803,1,1211.31,9.345138888888888,France,0.0,0.0,2011-12-10,0.23606984129300676,Low,Do not prioritise this cycle,purchased in the last 14 days
2011-12-10,13774,1,345.0,192,1,345.0,81.49583333333334,United Kingdom,0.0,0.0,2011-12-10,0.23572347269267646,Low,Do not prioritise this cycle,eligible customer with recent purchase history
2011-12-10,16370,1,367.45,123,1,367.45,82.33680555555556,United Kingdom,0.0,0.0,2011-12-10,0.2356647362638421,Low,Do not prioritise this cycle,eligible customer with recent purchase history
2011-12-10,16236,1,432.2,184,1,432.2,78.40972222222223,United Kingdom,0.0,0.0,2011-12-10,0.2355585416088507,Low,Do not prioritise this cycle,eligible customer with recent purchase history
2011-12-10,13654,2,993.0600000000001,650,1,496.53000000000003,43.31666666666667,United Kingdom,0.0,0.0,2011-12-10,0.23542706820756917,Low,Do not prioritise this cycle,eligible customer with recent purchase history
2011-12-10,14951,1,311.69,311,1,311.69,79.36458333333333,United Kingdom,0.0,0.0,2011-12-10,0.2354078909429274,Low,Do not prioritise this cycle,eligible customer with recent purchase history
2011-12-10,13213,1,556.7,882,1,556.7,56.5125,United Kingdom,0.0,0.0,2011-12-10,0.2353606818407884,Low,Do not prioritise this cycle,eligible customer with recent purchase history
2011-12-10,14236,1,301.56,272,1,301.56,80.61597222222223,United Kingdom,0.0,0.0,2011-12-10,0.2353469252290848,Low,Do not prioritise this cycle,eligible customer with recent purchase history
2011-12-10,15185,1,310.62,666,1,310.62,70.4125,United Kingdom,0.0,0.0,2011-12-10,0.23522454180316513,Low,Do not prioritise this cycle,eligible customer with recent purchase history
2011-12-10,17058,1,360.23,137,1,360.23,81.57430555555555,United Kingdom,0.0,0.0,2011-12-10,0.23509218483472877,Low,Do not prioritise this cycle,eligible customer with recent purchase history
2011-12-10,16574,1,451.44,416,1,451.44,71.43125,United Kingdom,0.0,0.0,2011-12-10,0.23507986949657994,Low,Do not prioritise this cycle,eligible customer with recent purchase history
2011-12-10,12886,1,603.4,354,1,603.4,67.57708333333333,United Kingdom,0.0,0.0,2011-12-10,0.2350788022696932,Low,Do not prioritise this cycle,eligible customer with recent purchase history
2011-12-10,16384,1,175.4,60,1,175.4,89.52847222222222,United Kingdom,0.0,0.0,2011-12-10,0.23466756135799577,Low,Do not prioritise this cycle,eligible customer with recent purchase history
2011-12-10,15367,2,461.41,307,1,230.705,57.40763888888889,United Kingdom,0.0,0.0,2011-12-10,0.23463900069051202,Low,Do not prioritise this cycle,eligible customer with recent purchase history
2011-12-10,14272,1,305.87,512,1,305.87,73.57777777777778,United Kingdom,0.0,0.0,2011-12-10,0.23453616011172185,Low,Do not prioritise this cycle,eligible customer with recent purchase history
2011-12-10,17513,1,513.2,254,1,513.2,72.30416666666666,United Kingdom,0.0,0.0,2011-12-10,0.23427885252946307,Low,Do not prioritise this cycle,eligible customer with recent purchase history
2011-12-10,17061,1,573.4,118,1,573.4,73.525,United Kingdom,0.0,0.0,2011-12-10,0.2342726825600884,Low,Do not prioritise this cycle,eligible customer with recent purchase history
2011-12-10,16881,1,432.0,600,1,432.0,66.56041666666667,United Kingdom,0.0,0.0,2011-12-10,0.23422009115599118,Low,Do not prioritise this cycle,eligible customer with recent purchase history
2011-12-10,13434,1,461.40000000000003,240,1,461.40000000000003,74.39583333333333,United Kingdom,0.0,0.0,2011-12-10,0.23420234460346775,Low,Do not prioritise this cycle,eligible customer with recent purchase history
2011-12-10,12752,1,4366.78,2262,1,4366.78,81.43611111111112,Norway,0.0,0.0,2011-12-10,0.23416845525782487,Low,Do not prioritise this cycle,eligible customer with recent purchase history
2011-12-10,13805,1,424.36,1172,1,424.36,52.38194444444444,United Kingdom,0.0,0.0,2011-12-10,0.23395633775384866,Low,Do not prioritise this cycle,eligible customer with recent purchase history
2011-12-10,13157,1,868.02,651,1,868.02,49.423611111111114,United Kingdom,0.0,0.0,2011-12-10,0.2338605395380786,Low,Do not prioritise this cycle,eligible customer with recent purchase history
2011-12-10,12871,1,248.64,120,1,248.64,84.37013888888889,United Kingdom,0.0,0.0,2011-12-10,0.23375126391231774,Low,Do not prioritise this cycle,eligible customer with recent purchase history
2011-12-10,16909,1,379.14,436,1,379.14,72.30208333333333,United Kingdom,2.0,0.0045662100456621,2011-12-10,0.23373324879105778,Low,Do not prioritise this cycle,eligible customer with recent purchase history
2011-12-10,14177,1,250.0,60,1,250.0,86.36736111111111,United Kingdom,1.0,0.01639344262295082,2011-12-10,0.23370991260083743,Low,Do not prioritise this cycle,eligible customer with recent purchase history
2011-12-10,16485,1,363.65,235,1,363.65,77.34027777777777,United Kingdom,0.0,0.0,2011-12-10,0.23365680903121983,Low,Do not prioritise this cycle,eligible customer with recent purchase history
2011-12-10,16316,1,726.1,299,1,726.1,64.425,United Kingdom,7.0,0.02287581699346405,2011-12-10,0.2336122786344237,Low,Do not prioritise this cycle,eligible customer with recent purchase history
2011-12-10,15205,1,176.94,182,1,176.94,85.18333333333334,United Kingdom,0.0,0.0,2011-12-10,0.23358575086283617,Low,Do not prioritise this cycle,eligible customer with recent purchase history
2011-12-10,16584,1,324.14,158,1,324.14,80.42708333333333,United Kingdom,0.0,0.0,2011-12-10,0.23347330172013406,Low,Do not prioritise this cycle,eligible customer with recent purchase history
2011-12-10,12645,1,410.32,256,1,410.32,33.47361111111111,Germany,0.0,0.0,2011-12-10,0.2334541982857549,Low,Do not prioritise this cycle,eligible customer with recent purchase history
2011-12-10,17388,1,306.53000000000003,289,1,306.53000000000003,77.56180555555555,United Kingdom,0.0,0.0,2011-12-10,0.23326048802534866,Low,Do not prioritise this cycle,eligible customer with recent purchase history
2011-12-10,16209,1,145.71999999999997,76,1,145.71999999999997,88.50138888888888,United Kingdom,0.0,0.0,2011-12-10,0.23323997283074324,Low,Do not prioritise this cycle,eligible customer with recent purchase history
2011-12-10,12823,1,535.5,70,1,535.5,74.68402777777777,United Kingdom,0.0,0.0,2011-12-10,0.23311132937518134,Low,Do not prioritise this cycle,eligible customer with recent purchase history
2011-12-10,14660,1,156.79,124,1,156.79,86.51805555555555,United Kingdom,0.0,0.0,2011-12-10,0.23289778171436884,Low,Do not prioritise this cycle,eligible customer with recent purchase history
2011-12-10,16260,1,1035.45,311,1,1035.45,50.59722222222222,United Kingdom,0.0,0.0,2011-12-10,0.23276305732052163,Low,Do not prioritise this cycle,eligible customer with recent purchase history
2011-12-10,18255,1,103.3,74,1,103.3,89.44722222222222,United Kingdom,0.0,0.0,2011-12-10,0.23272675929945838,Low,Do not prioritise this cycle,eligible customer with recent purchase history
2011-12-10,15996,1,152.82,44,1,152.82,88.36527777777778,United Kingdom,0.0,0.0,2011-12-10,0.23266888695539134,Low,Do not prioritise this cycle,eligible customer with recent purchase history
2011-12-10,17498,1,272.22,394,1,272.22,75.48263888888889,United Kingdom,0.0,0.0,2011-12-10,0.23266881528349445,Low,Do not prioritise this cycle,eligible customer with recent purchase history
2011-12-10,16627,1,322.8,162,1,322.8,79.39027777777778,United Kingdom,0.0,0.0,2011-12-10,0.23263987635225794,Low,Do not prioritise this cycle,eligible customer with recent purchase history
2011-12-10,17786,1,163.89,144,1,163.89,85.46458333333334,United Kingdom,0.0,0.0,2011-12-10,0.232637933365125,Low,Do not prioritise this cycle,eligible customer with recent purchase history
2011-12-10,14152,1,306.78000000000003,342,1,306.78000000000003,75.4625,United Kingdom,0.0,0.0,2011-12-10,0.2326006896593754,Low,Do not prioritise this cycle,eligible customer with recent purchase history
2011-12-10,14514,1,652.24,416,1,652.24,61.329861111111114,United Kingdom,0.0,0.0,2011-12-10,0.23254949436692773,Low,Do not prioritise this cycle,eligible customer with recent purchase history
2011-12-10,13670,1,349.7,282,1,349.7,75.35763888888889,United Kingdom,0.0,0.0,2011-12-10,0.2325442424270256,Low,Do not prioritise this cycle,eligible customer with recent purchase history
2011-12-10,12602,1,153.12,162,1,153.12,58.52638888888889,France,0.0,0.0,2011-12-10,0.23253483576405212,Low,Do not prioritise this cycle,eligible customer with recent purchase history
2011-12-10,16735,1,306.26,206,1,306.26,78.50763888888889,United Kingdom,0.0,0.0,2011-12-10,0.23231799460048566,Low,Do not prioritise this cycle,eligible customer with recent purchase history
2011-12-10,14015,1,917.34,378,1,917.34,52.581944444444446,United Kingdom,0.0,0.0,2011-12-10,0.23230286423294408,Low,Do not prioritise this cycle,eligible customer with recent purchase history
2011-12-10,14609,1,115.2,720,1,115.2,72.4625,United Kingdom,0.0,0.0,2011-12-10,0.23222392357255955,Low,Do not prioritise this cycle,eligible customer with recent purchase history
2011-12-10,14757,1,420.5,160,1,420.5,75.39166666666667,United Kingdom,0.0,0.0,2011-12-10,0.23214558250175713,Low,Do not prioritise this cycle,eligible customer with recent purchase history
2011-12-10,15739,1,449.12,472,1,449.12,66.42916666666666,United Kingdom,0.0,0.0,2011-12-10,0.23194624721326296,Low,Do not prioritise this cycle,eligible customer with recent purchase history
2011-12-10,17571,1,936.0600000000001,418,1,936.0600000000001,50.33541666666667,United Kingdom,0.0,0.0,2011-12-10,0.23180165502315522,Low,Do not prioritise this cycle,eligible customer with recent purchase history
2011-12-10,16978,1,344.33,166,1,344.33,77.46527777777777,United Kingdom,0.0,0.0,2011-12-10,0.2317430694692875,Low,Do not prioritise this cycle,eligible customer with recent purchase history
2011-12-10,13421,1,1026.04,686,1,1026.04,40.40208333333333,United Kingdom,0.0,0.0,2011-12-10,0.23170036486228315,Low,Do not prioritise this cycle,eligible customer with recent purchase history
2011-12-10,17603,1,394.72,74,1,394.72,78.40416666666667,United Kingdom,1.0,0.013333333333333334,2011-12-10,0.23168402688992956,Low,Do not prioritise this cycle,eligible customer with recent purchase history
2011-12-10,13038,1,316.70000000000005,80,1,316.70000000000005,80.39097222222222,United Kingdom,0.0,0.0,2011-12-10,0.2315921474630221,Low,Do not prioritise this cycle,eligible customer with recent purchase history
2011-12-10,14644,1,643.26,192,1,643.26,67.64583333333333,United Kingdom,6.0,0.030303030303030304,2011-12-10,0.23154131606015113,Low,Do not prioritise this cycle,eligible customer with recent purchase history
2011-12-10,13877,1,117.24,108,1,117.24,86.34097222222222,United Kingdom,0.0,0.0,2011-12-10,0.23123305955086423,Low,Do not prioritise this cycle,eligible customer with recent purchase history
2011-12-10,15834,1,441.93,284,1,441.93,70.38819444444445,United Kingdom,0.0,0.0,2011-12-10,0.23115260143617364,Low,Do not prioritise this cycle,eligible customer with recent purchase history
2011-12-10,17873,1,272.04,120,1,272.04,80.30486111111111,United Kingdom,0.0,0.0,2011-12-10,0.23101993036887541,Low,Do not prioritise this cycle,eligible customer with recent purchase history
2011-12-10,14880,1,342.92,128,1,342.92,77.42916666666666,United Kingdom,0.0,0.0,2011-12-10,0.23088041988907151,Low,Do not prioritise this cycle,eligible customer with recent purchase history
2011-12-10,16959,1,117.35000000000001,49,1,117.35000000000001,87.37291666666667,United Kingdom,0.0,0.0,2011-12-10,0.23087788845634274,Low,Do not prioritise this cycle,eligible customer with recent purchase history
2011-12-10,16198,1,400.68,128,1,400.68,75.37638888888888,United Kingdom,0.0,0.0,2011-12-10,0.2308755537963698,Low,Do not prioritise this cycle,eligible customer with recent purchase history
2011-12-10,17731,1,276.37,143,1,276.37,79.37361111111112,United Kingdom,0.0,0.0,2011-12-10,0.23084404411956433,Low,Do not prioritise this cycle,eligible customer with recent purchase history
2011-12-10,13486,1,302.8,140,1,302.8,78.44930555555555,United Kingdom,0.0,0.0,2011-12-10,0.230792134873678,Low,Do not prioritise this cycle,eligible customer with recent purchase history
2011-12-10,13959,1,260.76,159,1,260.76,79.37083333333334,United Kingdom,0.0,0.0,2011-12-10,0.23070922004789296,Low,Do not prioritise this cycle,eligible customer with recent purchase history
2011-12-10,15091,1,480.71,346,1,480.71,67.46736111111112,United Kingdom,3.0,0.008595988538681949,2011-12-10,0.23060752355556247,Low,Do not prioritise this cycle,eligible customer with recent purchase history
2011-12-10,15026,1,233.42,144,1,233.42,80.42222222222222,United Kingdom,0.0,0.0,2011-12-10,0.23046720575954605,Low,Do not prioritise this cycle,eligible customer with recent purchase history
2011-12-10,13464,1,674.68,403,1,674.68,58.37430555555556,United Kingdom,0.0,0.0,2011-12-10,0.23046042513422652,Low,Do not prioritise this cycle,eligible customer with recent purchase history
2011-12-10,13927,1,348.99,214,1,348.99,74.5,United Kingdom,0.0,0.0,2011-12-10,0.23038643429475797,Low,Do not prioritise this cycle,eligible customer with recent purchase history
2011-12-10,16527,1,228.06,106,1,228.06,81.31875,United Kingdom,0.0,0.0,2011-12-10,0.2302719968848356,Low,Do not prioritise this cycle,eligible customer with recent purchase history
2011-12-10,12550,1,824.83,564,1,824.83,79.39236111111111,Spain,0.0,0.0,2011-12-10,0.23022031268745405,Low,Do not prioritise this cycle,eligible customer with recent purchase history
2011-12-10,16882,1,489.41999999999996,322,1,489.41999999999996,66.55416666666666,United Kingdom,0.0,0.0,2011-12-10,0.23013518439288183,Low,Do not prioritise this cycle,eligible customer with recent purchase history
2011-12-10,13165,1,666.8399999999999,880,1,666.8399999999999,46.37152777777778,United Kingdom,0.0,0.0,2011-12-10,0.23004912130121746,Low,Do not prioritise this cycle,eligible customer with recent purchase history
2011-12-10,12995,1,211.32,108,1,211.32,85.34444444444445,United Kingdom,10.0,0.0847457627118644,2011-12-10,0.23002825807619864,Low,Do not prioritise this cycle,eligible customer with recent purchase history
2011-12-10,16215,1,242.35,104,1,242.35,80.57083333333334,United Kingdom,0.0,0.0,2011-12-10,0.23002809758888204,Low,Do not prioritise this cycle,eligible customer with recent purchase history
2011-12-10,15216,1,96.6,28,1,96.6,87.51319444444445,United Kingdom,0.0,0.0,2011-12-10,0.22994307285052537,Low,Do not prioritise this cycle,eligible customer with recent purchase history
2011-12-10,16383,1,358.90000000000003,177,1,358.90000000000003,74.46875,United Kingdom,0.0,0.0,2011-12-10,0.2298879700549724,Low,Do not prioritise this cycle,eligible customer with recent purchase history
2011-12-10,16475,1,85.0,1,1,85.0,88.39097222222222,United Kingdom,0.0,0.0,2011-12-10,0.2297749701135957,Low,Do not prioritise this cycle,eligible customer with recent purchase history
2011-12-10,12581,1,179.71,160,1,179.71,39.62777777777778,Germany,0.0,0.0,2011-12-10,0.22975635976760023,Low,Do not prioritise this cycle,eligible customer with recent purchase history
2011-12-10,16153,1,800.69,543,1,800.69,49.548611111111114,United Kingdom,0.0,0.0,2011-12-10,0.22970643874033525,Low,Do not prioritise this cycle,eligible customer with recent purchase history
2011-12-10,17674,1,250.38,323,1,250.38,74.43402777777777,United Kingdom,0.0,0.0,2011-12-10,0.22966029191846601,Low,Do not prioritise this cycle,eligible customer with recent purchase history
2011-12-10,15315,1,336.96,600,1,336.96,64.46458333333334,United Kingdom,0.0,0.0,2011-12-10,0.2296147704450731,Low,Do not prioritise this cycle,eligible customer with recent purchase history
2011-12-10,12674,1,532.6,344,1,532.6,38.49166666666667,France,7.0,0.019943019943019943,2011-12-10,0.22953786226616077,Low,Do not prioritise this cycle,eligible customer with recent purchase history
2011-12-10,15485,1,1224.97,691,1,1224.97,30.395138888888887,United Kingdom,0.0,0.0,2011-12-10,0.2293223513319753,Low,Do not prioritise this cycle,eligible customer with recent purchase history
2011-12-10,15164,1,474.87,217,1,474.87,68.49652777777777,United Kingdom,0.0,0.0,2011-12-10,0.2291569657847341,Low,Do not prioritise this cycle,eligible customer with recent purchase history
2011-12-10,15175,1,224.14,454,1,224.14,71.5201388888889,United Kingdom,0.0,0.0,2011-12-10,0.22915351873808215,Low,Do not prioritise this cycle,eligible customer with recent purchase history
2011-12-10,13515,1,367.16,208,1,367.16,72.52361111111111,United Kingdom,0.0,0.0,2011-12-10,0.2291464653890012,Low,Do not prioritise this cycle,eligible customer with recent purchase history
2011-12-10,17475,1,194.37,178,1,194.37,79.37847222222223,United Kingdom,0.0,0.0,2011-12-10,0.22913789564213655,Low,Do not prioritise this cycle,eligible customer with recent purchase history
2011-12-10,16906,1,184.83,97,1,184.83,81.50763888888889,United Kingdom,0.0,0.0,2011-12-10,0.22896156647174756,Low,Do not prioritise this cycle,eligible customer with recent purchase history
2011-12-10,12465,1,271.25,183,1,271.25,17.309722222222224,Belgium,4.0,0.0213903743315508,2011-12-10,0.22892656012040796,Low,Do not prioritise this cycle,eligible customer with recent purchase history
2011-12-10,14806,1,193.39,330,1,193.39,75.35277777777777,United Kingdom,0.0,0.0,2011-12-10,0.22888442966874784,Low,Do not prioritise this cycle,eligible customer with recent purchase history
2011-12-10,14852,1,648.27,357,1,648.27,58.44444444444444,United Kingdom,0.0,0.0,2011-12-10,0.2287840305952569,Low,Do not prioritise this cycle,eligible customer with recent purchase history
2011-12-10,15243,1,316.68,185,1,316.68,74.40833333333333,United Kingdom,0.0,0.0,2011-12-10,0.2287515675636788,Low,Do not prioritise this cycle,eligible customer with recent purchase history
2011-12-10,15306,1,517.28,298,1,517.28,64.46111111111111,United Kingdom,0.0,0.0,2011-12-10,0.22871400929830857,Low,Do not prioritise this cycle,eligible customer with recent purchase history
2011-12-10,18017,1,179.0,100,1,179.0,81.32291666666667,United Kingdom,0.0,0.0,2011-12-10,0.22869672260985566,Low,Do not prioritise this cycle,eligible customer with recent purchase history
2011-12-10,17966,1,504.0,1400,1,504.0,37.56527777777778,United Kingdom,0.0,0.0,2011-12-10,0.2286072366414968,Low,Do not prioritise this cycle,eligible customer with recent purchase history
2011-12-10,16404,1,443.05,157,1,443.05,70.37847222222223,United Kingdom,0.0,0.0,2011-12-10,0.22854839672660282,Low,Do not prioritise this cycle,eligible customer with recent purchase history
2011-12-10,17648,1,690.11,198,1,690.11,60.59652777777778,United Kingdom,0.0,0.0,2011-12-10,0.22853767975913056,Low,Do not prioritise this cycle,eligible customer with recent purchase history
2011-12-10,13127,1,259.17,127,1,259.17,77.56527777777778,United Kingdom,0.0,0.0,2011-12-10,0.22848889114836124,Low,Do not prioritise this cycle,eligible customer with recent purchase history
2011-12-10,15030,1,365.52000000000004,216,1,365.52000000000004,71.54861111111111,United Kingdom,0.0,0.0,2011-12-10,0.22844899850823777,Low,Do not prioritise this cycle,eligible customer with recent purchase history
2011-12-10,13989,1,369.40999999999997,444,1,369.40999999999997,65.59236111111112,United Kingdom,0.0,0.0,2011-12-10,0.22829654993733767,Low,Do not prioritise this cycle,eligible customer with recent purchase history
2011-12-10,13787,1,202.64000000000001,281,1,202.64000000000001,75.49583333333334,United Kingdom,0.0,0.0,2011-12-10,0.22826678659658614,Low,Do not prioritise this cycle,eligible customer with recent purchase history
2011-12-10,15757,1,453.06,324,1,453.06,65.49027777777778,United Kingdom,0.0,0.0,2011-12-10,0.22821015572273257,Low,Do not prioritise this cycle,eligible customer with recent purchase history
2011-12-10,17213,2,1001.22,418,1,500.61,40.37986111111111,United Kingdom,0.0,0.0,2011-12-10,0.2282056110961582,Low,Do not prioritise this cycle,eligible customer with recent purchase history
2011-12-10,13975,2,1028.5700000000002,765,1,514.2850000000001,31.445138888888888,United Kingdom,0.0,0.0,2011-12-10,0.22818778134767628,Low,Do not prioritise this cycle,eligible customer with recent purchase history
2011-12-10,14857,1,650.6,276,1,650.6,59.609027777777776,United Kingdom,0.0,0.0,2011-12-10,0.228154354882191,Low,Do not prioritise this cycle,eligible customer with recent purchase history
2011-12-10,17591,1,362.8,124,1,362.8,73.42916666666666,United Kingdom,0.0,0.0,2011-12-10,0.22804072534048442,Low,Do not prioritise this cycle,eligible customer with recent purchase history
2011-12-10,14500,1,21.0,10,1,21.0,88.30208333333333,United Kingdom,0.0,0.0,2011-12-10,0.22799234338380023,Low,Do not prioritise this cycle,eligible customer with recent purchase history
2011-12-10,18066,1,318.0,108,1,318.0,75.35416666666667,United Kingdom,0.0,0.0,2011-12-10,0.22799227717296233,Low,Do not prioritise this cycle,eligible customer with recent purchase history
2011-12-10,15300,1,496.44,292,1,496.44,64.28611111111111,United Kingdom,0.0,0.0,2011-12-10,0.22782888705743065,Low,Do not prioritise this cycle,eligible customer with recent purchase history
2011-12-10,14978,1,394.14000000000004,108,1,394.14000000000004,72.45347222222222,United Kingdom,0.0,0.0,2011-12-10,0.22782381311252015,Low,Do not prioritise this cycle,eligible customer with recent purchase history
2011-12-10,16121,1,579.22,444,1,579.22,57.45902777777778,United Kingdom,0.0,0.0,2011-12-10,0.22771539724445242,Low,Do not prioritise this cycle,eligible customer with recent purchase history
2011-12-10,16477,1,495.2,316,1,495.2,63.59444444444444,United Kingdom,0.0,0.0,2011-12-10,0.22771037670836697,Low,Do not prioritise this cycle,eligible customer with recent purchase history
2011-12-10,17205,1,384.08,884,1,384.08,53.46805555555556,United Kingdom,0.0,0.0,2011-12-10,0.22768960176858152,Low,Do not prioritise this cycle,eligible customer with recent purchase history
2011-12-10,14317,1,508.58,255,1,508.58,64.55277777777778,United Kingdom,0.0,0.0,2011-12-10,0.22764777058041746,Low,Do not prioritise this cycle,eligible customer with recent purchase history
2011-12-10,17898,1,52.22,66,1,52.22,85.37777777777778,United Kingdom,0.0,0.0,2011-12-10,0.22763133331930516,Low,Do not prioritise this cycle,eligible customer with recent purchase history
2011-12-10,14916,1,301.21999999999997,306,1,301.21999999999997,70.61111111111111,United Kingdom,0.0,0.0,2011-12-10,0.2276229635173939,Low,Do not prioritise this cycle,eligible customer with recent purchase history
2011-12-10,12658,1,596.35,311,1,596.35,18.568055555555556,Germany,0.0,0.0,2011-12-10,0.22761816251161082,Low,Do not prioritise this cycle,eligible customer with recent purchase history
2011-12-10,16618,1,1206.3,592,1,1206.3,31.42222222222222,United Kingdom,0.0,0.0,2011-12-10,0.2275862561899771,Low,Do not prioritise this cycle,eligible customer with recent purchase history
2011-12-10,12930,1,194.24,144,1,194.24,78.3625,United Kingdom,0.0,0.0,2011-12-10,0.22758624386824278,Low,Do not prioritise this cycle,eligible customer with recent purchase history
2011-12-10,17506,1,302.2,139,1,302.2,75.51458333333333,United Kingdom,3.0,0.02112676056338028,2011-12-10,0.22746124405399734,Low,Do not prioritise this cycle,eligible customer with recent purchase history
2011-12-10,16872,1,215.34000000000003,146,1,215.34000000000003,77.32986111111111,United Kingdom,0.0,0.0,2011-12-10,0.22739047415193794,Low,Do not prioritise this cycle,eligible customer with recent purchase history
2011-12-10,18053,1,300.02,302,1,300.02,70.62152777777777,United Kingdom,1.0,0.0033003300330033004,2011-12-10,0.22732744661835697,Low,Do not prioritise this cycle,eligible customer with recent purchase history
2011-12-10,14976,2,214.9,70,1,107.45,57.31041666666667,United Kingdom,0.0,0.0,2011-12-10,0.22708849196672348,Low,Do not prioritise this cycle,eligible customer with recent purchase history
2011-12-10,16303,1,1324.3,634,1,1324.3,25.549305555555556,United Kingdom,0.0,0.0,2011-12-10,0.22704361561702655,Low,Do not prioritise this cycle,eligible customer with recent purchase history
2011-12-10,17589,1,559.85,323,1,559.85,60.293055555555554,United Kingdom,0.0,0.0,2011-12-10,0.2270144817922201,Low,Do not prioritise this cycle,eligible customer with recent purchase history
2011-12-10,16181,1,305.54,152,1,305.54,73.43194444444444,United Kingdom,0.0,0.0,2011-12-10,0.22693112660858072,Low,Do not prioritise this cycle,eligible customer with recent purchase history
2011-12-10,14567,1,729.6,240,1,729.6,56.56875,United Kingdom,2.0,0.008264462809917356,2011-12-10,0.22680035269518597,Low,Do not prioritise this cycle,eligible customer with recent purchase history
2011-12-10,14193,1,430.85,195,1,430.85,67.60138888888889,United Kingdom,0.0,0.0,2011-12-10,0.2266599778016485,Low,Do not prioritise this cycle,eligible customer with recent purchase history
2011-12-10,13587,1,712.4,180,1,712.4,63.47847222222222,United Kingdom,20.0,0.1,2011-12-10,0.22665318198965284,Low,Do not prioritise this cycle,eligible customer with recent purchase history
2011-12-10,15620,1,678.17,315,1,678.17,56.47152777777778,United Kingdom,3.0,0.009433962264150943,2011-12-10,0.2266115939384868,Low,Do not prioritise this cycle,eligible customer with recent purchase history
2011-12-10,16455,1,517.8,232,1,517.8,63.488194444444446,United Kingdom,0.0,0.0,2011-12-10,0.22656279818809458,Low,Do not prioritise this cycle,eligible customer with recent purchase history
2011-12-10,14908,1,277.8,132,1,277.8,74.46111111111111,United Kingdom,0.0,0.0,2011-12-10,0.2265592304832108,Low,Do not prioritise this cycle,eligible customer with recent purchase history
2011-12-10,13517,1,516.24,388,1,516.24,59.511805555555554,United Kingdom,0.0,0.0,2011-12-10,0.22641709486485445,Low,Do not prioritise this cycle,eligible customer with recent purchase history
2011-12-10,14923,1,749.1,418,1,749.1,50.50625,United Kingdom,0.0,0.0,2011-12-10,0.22640749009010136,Low,Do not prioritise this cycle,eligible customer with recent purchase history
2011-12-10,14475,1,303.68,204,1,303.68,71.5513888888889,United Kingdom,0.0,0.0,2011-12-10,0.2263827572527157,Low,Do not prioritise this cycle,eligible customer with recent purchase history
2011-12-10,13067,1,115.46000000000001,32,1,115.46000000000001,82.43194444444444,United Kingdom,0.0,0.0,2011-12-10,0.22634857108878756,Low,Do not prioritise this cycle,eligible customer with recent purchase history
2011-12-10,15553,1,437.23,451,1,437.23,60.415277777777774,United Kingdom,0.0,0.0,2011-12-10,0.22613592496757282,Low,Do not prioritise this cycle,eligible customer with recent purchase history
2011-12-10,14229,1,785.0699999999999,307,1,785.0699999999999,51.580555555555556,United Kingdom,0.0,0.0,2011-12-10,0.22608066512164543,Low,Do not prioritise this cycle,eligible customer with recent purchase history
2011-12-10,13049,1,502.90000000000003,190,1,502.90000000000003,64.35347222222222,United Kingdom,0.0,0.0,2011-12-10,0.22598217483693006,Low,Do not prioritise this cycle,eligible customer with recent purchase history
2011-12-10,16629,1,180.95000000000002,277,1,180.95000000000002,73.55972222222222,United Kingdom,0.0,0.0,2011-12-10,0.2259382369903215,Low,Do not prioritise this cycle,eligible customer with recent purchase history
2011-12-10,14970,1,460.40999999999997,83,1,460.40999999999997,68.42777777777778,United Kingdom,0.0,0.0,2011-12-10,0.22591905087697295,Low,Do not prioritise this cycle,eligible customer with recent purchase history
2011-12-10,17338,1,1421.26,772,1,1421.26,17.400694444444444,United Kingdom,1.0,0.00129366106080207,2011-12-10,0.2258281156646015,Low,Do not prioritise this cycle,eligible customer with recent purchase history
2011-12-10,17078,2,375.86,782,1,187.93,36.196527777777774,United Kingdom,0.0,0.0,2011-12-10,0.22581591724153255,Low,Do not prioritise this cycle,eligible customer with recent purchase history
2011-12-10,12491,1,424.40000000000003,258,1,424.40000000000003,38.4875,France,0.0,0.0,2011-12-10,0.22580485978565978,Low,Do not prioritise this cycle,eligible customer with recent purchase history
2011-12-10,13946,1,75.6,180,1,75.6,79.43541666666667,United Kingdom,0.0,0.0,2011-12-10,0.22572692062352465,Low,Do not prioritise this cycle,eligible customer with recent purchase history
2011-12-10,13602,1,428.89,267,1,428.89,64.50902777777777,United Kingdom,0.0,0.0,2011-12-10,0.22551565337477894,Low,Do not prioritise this cycle,eligible customer with recent purchase history
2011-12-10,15468,2,467.51,155,1,233.755,51.424305555555556,United Kingdom,4.0,0.025157232704402517,2011-12-10,0.22549052733246225,Low,Do not prioritise this cycle,eligible customer with recent purchase history
2011-12-10,15630,1,789.49,520,1,789.49,45.35,United Kingdom,0.0,0.0,2011-12-10,0.22541150118407935,Low,Do not prioritise this cycle,eligible customer with recent purchase history
2011-12-10,14235,1,342.0,118,1,342.0,75.39097222222222,United Kingdom,12.0,0.09230769230769231,2011-12-10,0.22540813903391116,Low,Do not prioritise this cycle,eligible customer with recent purchase history
2011-12-10,15127,1,406.53,251,1,406.53,65.5625,United Kingdom,0.0,0.0,2011-12-10,0.2254045727168511,Low,Do not prioritise this cycle,eligible customer with recent purchase history
2011-12-10,16080,1,86.9,62,1,86.9,81.55416666666666,United Kingdom,0.0,0.0,2011-12-10,0.22539842090659487,Low,Do not prioritise this cycle,eligible customer with recent purchase history
2011-12-10,12603,1,613.1999999999999,56,1,613.1999999999999,21.554166666666667,Germany,0.0,0.0,2011-12-10,0.22536368073192956,Low,Do not prioritise this cycle,eligible customer with recent purchase history
2011-12-10,17628,1,75.75,79,1,75.75,81.36041666666667,United Kingdom,0.0,0.0,2011-12-10,0.22525907892904878,Low,Do not prioritise this cycle,eligible customer with recent purchase history
2011-12-10,15675,1,98.30000000000001,42,1,98.30000000000001,81.425,United Kingdom,0.0,0.0,2011-12-10,0.22521713444356775,Low,Do not prioritise this cycle,eligible customer with recent purchase history
2011-12-10,17169,1,527.1,424,1,527.1,57.56597222222222,United Kingdom,4.0,0.009345794392523364,2011-12-10,0.2252135648978078,Low,Do not prioritise this cycle,eligible customer with recent purchase history
2011-12-10,15930,1,426.63,139,1,426.63,67.38055555555556,United Kingdom,0.0,0.0,2011-12-10,0.2252080485045062,Low,Do not prioritise this cycle,eligible customer with recent purchase history
2011-12-10,17783,1,171.06,301,1,171.06,72.32847222222222,United Kingdom,0.0,0.0,2011-12-10,0.22512124672040928,Low,Do not prioritise this cycle,eligible customer with recent purchase history
2011-12-10,13347,1,291.36,204,1,291.36,70.43888888888888,United Kingdom,0.0,0.0,2011-12-10,0.2251016078692514,Low,Do not prioritise this cycle,eligible customer with recent purchase history
2011-12-10,14184,1,452.89,127,1,452.89,66.47013888888888,United Kingdom,0.0,0.0,2011-12-10,0.22497993892984877,Low,Do not prioritise this cycle,eligible customer with recent purchase history
2011-12-10,15154,1,296.42,104,1,296.42,75.32986111111111,United Kingdom,7.0,0.06306306306306306,2011-12-10,0.22497554666271022,Low,Do not prioritise this cycle,eligible customer with recent purchase history
2011-12-10,18265,1,312.96,87,1,312.96,72.40972222222223,United Kingdom,0.0,0.0,2011-12-10,0.22497320471297122,Low,Do not prioritise this cycle,eligible customer with recent purchase history
2011-12-10,13397,1,315.94,72,1,315.94,72.54444444444445,United Kingdom,0.0,0.0,2011-12-10,0.2248656164730112,Low,Do not prioritise this cycle,eligible customer with recent purchase history
2011-12-10,16213,1,159.0,48,1,159.0,78.58125,United Kingdom,0.0,0.0,2011-12-10,0.22476807381457925,Low,Do not prioritise this cycle,eligible customer with recent purchase history
2011-12-10,18232,1,92.35000000000001,25,1,92.35000000000001,81.50763888888889,United Kingdom,0.0,0.0,2011-12-10,0.22476464886283956,Low,Do not prioritise this cycle,eligible customer with recent purchase history
2011-12-10,12638,1,511.69,573,1,511.69,33.450694444444444,Sweden,0.0,0.0,2011-12-10,0.22476229782248988,Low,Do not prioritise this cycle,eligible customer with recent purchase history
2011-12-10,14818,1,248.17000000000002,122,1,248.17000000000002,73.54097222222222,United Kingdom,0.0,0.0,2011-12-10,0.22472598510660408,Low,Do not prioritise this cycle,eligible customer with recent purchase history
2011-12-10,16589,1,244.56,212,1,244.56,71.38194444444444,United Kingdom,0.0,0.0,2011-12-10,0.2246745463203736,Low,Do not prioritise this cycle,eligible customer with recent purchase history
2011-12-10,16667,1,366.78,159,1,366.78,68.35694444444445,United Kingdom,0.0,0.0,2011-12-10,0.22467157692322656,Low,Do not prioritise this cycle,eligible customer with recent purchase history
2011-12-10,12987,1,254.4,111,1,254.4,73.49791666666667,United Kingdom,0.0,0.0,2011-12-10,0.2246483724041127,Low,Do not prioritise this cycle,eligible customer with recent purchase history
2011-12-10,13503,1,216.85,248,1,216.85,71.44236111111111,United Kingdom,0.0,0.0,2011-12-10,0.2246483468357242,Low,Do not prioritise this cycle,eligible customer with recent purchase history
2011-12-10,16040,1,437.37,175,1,437.37,65.42569444444445,United Kingdom,0.0,0.0,2011-12-10,0.22464347421914427,Low,Do not prioritise this cycle,eligible customer with recent purchase history
2011-12-10,15827,1,237.93,133,1,237.93,73.35069444444444,United Kingdom,0.0,0.0,2011-12-10,0.224494182405428,Low,Do not prioritise this cycle,eligible customer with recent purchase history
2011-12-10,14257,1,373.88,344,1,373.88,64.29583333333333,United Kingdom,5.0,0.014326647564469915,2011-12-10,0.2244288249474949,Low,Do not prioritise this cycle,eligible customer with recent purchase history
2011-12-10,15066,1,893.59,317,1,893.59,53.44097222222222,United Kingdom,38.0,0.10704225352112676,2011-12-10,0.22440295079845482,Low,Do not prioritise this cycle,eligible customer with recent purchase history
2011-12-10,15264,1,393.74,265,1,393.74,64.42430555555555,United Kingdom,0.0,0.0,2011-12-10,0.22437733779558758,Low,Do not prioritise this cycle,eligible customer with recent purchase history
2011-12-10,13901,1,214.92000000000002,192,1,214.92000000000002,72.38333333333334,United Kingdom,0.0,0.0,2011-12-10,0.22422698022090345,Low,Do not prioritise this cycle,eligible customer with recent purchase history
2011-12-10,13260,1,557.62,142,1,557.62,61.44375,United Kingdom,0.0,0.0,2011-12-10,0.22420201755319158,Low,Do not prioritise this cycle,eligible customer with recent purchase history
2011-12-10,14147,1,300.6,68,1,300.6,78.24305555555556,United Kingdom,12.0,0.15,2011-12-10,0.22412595232764876,Low,Do not prioritise this cycle,eligible customer with recent purchase history
2011-12-10,17950,1,219.03,180,1,219.03,72.3625,United Kingdom,0.0,0.0,2011-12-10,0.22408561915611244,Low,Do not prioritise this cycle,eligible customer with recent purchase history
2011-12-10,15036,1,219.86,176,1,219.86,72.34583333333333,United Kingdom,0.0,0.0,2011-12-10,0.22401477429616387,Low,Do not prioritise this cycle,eligible customer with recent purchase history
2011-12-10,12689,1,664.5799999999999,343,1,664.5799999999999,25.645138888888887,France,0.0,0.0,2011-12-10,0.22396596884224995,Low,Do not prioritise this cycle,eligible customer with recent purchase history
2011-12-10,17848,1,79.6,8,1,79.6,81.29930555555555,United Kingdom,0.0,0.0,2011-12-10,0.22387514832686664,Low,Do not prioritise this cycle,eligible customer with recent purchase history
2011-12-10,16491,1,731.5,478,1,731.5,46.57083333333333,United Kingdom,0.0,0.0,2011-12-10,0.22386832993546035,Low,Do not prioritise this cycle,eligible customer with recent purchase history
2011-12-10,13741,1,305.3,75,1,305.3,71.61180555555555,United Kingdom,0.0,0.0,2011-12-10,0.22384823328443423,Low,Do not prioritise this cycle,eligible customer with recent purchase history
2011-12-10,14842,1,923.17,455,1,923.17,43.47430555555555,United Kingdom,17.0,0.036016949152542374,2011-12-10,0.22379099680198614,Low,Do not prioritise this cycle,eligible customer with recent purchase history
2011-12-10,13529,1,126.66000000000001,44,1,126.66000000000001,78.61458333333333,United Kingdom,0.0,0.0,2011-12-10,0.22377065790923817,Low,Do not prioritise this cycle,eligible customer with recent purchase history
2011-12-10,15504,1,52.83,33,1,52.83,81.42708333333333,United Kingdom,0.0,0.0,2011-12-10,0.22370829083681815,Low,Do not prioritise this cycle,eligible customer with recent purchase history
2011-12-10,16603,1,185.85,117,1,185.85,74.57916666666667,United Kingdom,0.0,0.0,2011-12-10,0.2236610500641862,Low,Do not prioritise this cycle,eligible customer with recent purchase history
2011-12-10,12571,1,271.26,326,1,271.26,39.57013888888889,France,0.0,0.0,2011-12-10,0.2236090330848994,Low,Do not prioritise this cycle,eligible customer with recent purchase history
2011-12-10,16693,1,324.45,153,1,324.45,68.53472222222223,United Kingdom,0.0,0.0,2011-12-10,0.22346170874416385,Low,Do not prioritise this cycle,eligible customer with recent purchase history
2011-12-10,13061,1,248.61,107,1,248.61,72.33055555555555,United Kingdom,0.0,0.0,2011-12-10,0.22343798208946253,Low,Do not prioritise this cycle,eligible customer with recent purchase history
2011-12-10,12867,1,1011.08,924,1,1011.08,26.354166666666668,United Kingdom,9.0,0.00964630225080386,2011-12-10,0.22328361404986297,Low,Do not prioritise this cycle,eligible customer with recent purchase history
2011-12-10,15339,1,316.17,257,1,316.17,66.46458333333334,United Kingdom,2.0,0.007722007722007722,2011-12-10,0.223236046783816,Low,Do not prioritise this cycle,eligible customer with recent purchase history
2011-12-10,16758,1,369.34,203,1,369.34,65.38402777777777,United Kingdom,0.0,0.0,2011-12-10,0.223195835835175,Low,Do not prioritise this cycle,eligible customer with recent purchase history
2011-12-10,16122,1,134.16000000000003,216,1,134.16000000000003,73.35138888888889,United Kingdom,0.0,0.0,2011-12-10,0.22315811831524382,Low,Do not prioritise this cycle,eligible customer with recent purchase history
2011-12-10,13279,1,137.75,73,1,137.75,78.275,United Kingdom,3.0,0.039473684210526314,2011-12-10,0.22313306680122516,Low,Do not prioritise this cycle,eligible customer with recent purchase history
2011-12-10,16594,1,181.09,64,1,181.09,75.41111111111111,United Kingdom,0.0,0.0,2011-12-10,0.22313011503153482,Low,Do not prioritise this cycle,eligible customer with recent purchase history
2011-12-10,14315,1,930.98,332,1,930.98,44.49583333333333,United Kingdom,11.0,0.03206997084548105,2011-12-10,0.22308185281607792,Low,Do not prioritise this cycle,eligible customer with recent purchase history
2011-12-10,14396,1,377.64,186,1,377.64,65.32708333333333,United Kingdom,0.0,0.0,2011-12-10,0.22304574871309202,Low,Do not prioritise this cycle,eligible customer with recent purchase history
2011-12-10,13220,1,92.8,64,1,92.8,78.43194444444444,United Kingdom,0.0,0.0,2011-12-10,0.22304144527974612,Low,Do not prioritise this cycle,eligible customer with recent purchase history
2011-12-10,16803,1,332.3,245,1,332.3,65.39722222222223,United Kingdom,0.0,0.0,2011-12-10,0.22298149728425123,Low,Do not prioritise this cycle,eligible customer with recent purchase history
2011-12-10,13886,1,243.56,126,1,243.56,71.44652777777777,United Kingdom,0.0,0.0,2011-12-10,0.22295119586178433,Low,Do not prioritise this cycle,eligible customer with recent purchase history
2011-12-10,15837,1,391.98,189,1,391.98,64.62430555555555,United Kingdom,0.0,0.0,2011-12-10,0.22294701868347155,Low,Do not prioritise this cycle,eligible customer with recent purchase history
2011-12-10,17079,1,118.80000000000001,24,1,118.80000000000001,78.35138888888889,United Kingdom,0.0,0.0,2011-12-10,0.22292025750893596,Low,Do not prioritise this cycle,eligible customer with recent purchase history
2011-12-10,12668,1,738.6800000000001,292,1,738.6800000000001,11.544444444444444,Germany,15.0,0.048859934853420196,2011-12-10,0.22283235933875026,Low,Do not prioritise this cycle,purchased in the last 14 days
2011-12-10,13276,1,453.55,141,1,453.55,63.46944444444444,United Kingdom,0.0,0.0,2011-12-10,0.2228164764428855,Low,Do not prioritise this cycle,eligible customer with recent purchase history
2011-12-10,16778,1,152.76,128,1,152.76,74.425,United Kingdom,0.0,0.0,2011-12-10,0.22279548296958956,Low,Do not prioritise this cycle,eligible customer with recent purchase history
2011-12-10,13726,1,786.98,670,1,786.98,38.549305555555556,United Kingdom,0.0,0.0,2011-12-10,0.22279348684723976,Low,Do not prioritise this cycle,eligible customer with recent purchase history
2011-12-10,15062,1,173.82,222,1,173.82,71.29791666666667,United Kingdom,0.0,0.0,2011-12-10,0.22274854255161777,Low,Do not prioritise this cycle,eligible customer with recent purchase history
2011-12-10,12375,1,187.20000000000002,90,1,187.20000000000002,10.558333333333334,Finland,1.0,0.01098901098901099,2011-12-10,0.22266442817579882,Low,Do not prioritise this cycle,purchased in the last 14 days
2011-12-10,14652,1,114.18,53,1,114.18,77.40208333333334,United Kingdom,0.0,0.0,2011-12-10,0.22259565004560117,Low,Do not prioritise this cycle,eligible customer with recent purchase history
2011-12-10,15312,1,130.05,106,1,130.05,75.45138888888889,United Kingdom,0.0,0.0,2011-12-10,0.22253158545128635,Low,Do not prioritise this cycle,eligible customer with recent purchase history
2011-12-10,15603,1,48.480000000000004,96,1,48.480000000000004,78.58055555555555,United Kingdom,0.0,0.0,2011-12-10,0.2225243748238178,Low,Do not prioritise this cycle,eligible customer with recent purchase history
2011-12-10,15181,1,254.48,292,1,254.48,66.41805555555555,United Kingdom,0.0,0.0,2011-12-10,0.22251016600353493,Low,Do not prioritise this cycle,eligible customer with recent purchase history
2011-12-10,15730,1,343.66,200,1,343.66,65.47847222222222,United Kingdom,0.0,0.0,2011-12-10,0.222466714884266,Low,Do not prioritise this cycle,eligible customer with recent purchase history
2011-12-10,12713,1,794.55,505,1,794.55,0.4888888888888889,Germany,0.0,0.0,2011-12-10,0.22245277481863998,Low,Do not prioritise this cycle,purchased in the last 14 days
2011-12-10,15722,2,797.76,433,1,398.88,35.511805555555554,United Kingdom,0.0,0.0,2011-12-10,0.2224246046728848,Low,Do not prioritise this cycle,eligible customer with recent purchase history
2011-12-10,16777,1,49.1,14,1,49.1,80.42986111111111,United Kingdom,0.0,0.0,2011-12-10,0.22239706797147618,Low,Do not prioritise this cycle,eligible customer with recent purchase history
2011-12-10,16595,1,360.16,335,1,360.16,61.447916666666664,United Kingdom,0.0,0.0,2011-12-10,0.2223775471723663,Low,Do not prioritise this cycle,eligible customer with recent purchase history
2011-12-10,16003,2,941.47,590,1,470.735,29.585416666666667,United Kingdom,0.0,0.0,2011-12-10,0.22219707036613265,Low,Do not prioritise this cycle,eligible customer with recent purchase history
2011-12-10,13801,1,324.8,168,1,324.8,66.57291666666667,United Kingdom,0.0,0.0,2011-12-10,0.2221681980138212,Low,Do not prioritise this cycle,eligible customer with recent purchase history
2011-12-10,12836,1,500.33000000000004,206,1,500.33000000000004,59.36805555555556,United Kingdom,0.0,0.0,2011-12-10,0.22213148331490834,Low,Do not prioritise this cycle,eligible customer with recent purchase history
2011-12-10,16183,1,338.71000000000004,113,1,338.71000000000004,67.37569444444445,United Kingdom,0.0,0.0,2011-12-10,0.2221161048725171,Low,Do not prioritise this cycle,eligible customer with recent purchase history
2011-12-10,13817,1,218.28,146,1,218.28,29.257638888888888,Germany,0.0,0.0,2011-12-10,0.2220213409440521,Low,Do not prioritise this cycle,eligible customer with recent purchase history
2011-12-10,13591,1,340.9,222,1,340.9,64.48194444444445,United Kingdom,0.0,0.0,2011-12-10,0.22201642470321664,Low,Do not prioritise this cycle,eligible customer with recent purchase history
2011-12-10,16374,1,308.78000000000003,187,1,308.78000000000003,66.36041666666667,United Kingdom,0.0,0.0,2011-12-10,0.22191431942757045,Low,Do not prioritise this cycle,eligible customer with recent purchase history
2011-12-10,15193,1,499.32,144,1,499.32,60.65069444444445,United Kingdom,0.0,0.0,2011-12-10,0.2218980419571886,Low,Do not prioritise this cycle,eligible customer with recent purchase history
2011-12-10,17520,1,546.81,365,1,546.81,53.49722222222222,United Kingdom,0.0,0.0,2011-12-10,0.22189157720642283,Low,Do not prioritise this cycle,eligible customer with recent purchase history
2011-12-10,13148,2,917.25,595,1,458.625,29.35902777777778,United Kingdom,0.0,0.0,2011-12-10,0.22186956046545775,Low,Do not prioritise this cycle,eligible customer with recent purchase history
2011-12-10,13519,1,122.75,23,1,122.75,78.23333333333333,United Kingdom,1.0,0.041666666666666664,2011-12-10,0.2218071004396301,Low,Do not prioritise this cycle,eligible customer with recent purchase history
2011-12-10,15744,1,34.8,120,1,34.8,77.58888888888889,United Kingdom,0.0,0.0,2011-12-10,0.22180215567253483,Low,Do not prioritise this cycle,eligible customer with recent purchase history
2011-12-10,15211,1,511.34000000000003,123,1,511.34000000000003,60.43680555555556,United Kingdom,0.0,0.0,2011-12-10,0.22164735606751554,Low,Do not prioritise this cycle,eligible customer with recent purchase history
2011-12-10,14473,1,149.34,78,1,149.34,74.36805555555556,United Kingdom,0.0,0.0,2011-12-10,0.2216390823771462,Low,Do not prioritise this cycle,eligible customer with recent purchase history
2011-12-10,16432,1,287.4,276,1,287.4,64.4173611111111,United Kingdom,0.0,0.0,2011-12-10,0.2215053389620344,Low,Do not prioritise this cycle,eligible customer with recent purchase history
2011-12-10,15244,1,333.63,165,1,333.63,65.44513888888889,United Kingdom,0.0,0.0,2011-12-10,0.22144212599725305,Low,Do not prioritise this cycle,eligible customer with recent purchase history
2011-12-10,12349,1,1457.55,630,1,1457.55,18.589583333333334,Italy,0.0,0.0,2011-12-10,0.22143595074765507,Low,Do not prioritise this cycle,eligible customer with recent purchase history
2011-12-10,18278,1,173.9,66,1,173.9,73.50138888888888,United Kingdom,0.0,0.0,2011-12-10,0.2214000982678325,Low,Do not prioritise this cycle,eligible customer with recent purchase history
2011-12-10,13761,1,578.94,418,1,578.94,50.41597222222222,United Kingdom,0.0,0.0,2011-12-10,0.2213752338562146,Low,Do not prioritise this cycle,eligible customer with recent purchase history
2011-12-10,15831,1,350.65,418,1,350.65,58.44861111111111,United Kingdom,0.0,0.0,2011-12-10,0.22132805680381745,Low,Do not prioritise this cycle,eligible customer with recent purchase history
2011-12-10,17222,1,354.15,128,1,354.15,65.41805555555555,United Kingdom,0.0,0.0,2011-12-10,0.22126726790651716,Low,Do not prioritise this cycle,eligible customer with recent purchase history
2011-12-10,13866,1,145.67000000000002,57,1,145.67000000000002,74.37916666666666,United Kingdom,0.0,0.0,2011-12-10,0.2211187116150821,Low,Do not prioritise this cycle,eligible customer with recent purchase history
2011-12-10,17819,1,236.39999999999998,40,1,236.39999999999998,71.54722222222222,United Kingdom,0.0,0.0,2011-12-10,0.2210887953675929,Low,Do not prioritise this cycle,eligible customer with recent purchase history
2011-12-10,18155,1,105.06,70,1,105.06,75.43611111111112,United Kingdom,0.0,0.0,2011-12-10,0.22106906363168985,Low,Do not prioritise this cycle,eligible customer with recent purchase history
2011-12-10,15576,1,940.6700000000001,404,1,940.6700000000001,37.49791666666667,United Kingdom,0.0,0.0,2011-12-10,0.2210128618690944,Low,Do not prioritise this cycle,eligible customer with recent purchase history
2011-12-10,13351,1,323.94,116,1,323.94,66.46180555555556,United Kingdom,0.0,0.0,2011-12-10,0.22100363803944775,Low,Do not prioritise this cycle,eligible customer with recent purchase history
2011-12-10,16233,1,210.18,84,1,210.18,71.27291666666666,United Kingdom,0.0,0.0,2011-12-10,0.22099431601832914,Low,Do not prioritise this cycle,eligible customer with recent purchase history
2011-12-10,17905,1,181.25,125,1,181.25,71.26875,United Kingdom,0.0,0.0,2011-12-10,0.22098126646141356,Low,Do not prioritise this cycle,eligible customer with recent purchase history
2011-12-10,13359,1,389.56,160,1,389.56,63.604166666666664,United Kingdom,2.0,0.012345679012345678,2011-12-10,0.22095226145665375,Low,Do not prioritise this cycle,eligible customer with recent purchase history
2011-12-10,16776,1,388.28000000000003,262,1,388.28000000000003,60.455555555555556,United Kingdom,0.0,0.0,2011-12-10,0.22090806804334648,Low,Do not prioritise this cycle,eligible customer with recent purchase history
2011-12-10,15677,1,657.23,319,1,657.23,49.35,United Kingdom,0.0,0.0,2011-12-10,0.22077355736110485,Low,Do not prioritise this cycle,eligible customer with recent purchase history
2011-12-10,17667,1,304.5,130,1,304.5,66.39444444444445,United Kingdom,0.0,0.0,2011-12-10,0.2206696123410905,Low,Do not prioritise this cycle,eligible customer with recent purchase history
2011-12-10,16224,1,429.42,318,1,429.42,57.25625,United Kingdom,0.0,0.0,2011-12-10,0.2206173533660045,Low,Do not prioritise this cycle,eligible customer with recent purchase history
2011-12-10,15774,1,270.8,87,1,270.8,68.49722222222222,United Kingdom,0.0,0.0,2011-12-10,0.2205440133064693,Low,Do not prioritise this cycle,eligible customer with recent purchase history
2011-12-10,13845,1,312.98,182,1,312.98,64.64930555555556,United Kingdom,0.0,0.0,2011-12-10,0.22054000428358486,Low,Do not prioritise this cycle,eligible customer with recent purchase history
2011-12-10,15549,1,57.83,35,1,57.83,77.31805555555556,United Kingdom,0.0,0.0,2011-12-10,0.2205342340442603,Low,Do not prioritise this cycle,eligible customer with recent purchase history
2011-12-10,14333,1,415.2,58,1,415.2,67.55694444444444,United Kingdom,6.0,0.09375,2011-12-10,0.2204867051291779,Low,Do not prioritise this cycle,eligible customer with recent purchase history
2011-12-10,15888,1,162.64000000000001,67,1,162.64000000000001,80.47916666666667,United Kingdom,16.0,0.1927710843373494,2011-12-10,0.22048654180082555,Low,Do not prioritise this cycle,eligible customer with recent purchase history
2011-12-10,12830,1,400.32000000000005,1152,1,400.32000000000005,37.50416666666667,United Kingdom,0.0,0.0,2011-12-10,0.22047980897408992,Low,Do not prioritise this cycle,eligible customer with recent purchase history
2011-12-10,15348,1,158.04,84,1,158.04,72.44652777777777,United Kingdom,0.0,0.0,2011-12-10,0.22044560226973361,Low,Do not prioritise this cycle,eligible customer with recent purchase history
2011-12-10,13047,1,550.58,226,1,550.58,56.53125,United Kingdom,6.0,0.02586206896551724,2011-12-10,0.22042973825508333,Low,Do not prioritise this cycle,eligible customer with recent purchase history
2011-12-10,14019,1,621.0799999999999,484,1,621.0799999999999,46.574305555555554,United Kingdom,3.0,0.006160164271047228,2011-12-10,0.22033330764156808,Low,Do not prioritise this cycle,eligible customer with recent purchase history
2011-12-10,13514,1,152.20000000000002,40,1,152.20000000000002,73.59791666666666,United Kingdom,0.0,0.0,2011-12-10,0.22032922970360289,Low,Do not prioritise this cycle,eligible customer with recent purchase history
2011-12-10,15815,1,225.9,342,1,225.9,63.47083333333333,United Kingdom,0.0,0.0,2011-12-10,0.2202881449763958,Low,Do not prioritise this cycle,eligible customer with recent purchase history
2011-12-10,14312,1,564.4,532,1,564.4,46.59305555555556,United Kingdom,0.0,0.0,2011-12-10,0.22013766210707303,Low,Do not prioritise this cycle,eligible customer with recent purchase history
2011-12-10,14001,1,733.94,330,1,733.94,45.56180555555556,United Kingdom,0.0,0.0,2011-12-10,0.22012487522640456,Low,Do not prioritise this cycle,eligible customer with recent purchase history
2011-12-10,14651,1,238.28,158,1,238.28,67.33888888888889,United Kingdom,0.0,0.0,2011-12-10,0.22009218014556184,Low,Do not prioritise this cycle,eligible customer with recent purchase history
2011-12-10,15766,1,315.06,170,1,315.06,64.28958333333334,United Kingdom,0.0,0.0,2011-12-10,0.22006647382747224,Low,Do not prioritise this cycle,eligible customer with recent purchase history
2011-12-10,13109,1,416.69,260,1,416.69,59.57222222222222,United Kingdom,5.0,0.018867924528301886,2011-12-10,0.21999901260766666,Low,Do not prioritise this cycle,eligible customer with recent purchase history
2011-12-10,14128,1,331.96,295,1,331.96,60.5,United Kingdom,0.0,0.0,2011-12-10,0.21998447052585807,Low,Do not prioritise this cycle,eligible customer with recent purchase history
2011-12-10,15128,1,300.76,336,1,300.76,60.420833333333334,United Kingdom,0.0,0.0,2011-12-10,0.2198452837858563,Low,Do not prioritise this cycle,eligible customer with recent purchase history
2011-12-10,13352,1,347.97999999999996,320,1,347.97999999999996,60.420138888888886,United Kingdom,6.0,0.018404907975460124,2011-12-10,0.21982258719443962,Low,Do not prioritise this cycle,eligible customer with recent purchase history
2011-12-10,13504,1,295.93,178,1,295.93,64.44444444444444,United Kingdom,0.0,0.0,2011-12-10,0.21980235191868072,Low,Do not prioritise this cycle,eligible customer with recent purchase history
2011-12-10,15518,1,317.69,146,1,317.69,64.45486111111111,United Kingdom,0.0,0.0,2011-12-10,0.2197947447669544,Low,Do not prioritise this cycle,eligible customer with recent purchase history
2011-12-10,12824,1,397.12,232,1,397.12,59.46597222222222,United Kingdom,0.0,0.0,2011-12-10,0.2197556082728871,Low,Do not prioritise this cycle,eligible customer with recent purchase history
2011-12-10,16690,1,139.07999999999998,92,1,139.07999999999998,72.37361111111112,United Kingdom,1.0,0.010752688172043012,2011-12-10,0.21964029636904636,Low,Do not prioritise this cycle,eligible customer with recent purchase history
2011-12-10,14382,1,626.0699999999999,1237,1,626.0699999999999,26.320833333333333,United Kingdom,0.0,0.0,2011-12-10,0.21960124167888986,Low,Do not prioritise this cycle,eligible customer with recent purchase history
2011-12-10,15593,1,199.8,60,1,199.8,70.50972222222222,United Kingdom,0.0,0.0,2011-12-10,0.2195929334689648,Low,Do not prioritise this cycle,eligible customer with recent purchase history
2011-12-10,15958,1,104.35,33,1,104.35,74.42986111111111,United Kingdom,0.0,0.0,2011-12-10,0.21948759234416815,Low,Do not prioritise this cycle,eligible customer with recent purchase history
2011-12-10,16982,1,384.06,182,1,384.06,60.480555555555554,United Kingdom,0.0,0.0,2011-12-10,0.21920107131133587,Low,Do not prioritise this cycle,eligible customer with recent purchase history
2011-12-10,13327,1,889.02,344,1,889.02,38.56875,United Kingdom,0.0,0.0,2011-12-10,0.2191913081200129,Low,Do not prioritise this cycle,eligible customer with recent purchase history
2011-12-10,14775,1,310.44,372,1,310.44,58.35625,United Kingdom,0.0,0.0,2011-12-10,0.21917105658357006,Low,Do not prioritise this cycle,eligible customer with recent purchase history
2011-12-10,14029,1,302.46,174,1,302.46,63.38472222222222,United Kingdom,0.0,0.0,2011-12-10,0.21905093382714735,Low,Do not prioritise this cycle,eligible customer with recent purchase history
2011-12-10,16950,1,400.15,307,1,400.15,56.62083333333333,United Kingdom,0.0,0.0,2011-12-10,0.21903928306772286,Low,Do not prioritise this cycle,eligible customer with recent purchase history
2011-12-10,15215,2,434.9,133,1,217.45,46.513194444444444,United Kingdom,10.0,0.06993006993006994,2011-12-10,0.21899679938285666,Low,Do not prioritise this cycle,eligible customer with recent purchase history
2011-12-10,13023,1,308.5,124,1,308.5,64.31458333333333,United Kingdom,0.0,0.0,2011-12-10,0.2189765127929212,Low,Do not prioritise this cycle,eligible customer with recent purchase history
2011-12-10,16266,1,100.77,45,1,100.77,73.49444444444444,United Kingdom,0.0,0.0,2011-12-10,0.2188675586887973,Low,Do not prioritise this cycle,eligible customer with recent purchase history
2011-12-10,13419,1,221.06,275,1,221.06,63.46597222222222,United Kingdom,0.0,0.0,2011-12-10,0.2188024769028156,Low,Do not prioritise this cycle,eligible customer with recent purchase history
2011-12-10,14947,1,112.32,61,1,112.32,72.34166666666667,United Kingdom,0.0,0.0,2011-12-10,0.2185861936837262,Low,Do not prioritise this cycle,eligible customer with recent purchase history
2011-12-10,16468,1,74.9,31,1,74.9,74.40763888888888,United Kingdom,0.0,0.0,2011-12-10,0.21858482359863607,Low,Do not prioritise this cycle,eligible customer with recent purchase history
2011-12-10,15129,1,650.67,173,1,650.67,50.388888888888886,United Kingdom,0.0,0.0,2011-12-10,0.21850088272285037,Low,Do not prioritise this cycle,eligible customer with recent purchase history
2011-12-10,14158,1,507.66,781,1,507.66,40.36944444444445,United Kingdom,0.0,0.0,2011-12-10,0.21845281609778755,Low,Do not prioritise this cycle,eligible customer with recent purchase history
2011-12-10,13034,1,476.91,253,1,476.91,54.485416666666666,United Kingdom,0.0,0.0,2011-12-10,0.21843297679085277,Low,Do not prioritise this cycle,eligible customer with recent purchase history
2011-12-10,14538,1,281.75,125,1,281.75,64.56180555555555,United Kingdom,0.0,0.0,2011-12-10,0.21842989998961423,Low,Do not prioritise this cycle,eligible customer with recent purchase history
2011-12-10,16110,1,643.55,380,1,643.55,45.392361111111114,United Kingdom,0.0,0.0,2011-12-10,0.2183939544636154,Low,Do not prioritise this cycle,eligible customer with recent purchase history
2011-12-10,18116,1,163.56,170,1,163.56,67.54166666666667,United Kingdom,0.0,0.0,2011-12-10,0.21835199541357184,Low,Do not prioritise this cycle,eligible customer with recent purchase history
2011-12-10,16056,1,664.85,347,1,664.85,45.361805555555556,United Kingdom,0.0,0.0,2011-12-10,0.2183201669831735,Low,Do not prioritise this cycle,eligible customer with recent purchase history
2011-12-10,14518,1,174.37,278,1,174.37,64.38680555555555,United Kingdom,0.0,0.0,2011-12-10,0.2182694029823796,Low,Do not prioritise this cycle,eligible customer with recent purchase history
2011-12-10,18022,1,668.11,736,1,668.11,35.46875,United Kingdom,0.0,0.0,2011-12-10,0.21818900139786657,Low,Do not prioritise this cycle,eligible customer with recent purchase history
2011-12-10,16884,2,429.84000000000003,320,1,214.92000000000002,37.50555555555555,United Kingdom,0.0,0.0,2011-12-10,0.21809757097982665,Low,Do not prioritise this cycle,eligible customer with recent purchase history
2011-12-10,17894,1,123.06,50,1,123.06,71.60902777777778,United Kingdom,0.0,0.0,2011-12-10,0.21808236466379216,Low,Do not prioritise this cycle,eligible customer with recent purchase history
2011-12-10,16591,1,213.5,41,1,213.5,68.55347222222223,United Kingdom,0.0,0.0,2011-12-10,0.21802358059224217,Low,Do not prioritise this cycle,eligible customer with recent purchase history
2011-12-10,17612,1,365.51,467,1,365.51,53.37569444444444,United Kingdom,4.0,0.008492569002123142,2011-12-10,0.21800776181501325,Low,Do not prioritise this cycle,eligible customer with recent purchase history
2011-12-10,12589,1,461.18,220,1,461.18,28.570138888888888,France,0.0,0.0,2011-12-10,0.21800069249416104,Low,Do not prioritise this cycle,eligible customer with recent purchase history
2011-12-10,17957,1,110.72,275,1,110.72,66.37638888888888,United Kingdom,0.0,0.0,2011-12-10,0.21799478700829125,Low,Do not prioritise this cycle,eligible customer with recent purchase history
2011-12-10,14409,1,115.72,70,1,115.72,71.2375,United Kingdom,0.0,0.0,2011-12-10,0.21797159719306627,Low,Do not prioritise this cycle,eligible customer with recent purchase history
2011-12-10,16342,1,38.7,12,1,38.7,75.39166666666667,United Kingdom,0.0,0.0,2011-12-10,0.21796434490810337,Low,Do not prioritise this cycle,eligible customer with recent purchase history
2011-12-10,13208,1,364.35,195,1,364.35,59.31597222222222,United Kingdom,0.0,0.0,2011-12-10,0.2179550378111538,Low,Do not prioritise this cycle,eligible customer with recent purchase history
2011-12-10,17614,1,390.07,238,1,390.07,57.33263888888889,United Kingdom,0.0,0.0,2011-12-10,0.21794779326592348,Low,Do not prioritise this cycle,eligible customer with recent purchase history
2011-12-10,13177,1,282.45,91,1,282.45,64.58611111111111,United Kingdom,0.0,0.0,2011-12-10,0.21779138773549456,Low,Do not prioritise this cycle,eligible customer with recent purchase history
2011-12-10,16518,1,293.62,203,1,293.62,61.37222222222222,United Kingdom,0.0,0.0,2011-12-10,0.2177513397897149,Low,Do not prioritise this cycle,eligible customer with recent purchase history
2011-12-10,16686,1,583.12,350,1,583.12,47.424305555555556,United Kingdom,0.0,0.0,2011-12-10,0.21770723556058283,Low,Do not prioritise this cycle,eligible customer with recent purchase history
2011-12-10,14975,1,279.94,380,1,279.94,57.41111111111111,United Kingdom,0.0,0.0,2011-12-10,0.21769416012949558,Low,Do not prioritise this cycle,eligible customer with recent purchase history
2011-12-10,13095,1,74.39999999999999,144,1,74.39999999999999,70.49791666666667,United Kingdom,0.0,0.0,2011-12-10,0.21766939866008486,Low,Do not prioritise this cycle,eligible customer with recent purchase history
2011-12-10,17100,2,971.74,800,1,485.87,18.308333333333334,United Kingdom,0.0,0.0,2011-12-10,0.2175594007447793,Low,Do not prioritise this cycle,eligible customer with recent purchase history
2011-12-10,14498,1,675.53,409,1,675.53,42.49375,United Kingdom,0.0,0.0,2011-12-10,0.21754830837265043,Low,Do not prioritise this cycle,eligible customer with recent purchase history
2011-12-10,15006,1,497.14,301,1,497.14,51.36944444444445,United Kingdom,0.0,0.0,2011-12-10,0.21745502454696988,Low,Do not prioritise this cycle,eligible customer with recent purchase history
2011-12-10,13092,1,38.08,184,1,38.08,70.52916666666667,United Kingdom,0.0,0.0,2011-12-10,0.21745416094379075,Low,Do not prioritise this cycle,eligible customer with recent purchase history
2011-12-10,17764,1,556.85,247,1,556.85,50.53958333333333,United Kingdom,0.0,0.0,2011-12-10,0.21741597131813836,Low,Do not prioritise this cycle,eligible customer with recent purchase history
2011-12-10,12587,1,104.0,50,1,104.0,7.467361111111111,Finland,0.0,0.0,2011-12-10,0.21732469644192004,Low,Do not prioritise this cycle,purchased in the last 14 days
2011-12-10,12560,1,625.7,286,1,625.7,5.420833333333333,Germany,0.0,0.0,2011-12-10,0.21720645765862095,Low,Do not prioritise this cycle,purchased in the last 14 days
2011-12-10,15059,2,329.12,199,1,164.56,40.517361111111114,United Kingdom,0.0,0.0,2011-12-10,0.21711648265800274,Low,Do not prioritise this cycle,eligible customer with recent purchase history
2011-12-10,17427,1,100.8,34,1,100.8,71.52152777777778,United Kingdom,0.0,0.0,2011-12-10,0.21705788678081045,Low,Do not prioritise this cycle,eligible customer with recent purchase history
2011-12-10,13348,1,233.76,136,1,233.76,64.27222222222223,United Kingdom,0.0,0.0,2011-12-10,0.21704494308313801,Low,Do not prioritise this cycle,eligible customer with recent purchase history
2011-12-10,17064,1,398.05,129,1,398.05,58.57083333333333,United Kingdom,0.0,0.0,2011-12-10,0.21700309102674753,Low,Do not prioritise this cycle,eligible customer with recent purchase history
2011-12-10,13911,1,143.28,542,1,143.28,57.34513888888889,United Kingdom,0.0,0.0,2011-12-10,0.21696582893592273,Low,Do not prioritise this cycle,eligible customer with recent purchase history
2011-12-10,12847,1,871.54,909,1,871.54,22.447222222222223,United Kingdom,0.0,0.0,2011-12-10,0.21695178989283684,Low,Do not prioritise this cycle,eligible customer with recent purchase history
2011-12-10,16708,1,656.63,285,1,656.63,45.486111111111114,United Kingdom,0.0,0.0,2011-12-10,0.21695094598783668,Low,Do not prioritise this cycle,eligible customer with recent purchase history
2011-12-10,14451,1,302.59000000000003,185,1,302.59000000000003,60.43194444444445,United Kingdom,0.0,0.0,2011-12-10,0.2168923450051116,Low,Do not prioritise this cycle,eligible customer with recent purchase history
2011-12-10,13972,1,44.349999999999994,145,1,44.349999999999994,70.50416666666666,United Kingdom,0.0,0.0,2011-12-10,0.21683740028334778,Low,Do not prioritise this cycle,eligible customer with recent purchase history
2011-12-10,17921,1,224.76,137,1,224.76,64.21111111111111,United Kingdom,0.0,0.0,2011-12-10,0.21675934573781122,Low,Do not prioritise this cycle,eligible customer with recent purchase history
2011-12-10,12863,1,521.1999999999999,188,1,521.1999999999999,52.40625,United Kingdom,0.0,0.0,2011-12-10,0.2167283502114664,Low,Do not prioritise this cycle,eligible customer with recent purchase history
2011-12-10,13594,1,396.96999999999997,359,1,396.96999999999997,52.57013888888889,United Kingdom,0.0,0.0,2011-12-10,0.21671863636530295,Low,Do not prioritise this cycle,eligible customer with recent purchase history
2011-12-10,14443,1,428.68,272,1,428.68,53.576388888888886,United Kingdom,0.0,0.0,2011-12-10,0.21670227263262967,Low,Do not prioritise this cycle,eligible customer with recent purchase history
2011-12-10,16737,1,417.59999999999997,288,1,417.59999999999997,53.45625,United Kingdom,0.0,0.0,2011-12-10,0.2166080504002315,Low,Do not prioritise this cycle,eligible customer with recent purchase history
2011-12-10,15220,1,494.91,256,1,494.91,51.47291666666667,United Kingdom,0.0,0.0,2011-12-10,0.21658038307268457,Low,Do not prioritise this cycle,eligible customer with recent purchase history
2011-12-10,15579,1,149.0,64,1,149.0,68.46875,United Kingdom,0.0,0.0,2011-12-10,0.2165733322907827,Low,Do not prioritise this cycle,eligible customer with recent purchase history
2011-12-10,13169,1,207.68,176,1,207.68,63.49236111111111,United Kingdom,0.0,0.0,2011-12-10,0.21647022380912845,Low,Do not prioritise this cycle,eligible customer with recent purchase history
2011-12-10,17376,1,97.35,51,1,97.35,70.475,United Kingdom,0.0,0.0,2011-12-10,0.21645652235985022,Low,Do not prioritise this cycle,eligible customer with recent purchase history
2011-12-10,13259,1,292.32,132,1,292.32,61.55,United Kingdom,0.0,0.0,2011-12-10,0.21644588791897953,Low,Do not prioritise this cycle,eligible customer with recent purchase history
2011-12-10,13176,1,492.84,453,1,492.84,46.34513888888889,United Kingdom,0.0,0.0,2011-12-10,0.21631410308534607,Low,Do not prioritise this cycle,eligible customer with recent purchase history
2011-12-10,18033,1,97.97,253,1,97.97,65.27222222222223,United Kingdom,0.0,0.0,2011-12-10,0.21630576916644445,Low,Do not prioritise this cycle,eligible customer with recent purchase history
2011-12-10,16441,1,170.2,63,1,170.2,67.25833333333334,United Kingdom,0.0,0.0,2011-12-10,0.2161851634069819,Low,Do not prioritise this cycle,eligible customer with recent purchase history
2011-12-10,16895,1,219.14000000000001,102,1,219.14000000000001,64.48958333333333,United Kingdom,0.0,0.0,2011-12-10,0.21612875262616812,Low,Do not prioritise this cycle,eligible customer with recent purchase history
2011-12-10,16104,1,284.51,120,1,284.51,61.56736111111111,United Kingdom,0.0,0.0,2011-12-10,0.2160000150350166,Low,Do not prioritise this cycle,eligible customer with recent purchase history
2011-12-10,13483,1,140.34,160,1,140.34,65.50486111111111,United Kingdom,0.0,0.0,2011-12-10,0.21585331893635798,Low,Do not prioritise this cycle,eligible customer with recent purchase history
2011-12-10,14421,1,357.93,171,1,357.93,57.44166666666667,United Kingdom,0.0,0.0,2011-12-10,0.21578923875796135,Low,Do not prioritise this cycle,eligible customer with recent purchase history
2011-12-10,15651,2,418.98,241,1,209.49,36.638194444444444,United Kingdom,0.0,0.0,2011-12-10,0.2157236809409885,Low,Do not prioritise this cycle,eligible customer with recent purchase history
2011-12-10,13396,1,973.72,461,1,973.72,29.292361111111113,United Kingdom,5.0,0.01072961373390558,2011-12-10,0.2157015153581051,Low,Do not prioritise this cycle,eligible customer with recent purchase history
2011-12-10,16052,1,362.06,282,1,362.06,54.365972222222226,United Kingdom,0.0,0.0,2011-12-10,0.21564058012110532,Low,Do not prioritise this cycle,eligible customer with recent purchase history
2011-12-10,13875,1,361.99,311,1,361.99,53.6,United Kingdom,0.0,0.0,2011-12-10,0.21559924675881306,Low,Do not prioritise this cycle,eligible customer with recent purchase history
2011-12-10,16774,1,119.32,96,1,119.32,67.47152777777778,United Kingdom,0.0,0.0,2011-12-10,0.21556499040786556,Low,Do not prioritise this cycle,eligible customer with recent purchase history
2011-12-10,12617,1,355.53,213,1,355.53,29.389583333333334,France,0.0,0.0,2011-12-10,0.21551222572748263,Low,Do not prioritise this cycle,eligible customer with recent purchase history
2011-12-10,15994,1,427.07,177,1,427.07,54.480555555555554,United Kingdom,0.0,0.0,2011-12-10,0.21549910369215078,Low,Do not prioritise this cycle,eligible customer with recent purchase history
2011-12-10,13806,1,256.38,56,1,256.38,63.511805555555554,United Kingdom,0.0,0.0,2011-12-10,0.21549212722699013,Low,Do not prioritise this cycle,eligible customer with recent purchase history
2011-12-10,14139,1,415.82,510,1,415.82,46.43472222222222,United Kingdom,0.0,0.0,2011-12-10,0.21532824794994188,Low,Do not prioritise this cycle,eligible customer with recent purchase history
2011-12-10,14544,1,902.53,700,1,902.53,24.370833333333334,United Kingdom,0.0,0.0,2011-12-10,0.21523326549611382,Low,Do not prioritise this cycle,eligible customer with recent purchase history
2011-12-10,16367,1,633.58,556,1,633.58,37.449305555555554,United Kingdom,0.0,0.0,2011-12-10,0.21522344709700691,Low,Do not prioritise this cycle,eligible customer with recent purchase history
2011-12-10,17059,1,838.99,571,1,838.99,29.48125,United Kingdom,0.0,0.0,2011-12-10,0.21496967900740485,Low,Do not prioritise this cycle,eligible customer with recent purchase history
2011-12-10,16505,1,777.6,576,1,777.6,31.490277777777777,United Kingdom,0.0,0.0,2011-12-10,0.21493533114573993,Low,Do not prioritise this cycle,eligible customer with recent purchase history
2011-12-10,15803,1,415.82000000000005,290,1,415.82000000000005,51.37777777777778,United Kingdom,0.0,0.0,2011-12-10,0.21493295776508098,Low,Do not prioritise this cycle,eligible customer with recent purchase history
2011-12-10,15142,1,498.74,365,1,498.74,46.46458333333333,United Kingdom,0.0,0.0,2011-12-10,0.21483656658169242,Low,Do not prioritise this cycle,eligible customer with recent purchase history
2011-12-10,14537,1,355.56,120,1,355.56,57.545833333333334,United Kingdom,0.0,0.0,2011-12-10,0.21479767273814798,Low,Do not prioritise this cycle,eligible customer with recent purchase history
2011-12-10,18104,1,754.64,362,1,754.64,37.41180555555555,United Kingdom,0.0,0.0,2011-12-10,0.21479031073428906,Low,Do not prioritise this cycle,eligible customer with recent purchase history
2011-12-10,16728,1,504.67,356,1,504.67,46.391666666666666,United Kingdom,0.0,0.0,2011-12-10,0.21476855839175657,Low,Do not prioritise this cycle,eligible customer with recent purchase history
2011-12-10,16385,1,281.04,106,1,281.04,60.45,United Kingdom,0.0,0.0,2011-12-10,0.2147315784597493,Low,Do not prioritise this cycle,eligible customer with recent purchase history
2011-12-10,17572,1,30.75,15,1,30.75,71.25486111111111,United Kingdom,0.0,0.0,2011-12-10,0.21448069484499876,Low,Do not prioritise this cycle,eligible customer with recent purchase history
2011-12-10,17483,1,139.3,93,1,139.3,65.45138888888889,United Kingdom,0.0,0.0,2011-12-10,0.2144579288159888,Low,Do not prioritise this cycle,eligible customer with recent purchase history
2011-12-10,15276,1,135.31,64,1,135.31,66.30625,United Kingdom,0.0,0.0,2011-12-10,0.21445526163074663,Low,Do not prioritise this cycle,eligible customer with recent purchase history
2011-12-10,16184,1,172.99,91,1,172.99,64.26180555555555,United Kingdom,0.0,0.0,2011-12-10,0.21442201159036983,Low,Do not prioritise this cycle,eligible customer with recent purchase history
2011-12-10,13278,1,530.83,535,1,530.83,40.50763888888889,United Kingdom,0.0,0.0,2011-12-10,0.21434392613805464,Low,Do not prioritise this cycle,eligible customer with recent purchase history
2011-12-10,12423,1,193.64000000000001,202,1,193.64000000000001,0.5763888888888888,Belgium,0.0,0.0,2011-12-10,0.21434011951792406,Low,Do not prioritise this cycle,purchased in the last 14 days
2011-12-10,14801,1,193.14,175,1,193.14,61.358333333333334,United Kingdom,0.0,0.0,2011-12-10,0.21433187451263808,Low,Do not prioritise this cycle,eligible customer with recent purchase history
2011-12-10,14067,1,150.03,145,1,150.03,63.56875,United Kingdom,0.0,0.0,2011-12-10,0.21428494594667344,Low,Do not prioritise this cycle,eligible customer with recent purchase history
2011-12-10,17030,1,146.87,146,1,146.87,63.63263888888889,United Kingdom,0.0,0.0,2011-12-10,0.21426631843224264,Low,Do not prioritise this cycle,eligible customer with recent purchase history
2011-12-10,12479,1,473.2,382,1,473.2,11.440277777777778,Germany,34.0,0.08173076923076923,2011-12-10,0.21421090683753372,Low,Do not prioritise this cycle,purchased in the last 14 days
2011-12-10,15493,2,683.05,198,1,341.525,32.49722222222222,United Kingdom,0.0,0.0,2011-12-10,0.2141621160254712,Low,Do not prioritise this cycle,eligible customer with recent purchase history
2011-12-10,18160,1,319.51,147,1,319.51,57.34027777777778,United Kingdom,0.0,0.0,2011-12-10,0.21414735544865549,Low,Do not prioritise this cycle,eligible customer with recent purchase history
2011-12-10,15199,1,300.95,91,1,300.95,59.36666666666667,United Kingdom,0.0,0.0,2011-12-10,0.21413498079630333,Low,Do not prioritise this cycle,eligible customer with recent purchase history
2011-12-10,17201,1,342.63,268,1,342.63,53.50347222222222,United Kingdom,0.0,0.0,2011-12-10,0.21412614025876797,Low,Do not prioritise this cycle,eligible customer with recent purchase history
2011-12-10,13792,1,120.95,64,1,120.95,66.3951388888889,United Kingdom,0.0,0.0,2011-12-10,0.21412064119185123,Low,Do not prioritise this cycle,eligible customer with recent purchase history
2011-12-10,12923,1,175.72,68,1,175.72,64.31944444444444,United Kingdom,0.0,0.0,2011-12-10,0.2140921356762942,Low,Do not prioritise this cycle,eligible customer with recent purchase history
2011-12-10,18252,1,456.77,221,1,456.77,50.47013888888889,United Kingdom,0.0,0.0,2011-12-10,0.21400674273637924,Low,Do not prioritise this cycle,eligible customer with recent purchase history
2011-12-10,17824,1,298.4,408,1,298.4,51.40694444444444,United Kingdom,0.0,0.0,2011-12-10,0.2139640816926517,Low,Do not prioritise this cycle,eligible customer with recent purchase history
2011-12-10,12532,1,313.83000000000004,151,1,313.83000000000004,30.425694444444446,France,0.0,0.0,2011-12-10,0.21393711637806592,Low,Do not prioritise this cycle,eligible customer with recent purchase history
2011-12-10,18136,1,183.48000000000002,84,1,183.48000000000002,63.34722222222222,United Kingdom,0.0,0.0,2011-12-10,0.2138520104395362,Low,Do not prioritise this cycle,eligible customer with recent purchase history
2011-12-10,14819,1,169.5,58,1,169.5,64.42986111111111,United Kingdom,0.0,0.0,2011-12-10,0.2138078981817767,Low,Do not prioritise this cycle,eligible customer with recent purchase history
2011-12-10,16345,1,575.41,289,1,575.41,44.33125,United Kingdom,0.0,0.0,2011-12-10,0.21380499705785766,Low,Do not prioritise this cycle,eligible customer with recent purchase history
2011-12-10,13980,1,200.14,172,1,200.14,60.43472222222222,United Kingdom,0.0,0.0,2011-12-10,0.2137351359813909,Low,Do not prioritise this cycle,eligible customer with recent purchase history
2011-12-10,14233,1,503.62,270,1,503.62,49.3375,United Kingdom,9.0,0.03225806451612903,2011-12-10,0.21372321880496764,Low,Do not prioritise this cycle,eligible customer with recent purchase history
2011-12-10,16921,1,169.79,171,1,169.79,61.31805555555555,United Kingdom,0.0,0.0,2011-12-10,0.21356265460950927,Low,Do not prioritise this cycle,eligible customer with recent purchase history
2011-12-10,13607,1,678.01,290,1,678.01,40.321527777777774,United Kingdom,0.0,0.0,2011-12-10,0.213527616595261,Low,Do not prioritise this cycle,eligible customer with recent purchase history
2011-12-10,15275,1,615.14,498,1,615.14,37.52777777777778,United Kingdom,1.0,0.002004008016032064,2011-12-10,0.21347458145474638,Low,Do not prioritise this cycle,eligible customer with recent purchase history
2011-12-10,17190,1,249.74,160,1,249.74,58.51875,United Kingdom,0.0,0.0,2011-12-10,0.21337372788128403,Low,Do not prioritise this cycle,eligible customer with recent purchase history
2011-12-10,15937,1,145.35,73,1,145.35,64.34166666666667,United Kingdom,0.0,0.0,2011-12-10,0.21335226581782352,Low,Do not prioritise this cycle,eligible customer with recent purchase history
2011-12-10,16106,1,108.38,74,1,108.38,65.55763888888889,United Kingdom,0.0,0.0,2011-12-10,0.21329707101773346,Low,Do not prioritise this cycle,eligible customer with recent purchase history
2011-12-10,15227,2,342.58,161,1,171.29,36.50069444444444,United Kingdom,0.0,0.0,2011-12-10,0.2132883815557062,Low,Do not prioritise this cycle,eligible customer with recent purchase history
2011-12-10,18126,1,204.49,138,1,204.49,60.486805555555556,United Kingdom,0.0,0.0,2011-12-10,0.21323131188642958,Low,Do not prioritise this cycle,eligible customer with recent purchase history
2011-12-10,17940,1,192.0,600,1,192.0,49.43958333333333,United Kingdom,0.0,0.0,2011-12-10,0.2131754000589084,Low,Do not prioritise this cycle,eligible customer with recent purchase history
2011-12-10,16753,1,223.92000000000002,189,1,223.92000000000002,58.44861111111111,United Kingdom,0.0,0.0,2011-12-10,0.2131606559591816,Low,Do not prioritise this cycle,eligible customer with recent purchase history
2011-12-10,14959,1,158.1,94,1,158.1,64.23402777777778,United Kingdom,3.0,0.030927835051546393,2011-12-10,0.21301012475856856,Low,Do not prioritise this cycle,eligible customer with recent purchase history
2011-12-10,17647,1,133.06,30,1,133.06,65.34861111111111,United Kingdom,0.0,0.0,2011-12-10,0.21296224362703883,Low,Do not prioritise this cycle,eligible customer with recent purchase history
2011-12-10,13982,1,641.67,353,1,641.67,39.31666666666667,United Kingdom,0.0,0.0,2011-12-10,0.21294372931481664,Low,Do not prioritise this cycle,eligible customer with recent purchase history
2011-12-10,18171,1,237.0,150,1,237.0,58.615972222222226,United Kingdom,0.0,0.0,2011-12-10,0.21289644719721368,Low,Do not prioritise this cycle,eligible customer with recent purchase history
2011-12-10,16179,1,215.83,99,1,215.83,60.59652777777778,United Kingdom,0.0,0.0,2011-12-10,0.21287243570474462,Low,Do not prioritise this cycle,eligible customer with recent purchase history
2011-12-10,16127,1,656.25,323,1,656.25,39.418055555555554,United Kingdom,0.0,0.0,2011-12-10,0.212845867007186,Low,Do not prioritise this cycle,eligible customer with recent purchase history
2011-12-10,16430,1,300.85,103,1,300.85,57.384027777777774,United Kingdom,0.0,0.0,2011-12-10,0.21279271662865062,Low,Do not prioritise this cycle,eligible customer with recent purchase history
2011-12-10,14631,1,376.9,270,1,376.9,50.52986111111111,United Kingdom,0.0,0.0,2011-12-10,0.21276799393481244,Low,Do not prioritise this cycle,eligible customer with recent purchase history
2011-12-10,14145,1,594.0,120,1,594.0,46.49305555555556,United Kingdom,0.0,0.0,2011-12-10,0.21272798002279614,Low,Do not prioritise this cycle,eligible customer with recent purchase history
2011-12-10,17951,1,599.0400000000001,396,1,599.0400000000001,39.479166666666664,United Kingdom,0.0,0.0,2011-12-10,0.21271745467276873,Low,Do not prioritise this cycle,eligible customer with recent purchase history
2011-12-10,13923,1,351.13,185,1,351.13,53.47708333333333,United Kingdom,0.0,0.0,2011-12-10,0.212714874270528,Low,Do not prioritise this cycle,eligible customer with recent purchase history
2011-12-10,16734,1,344.35,237,1,344.35,52.42777777777778,United Kingdom,0.0,0.0,2011-12-10,0.212711480607482,Low,Do not prioritise this cycle,eligible customer with recent purchase history
2011-12-10,15886,1,181.09,147,1,181.09,60.39930555555556,United Kingdom,0.0,0.0,2011-12-10,0.2126806660181052,Low,Do not prioritise this cycle,eligible customer with recent purchase history
2011-12-10,14638,1,443.6,166,1,443.6,50.576388888888886,United Kingdom,0.0,0.0,2011-12-10,0.21264100560268026,Low,Do not prioritise this cycle,eligible customer with recent purchase history
2011-12-10,16086,1,221.69,123,1,221.69,59.452083333333334,United Kingdom,0.0,0.0,2011-12-10,0.21260018227525107,Low,Do not prioritise this cycle,eligible customer with recent purchase history
2011-12-10,15764,1,3.35,2,1,3.35,88.25138888888888,United Kingdom,3.0,0.6,2011-12-10,0.21257374438287563,Low,Do not prioritise this cycle,eligible customer with recent purchase history
2011-12-10,15000,1,490.52,218,1,490.52,47.5125,United Kingdom,0.0,0.0,2011-12-10,0.21254931089814097,Low,Do not prioritise this cycle,eligible customer with recent purchase history
2011-12-10,13974,1,413.59000000000003,249,1,413.59000000000003,49.388194444444444,United Kingdom,0.0,0.0,2011-12-10,0.2124824541891242,Low,Do not prioritise this cycle,eligible customer with recent purchase history
2011-12-10,17197,1,1013.01,191,1,1013.01,29.56111111111111,United Kingdom,0.0,0.0,2011-12-10,0.21246856974091685,Low,Do not prioritise this cycle,eligible customer with recent purchase history
2011-12-10,14054,1,92.46000000000001,62,1,92.46000000000001,65.34097222222222,United Kingdom,0.0,0.0,2011-12-10,0.2124428206716387,Low,Do not prioritise this cycle,eligible customer with recent purchase history
2011-12-10,17913,1,193.54999999999998,189,1,193.54999999999998,58.552083333333336,United Kingdom,0.0,0.0,2011-12-10,0.2123896225970875,Low,Do not prioritise this cycle,eligible customer with recent purchase history
2011-12-10,18088,1,167.67000000000002,109,1,167.67000000000002,61.42986111111111,United Kingdom,0.0,0.0,2011-12-10,0.21237633666550662,Low,Do not prioritise this cycle,eligible customer with recent purchase history
2011-12-10,14232,1,474.74,438,1,474.74,42.53541666666667,United Kingdom,1.0,0.002277904328018223,2011-12-10,0.21231758291535466,Low,Do not prioritise this cycle,eligible customer with recent purchase history
2011-12-10,17025,1,196.8,96,1,196.8,60.62083333333333,United Kingdom,0.0,0.0,2011-12-10,0.2122987809993933,Low,Do not prioritise this cycle,eligible customer with recent purchase history
2011-12-10,16249,1,359.3,188,1,359.3,52.578472222222224,United Kingdom,0.0,0.0,2011-12-10,0.21229130920385228,Low,Do not prioritise this cycle,eligible customer with recent purchase history
2011-12-10,15708,1,663.8100000000001,230,1,663.8100000000001,40.545833333333334,United Kingdom,0.0,0.0,2011-12-10,0.21213086864867417,Low,Do not prioritise this cycle,eligible customer with recent purchase history
2011-12-10,13947,1,90.6,44,1,90.6,65.3875,United Kingdom,0.0,0.0,2011-12-10,0.21207547983517333,Low,Do not prioritise this cycle,eligible customer with recent purchase history
2011-12-10,15678,1,352.7,184,1,352.7,52.607638888888886,United Kingdom,0.0,0.0,2011-12-10,0.21205118056487188,Low,Do not prioritise this cycle,eligible customer with recent purchase history
2011-12-10,16793,1,243.84,146,1,243.84,57.36944444444445,United Kingdom,0.0,0.0,2011-12-10,0.21202319486755555,Low,Do not prioritise this cycle,eligible customer with recent purchase history
2011-12-10,16413,1,262.2,148,1,262.2,56.49444444444445,United Kingdom,0.0,0.0,2011-12-10,0.21188496833405598,Low,Do not prioritise this cycle,eligible customer with recent purchase history
2011-12-10,17044,1,948.48,504,1,948.48,25.397222222222222,United Kingdom,11.0,0.021359223300970873,2011-12-10,0.21188213291608854,Low,Do not prioritise this cycle,eligible customer with recent purchase history
2011-12-10,14967,1,463.8,140,1,463.8,49.5375,United Kingdom,0.0,0.0,2011-12-10,0.2118770060074553,Low,Do not prioritise this cycle,eligible customer with recent purchase history
2011-12-10,17489,1,168.07999999999998,196,1,168.07999999999998,58.62777777777778,United Kingdom,0.0,0.0,2011-12-10,0.21187248385066723,Low,Do not prioritise this cycle,eligible customer with recent purchase history
2011-12-10,12702,1,201.0,52,1,201.0,19.558333333333334,Germany,0.0,0.0,2011-12-10,0.211866445891949,Low,Do not prioritise this cycle,eligible customer with recent purchase history
2011-12-10,15756,1,168.12,75,1,168.12,61.4375,United Kingdom,0.0,0.0,2011-12-10,0.21173056612611785,Low,Do not prioritise this cycle,eligible customer with recent purchase history
2011-12-10,16170,1,324.39,287,1,324.39,50.65208333333333,United Kingdom,0.0,0.0,2011-12-10,0.21172487747634458,Low,Do not prioritise this cycle,eligible customer with recent purchase history
2011-12-10,16515,1,376.78000000000003,138,1,376.78000000000003,52.451388888888886,United Kingdom,0.0,0.0,2011-12-10,0.21170363114865626,Low,Do not prioritise this cycle,eligible customer with recent purchase history
2011-12-10,18169,1,202.65,61,1,202.65,60.4875,United Kingdom,0.0,0.0,2011-12-10,0.21167346138926957,Low,Do not prioritise this cycle,eligible customer with recent purchase history
2011-12-10,15592,1,388.58,354,1,388.58,46.62569444444444,United Kingdom,0.0,0.0,2011-12-10,0.21164949880982542,Low,Do not prioritise this cycle,eligible customer with recent purchase history
2011-12-10,15421,1,211.0,121,1,211.0,58.611111111111114,United Kingdom,0.0,0.0,2011-12-10,0.2115965457844582,Low,Do not prioritise this cycle,eligible customer with recent purchase history
2011-12-10,17284,1,158.44,124,1,158.44,60.390277777777776,United Kingdom,0.0,0.0,2011-12-10,0.21158913997211873,Low,Do not prioritise this cycle,eligible customer with recent purchase history
2011-12-10,14474,1,547.66,140,1,547.66,46.44027777777778,United Kingdom,1.0,0.0070921985815602835,2011-12-10,0.2115124413905198,Low,Do not prioritise this cycle,eligible customer with recent purchase history
2011-12-10,13652,1,456.84000000000003,288,1,456.84000000000003,45.63125,United Kingdom,0.0,0.0,2011-12-10,0.21148636271184282,Low,Do not prioritise this cycle,eligible customer with recent purchase history
2011-12-10,16248,1,152.94,78,1,152.94,61.519444444444446,United Kingdom,0.0,0.0,2011-12-10,0.2114291459499661,Low,Do not prioritise this cycle,eligible customer with recent purchase history
2011-12-10,13245,1,430.5,125,1,430.5,50.513888888888886,United Kingdom,0.0,0.0,2011-12-10,0.21142342809579612,Low,Do not prioritise this cycle,eligible customer with recent purchase history
2011-12-10,13876,1,122.7,36,1,122.7,63.56805555555555,United Kingdom,0.0,0.0,2011-12-10,0.21138086199213063,Low,Do not prioritise this cycle,eligible customer with recent purchase history
2011-12-10,16878,1,13.3,12,1,13.3,84.26458333333333,United Kingdom,12.0,0.5,2011-12-10,0.2113285633933811,Low,Do not prioritise this cycle,eligible customer with recent purchase history
2011-12-10,15974,1,547.14,398,1,547.14,39.449305555555554,United Kingdom,0.0,0.0,2011-12-10,0.2112790351926221,Low,Do not prioritise this cycle,eligible customer with recent purchase history
2011-12-10,16203,1,214.6,104,1,214.6,58.47847222222222,United Kingdom,0.0,0.0,2011-12-10,0.21126106328229224,Low,Do not prioritise this cycle,eligible customer with recent purchase history
2011-12-10,13473,1,181.38,68,1,181.38,60.52777777777778,United Kingdom,0.0,0.0,2011-12-10,0.21124701346494204,Low,Do not prioritise this cycle,eligible customer with recent purchase history
2011-12-10,16372,2,367.93,166,1,183.965,33.452777777777776,United Kingdom,0.0,0.0,2011-12-10,0.21122147820013407,Low,Do not prioritise this cycle,eligible customer with recent purchase history
2011-12-10,17382,1,65.4,25,1,65.4,65.45486111111111,United Kingdom,0.0,0.0,2011-12-10,0.21105310058507193,Low,Do not prioritise this cycle,eligible customer with recent purchase history
2011-12-10,14700,1,677.6999999999999,484,1,677.6999999999999,32.388888888888886,United Kingdom,0.0,0.0,2011-12-10,0.2110364854508272,Low,Do not prioritise this cycle,eligible customer with recent purchase history
2011-12-10,17180,1,231.17,154,1,231.17,56.34305555555556,United Kingdom,0.0,0.0,2011-12-10,0.21101492437554348,Low,Do not prioritise this cycle,eligible customer with recent purchase history
2011-12-10,17712,1,522.91,215,1,522.91,44.480555555555554,United Kingdom,0.0,0.0,2011-12-10,0.21100262199802877,Low,Do not prioritise this cycle,eligible customer with recent purchase history
2011-12-10,17462,1,212.28,72,1,212.28,60.419444444444444,United Kingdom,3.0,0.04,2011-12-10,0.21087140319020176,Low,Do not prioritise this cycle,eligible customer with recent purchase history
2011-12-10,15664,1,386.43,157,1,386.43,50.54375,United Kingdom,0.0,0.0,2011-12-10,0.21083945082445524,Low,Do not prioritise this cycle,eligible customer with recent purchase history
2011-12-10,17608,2,193.42000000000002,232,1,96.71000000000001,33.454166666666666,United Kingdom,0.0,0.0,2011-12-10,0.2108167715214296,Low,Do not prioritise this cycle,eligible customer with recent purchase history
2011-12-10,15785,1,663.14,601,1,663.14,32.51875,United Kingdom,16.0,0.02593192868719611,2011-12-10,0.21080722654067235,Low,Do not prioritise this cycle,eligible customer with recent purchase history
2011-12-10,15048,1,59.519999999999996,22,1,59.519999999999996,65.37847222222223,United Kingdom,0.0,0.0,2011-12-10,0.2107704504497087,Low,Do not prioritise this cycle,eligible customer with recent purchase history
2011-12-10,14109,1,144.2,88,1,144.2,72.57083333333334,United Kingdom,32.0,0.26666666666666666,2011-12-10,0.21068066411123626,Low,Do not prioritise this cycle,eligible customer with recent purchase history
2011-12-10,17007,1,314.49,251,1,314.49,50.550694444444446,United Kingdom,0.0,0.0,2011-12-10,0.21066697341658994,Low,Do not prioritise this cycle,eligible customer with recent purchase history
2011-12-10,17973,1,337.04,176,1,337.04,51.55972222222222,United Kingdom,0.0,0.0,2011-12-10,0.21063108630230423,Low,Do not prioritise this cycle,eligible customer with recent purchase history
2011-12-10,17727,1,1060.25,645,1,1060.25,15.2875,United Kingdom,6.0,0.009216589861751152,2011-12-10,0.2105654752972092,Low,Do not prioritise this cycle,eligible customer with recent purchase history
2011-12-10,16730,1,262.17,244,1,262.17,52.40902777777778,United Kingdom,0.0,0.0,2011-12-10,0.2105341231124632,Low,Do not prioritise this cycle,eligible customer with recent purchase history
2011-12-10,16773,1,171.59,171,1,171.59,57.390972222222224,United Kingdom,0.0,0.0,2011-12-10,0.2105085376176966,Low,Do not prioritise this cycle,eligible customer with recent purchase history
2011-12-10,17414,1,180.0,720,1,180.0,43.490972222222226,United Kingdom,0.0,0.0,2011-12-10,0.21048327758870577,Low,Do not prioritise this cycle,eligible customer with recent purchase history
2011-12-10,17761,1,712.78,398,1,712.78,32.56736111111111,United Kingdom,0.0,0.0,2011-12-10,0.21048238407717465,Low,Do not prioritise this cycle,eligible customer with recent purchase history
2011-12-10,16826,1,341.7,158,1,341.7,51.41319444444444,United Kingdom,0.0,0.0,2011-12-10,0.2102959086965231,Low,Do not prioritise this cycle,eligible customer with recent purchase history
2011-12-10,16800,1,1201.49,540,1,1201.49,11.4125,United Kingdom,0.0,0.0,2011-12-10,0.21022667006842455,Low,Do not prioritise this cycle,purchased in the last 14 days
2011-12-10,13750,1,330.63,85,1,330.63,53.48888888888889,United Kingdom,0.0,0.0,2011-12-10,0.2102008514611697,Low,Do not prioritise this cycle,eligible customer with recent purchase history
2011-12-10,13690,1,172.25,67,1,172.25,59.37291666666667,United Kingdom,0.0,0.0,2011-12-10,0.2100643605289182,Low,Do not prioritise this cycle,eligible customer with recent purchase history
2011-12-10,16848,1,281.42,182,1,281.42,52.6375,United Kingdom,0.0,0.0,2011-12-10,0.21004552617924163,Low,Do not prioritise this cycle,eligible customer with recent purchase history
2011-12-10,16221,1,549.49,450,1,549.49,36.511805555555554,United Kingdom,0.0,0.0,2011-12-10,0.21004460661294863,Low,Do not prioritise this cycle,eligible customer with recent purchase history
2011-12-10,18034,2,422.88,561,1,211.44,21.48472222222222,United Kingdom,0.0,0.0,2011-12-10,0.21001877319606033,Low,Do not prioritise this cycle,eligible customer with recent purchase history
2011-12-10,15830,1,576.0,415,1,576.0,37.55555555555556,United Kingdom,6.0,0.014251781472684086,2011-12-10,0.2099940279961937,Low,Do not prioritise this cycle,eligible customer with recent purchase history
2011-12-10,14484,1,321.92,210,1,321.92,50.40902777777778,United Kingdom,0.0,0.0,2011-12-10,0.20996617303083753,Low,Do not prioritise this cycle,eligible customer with recent purchase history
2011-12-10,13573,1,262.63,293,1,262.63,50.39375,United Kingdom,0.0,0.0,2011-12-10,0.20991520173127493,Low,Do not prioritise this cycle,eligible customer with recent purchase history
2011-12-10,17878,1,379.45,401,1,379.45,43.525,United Kingdom,0.0,0.0,2011-12-10,0.20986872343700866,Low,Do not prioritise this cycle,eligible customer with recent purchase history
2011-12-10,12599,1,157.54,206,1,157.54,29.434722222222224,France,0.0,0.0,2011-12-10,0.2098517349909251,Low,Do not prioritise this cycle,eligible customer with recent purchase history
2011-12-10,13858,1,216.17,75,1,216.17,57.321527777777774,United Kingdom,0.0,0.0,2011-12-10,0.2098311455586485,Low,Do not prioritise this cycle,eligible customer with recent purchase history
2011-12-10,13193,1,117.88,50,1,117.88,61.395833333333336,United Kingdom,0.0,0.0,2011-12-10,0.20980998106175006,Low,Do not prioritise this cycle,eligible customer with recent purchase history
2011-12-10,17125,1,259.35,291,1,259.35,50.388194444444444,United Kingdom,0.0,0.0,2011-12-10,0.2097808575332799,Low,Do not prioritise this cycle,eligible customer with recent purchase history
2011-12-10,14754,1,409.78000000000003,313,1,409.78000000000003,44.49930555555556,United Kingdom,0.0,0.0,2011-12-10,0.20976992274621256,Low,Do not prioritise this cycle,eligible customer with recent purchase history
2011-12-10,13461,1,560.8,334,1,560.8,38.62430555555556,United Kingdom,0.0,0.0,2011-12-10,0.20976689519619232,Low,Do not prioritise this cycle,eligible customer with recent purchase history
2011-12-10,16123,1,307.78,170,1,307.78,51.6125,United Kingdom,0.0,0.0,2011-12-10,0.20974151578121047,Low,Do not prioritise this cycle,eligible customer with recent purchase history
2011-12-10,16639,1,786.36,351,1,786.36,31.444444444444443,United Kingdom,7.0,0.019553072625698324,2011-12-10,0.20958496315346872,Low,Do not prioritise this cycle,eligible customer with recent purchase history
2011-12-10,13897,1,311.16,200,1,311.16,50.395833333333336,United Kingdom,0.0,0.0,2011-12-10,0.2094629490525288,Low,Do not prioritise this cycle,eligible customer with recent purchase history
2011-12-10,17004,1,406.54,217,1,406.54,46.39930555555556,United Kingdom,0.0,0.0,2011-12-10,0.20930933367273893,Low,Do not prioritise this cycle,eligible customer with recent purchase history
2011-12-10,16861,1,102.96,116,1,102.96,59.62152777777778,United Kingdom,0.0,0.0,2011-12-10,0.20928352481838908,Low,Do not prioritise this cycle,eligible customer with recent purchase history
2011-12-10,15840,1,113.82,140,1,113.82,58.61944444444445,United Kingdom,0.0,0.0,2011-12-10,0.20926473792259548,Low,Do not prioritise this cycle,eligible customer with recent purchase history
2011-12-10,15819,1,319.98,218,1,319.98,49.38194444444444,United Kingdom,0.0,0.0,2011-12-10,0.20926212628966145,Low,Do not prioritise this cycle,eligible customer with recent purchase history
2011-12-10,15752,1,533.23,303,1,533.23,39.515972222222224,United Kingdom,0.0,0.0,2011-12-10,0.20909969185281943,Low,Do not prioritise this cycle,eligible customer with recent purchase history
2011-12-10,14027,1,104.82,62,1,104.82,60.62430555555556,United Kingdom,0.0,0.0,2011-12-10,0.20907528388508217,Low,Do not prioritise this cycle,eligible customer with recent purchase history
2011-12-10,12843,1,9.95,1,1,9.95,65.49375,United Kingdom,0.0,0.0,2011-12-10,0.20907492295664318,Low,Do not prioritise this cycle,eligible customer with recent purchase history
2011-12-10,12727,1,571.0,338,1,571.0,10.509722222222223,France,0.0,0.0,2011-12-10,0.20906080467920787,Low,Do not prioritise this cycle,purchased in the last 14 days
2011-12-10,16462,1,68.0,8,1,68.0,73.56666666666666,United Kingdom,4.0,0.3333333333333333,2011-12-10,0.20903520728779001,Low,Do not prioritise this cycle,eligible customer with recent purchase history
2011-12-10,16053,1,387.76,790,1,387.76,32.52708333333333,United Kingdom,0.0,0.0,2011-12-10,0.20901603679053415,Low,Do not prioritise this cycle,eligible customer with recent purchase history
2011-12-10,18082,1,703.37,621,1,703.37,25.46875,United Kingdom,0.0,0.0,2011-12-10,0.20897653256073892,Low,Do not prioritise this cycle,eligible customer with recent purchase history
2011-12-10,15281,1,140.37,83,1,140.37,58.61805555555556,United Kingdom,0.0,0.0,2011-12-10,0.20889748028227306,Low,Do not prioritise this cycle,eligible customer with recent purchase history
2011-12-10,14761,1,158.4,60,1,158.4,58.49305555555556,United Kingdom,0.0,0.0,2011-12-10,0.2088548472308541,Low,Do not prioritise this cycle,eligible customer with recent purchase history
2011-12-10,14089,1,161.0,134,1,161.0,56.55694444444445,United Kingdom,0.0,0.0,2011-12-10,0.20884321072565354,Low,Do not prioritise this cycle,eligible customer with recent purchase history
2011-12-10,13481,1,443.23,281,1,443.23,45.62013888888889,United Kingdom,12.0,0.040955631399317405,2011-12-10,0.20881645794465947,Low,Do not prioritise this cycle,eligible customer with recent purchase history
2011-12-10,17771,1,129.53,173,1,129.53,56.511805555555554,United Kingdom,0.0,0.0,2011-12-10,0.20868967072439168,Low,Do not prioritise this cycle,eligible customer with recent purchase history
2011-12-10,17279,1,187.83,48,1,187.83,57.50138888888889,United Kingdom,0.0,0.0,2011-12-10,0.20866313373765635,Low,Do not prioritise this cycle,eligible customer with recent purchase history
2011-12-10,17470,1,308.6,400,1,308.6,44.47083333333333,United Kingdom,0.0,0.0,2011-12-10,0.2086240592573671,Low,Do not prioritise this cycle,eligible customer with recent purchase history
2011-12-10,15012,1,231.98,145,1,231.98,53.484722222222224,United Kingdom,0.0,0.0,2011-12-10,0.20862061140601912,Low,Do not prioritise this cycle,eligible customer with recent purchase history
2011-12-10,15990,1,390.74,272,1,390.74,44.334722222222226,United Kingdom,0.0,0.0,2011-12-10,0.20832038630231633,Low,Do not prioritise this cycle,eligible customer with recent purchase history
2011-12-10,14541,1,146.0,44,1,146.0,58.577777777777776,United Kingdom,0.0,0.0,2011-12-10,0.20826891054562538,Low,Do not prioritise this cycle,eligible customer with recent purchase history
2011-12-10,17733,1,475.24,376,1,475.24,38.65555555555556,United Kingdom,0.0,0.0,2011-12-10,0.2082314989026386,Low,Do not prioritise this cycle,eligible customer with recent purchase history
2011-12-10,13487,1,166.6,52,1,166.6,57.49513888888889,United Kingdom,0.0,0.0,2011-12-10,0.20814812135298652,Low,Do not prioritise this cycle,eligible customer with recent purchase history
2011-12-10,14107,1,241.29,187,1,241.29,51.49166666666667,United Kingdom,0.0,0.0,2011-12-10,0.20813279587425731,Low,Do not prioritise this cycle,eligible customer with recent purchase history
2011-12-10,15598,1,240.68,160,1,240.68,53.330555555555556,United Kingdom,4.0,0.024390243902439025,2011-12-10,0.2080717538101268,Low,Do not prioritise this cycle,eligible customer with recent purchase history
2011-12-10,14725,1,718.08,593,1,718.08,24.470833333333335,United Kingdom,0.0,0.0,2011-12-10,0.2080638818804957,Low,Do not prioritise this cycle,eligible customer with recent purchase history
2011-12-10,16177,1,331.95,95,1,331.95,50.46041666666667,United Kingdom,0.0,0.0,2011-12-10,0.20806082425109182,Low,Do not prioritise this cycle,eligible customer with recent purchase history
2011-12-10,16454,1,5.9,2,1,5.9,64.29375,United Kingdom,0.0,0.0,2011-12-10,0.20804489255647543,Low,Do not prioritise this cycle,eligible customer with recent purchase history
2011-12-10,15158,1,401.40000000000003,198,1,401.40000000000003,45.421527777777776,United Kingdom,0.0,0.0,2011-12-10,0.20803608968989465,Low,Do not prioritise this cycle,eligible customer with recent purchase history
2011-12-10,14830,1,196.28,168,1,196.28,53.39652777777778,United Kingdom,0.0,0.0,2011-12-10,0.208008124228675,Low,Do not prioritise this cycle,eligible customer with recent purchase history
2011-12-10,15123,1,1129.84,686,1,1129.84,7.45,United Kingdom,0.0,0.0,2011-12-10,0.2079628994000614,Low,Do not prioritise this cycle,purchased in the last 14 days
2011-12-10,13285,1,739.02,597,1,739.02,23.445138888888888,United Kingdom,0.0,0.0,2011-12-10,0.20791989849379797,Low,Do not prioritise this cycle,eligible customer with recent purchase history
2011-12-10,16674,1,191.46,124,1,191.46,54.52013888888889,United Kingdom,0.0,0.0,2011-12-10,0.2079030887605774,Low,Do not prioritise this cycle,eligible customer with recent purchase history
2011-12-10,17386,1,989.0799999999999,880,1,989.0799999999999,7.522222222222222,United Kingdom,0.0,0.0,2011-12-10,0.2078685507409072,Low,Do not prioritise this cycle,purchased in the last 14 days
2011-12-10,12949,1,717.8000000000001,333,1,717.8000000000001,30.524305555555557,United Kingdom,0.0,0.0,2011-12-10,0.20776545753649414,Low,Do not prioritise this cycle,eligible customer with recent purchase history
2011-12-10,17262,1,298.0,40,1,298.0,52.46111111111111,United Kingdom,0.0,0.0,2011-12-10,0.20762305289542973,Low,Do not prioritise this cycle,eligible customer with recent purchase history
2011-12-10,15604,1,216.39,159,1,216.39,52.384027777777774,United Kingdom,0.0,0.0,2011-12-10,0.20760130695002,Low,Do not prioritise this cycle,eligible customer with recent purchase history
2011-12-10,18277,1,110.38,68,1,110.38,58.359722222222224,United Kingdom,0.0,0.0,2011-12-10,0.20757754530519731,Low,Do not prioritise this cycle,eligible customer with recent purchase history
2011-12-10,17534,1,223.36,103,1,223.36,53.46736111111111,United Kingdom,0.0,0.0,2011-12-10,0.20755941336066014,Low,Do not prioritise this cycle,eligible customer with recent purchase history
2011-12-10,17620,1,81.44,60,1,81.44,59.49444444444445,United Kingdom,0.0,0.0,2011-12-10,0.20750856678837987,Low,Do not prioritise this cycle,eligible customer with recent purchase history
2011-12-10,13865,1,118.22,50,1,118.22,58.43680555555556,United Kingdom,0.0,0.0,2011-12-10,0.2075075185512618,Low,Do not prioritise this cycle,eligible customer with recent purchase history
2011-12-10,14642,1,96.12,76,1,96.12,58.53611111111111,United Kingdom,0.0,0.0,2011-12-10,0.2074754178963121,Low,Do not prioritise this cycle,eligible customer with recent purchase history
2011-12-10,16770,1,113.62,93,1,113.62,57.485416666666666,United Kingdom,0.0,0.0,2011-12-10,0.20746739818668464,Low,Do not prioritise this cycle,eligible customer with recent purchase history
2011-12-10,12673,1,353.62,178,1,353.62,5.420138888888889,Germany,0.0,0.0,2011-12-10,0.20746398651624062,Low,Do not prioritise this cycle,purchased in the last 14 days
2011-12-10,17397,2,696.4100000000001,254,1,348.20500000000004,22.41111111111111,United Kingdom,0.0,0.0,2011-12-10,0.20744185310594532,Low,Do not prioritise this cycle,eligible customer with recent purchase history
2011-12-10,14752,1,389.64,260,1,389.64,43.50347222222222,United Kingdom,0.0,0.0,2011-12-10,0.2074112854931808,Low,Do not prioritise this cycle,eligible customer with recent purchase history
2011-12-10,15637,1,223.36,128,1,223.36,52.647222222222226,United Kingdom,0.0,0.0,2011-12-10,0.20740208825326686,Low,Do not prioritise this cycle,eligible customer with recent purchase history
2011-12-10,13930,1,127.33999999999999,64,1,127.33999999999999,57.59375,United Kingdom,0.0,0.0,2011-12-10,0.2073723102368848,Low,Do not prioritise this cycle,eligible customer with recent purchase history
2011-12-10,16470,1,223.26,173,1,223.26,51.49236111111111,United Kingdom,0.0,0.0,2011-12-10,0.20736621400782898,Low,Do not prioritise this cycle,eligible customer with recent purchase history
2011-12-10,15201,1,303.28000000000003,296,1,303.28000000000003,87.37986111111111,United Kingdom,228.0,0.4351145038167939,2011-12-10,0.20734317347665712,Low,Do not prioritise this cycle,eligible customer with recent purchase history
2011-12-10,17111,1,248.61,302,1,248.61,47.33402777777778,United Kingdom,0.0,0.0,2011-12-10,0.2073106878015167,Low,Do not prioritise this cycle,eligible customer with recent purchase history
2011-12-10,13283,1,68.16,60,1,68.16,59.59027777777778,United Kingdom,0.0,0.0,2011-12-10,0.20721707415038107,Low,Do not prioritise this cycle,eligible customer with recent purchase history
2011-12-10,13601,1,320.12,273,1,320.12,45.27013888888889,United Kingdom,0.0,0.0,2011-12-10,0.2071191483731723,Low,Do not prioritise this cycle,eligible customer with recent purchase history
2011-12-10,15068,1,313.4,234,1,313.4,46.384027777777774,United Kingdom,0.0,0.0,2011-12-10,0.20705058887224043,Low,Do not prioritise this cycle,eligible customer with recent purchase history
2011-12-10,14381,1,202.68,146,1,202.68,52.28472222222222,United Kingdom,0.0,0.0,2011-12-10,0.20689658346882042,Low,Do not prioritise this cycle,eligible customer with recent purchase history
2011-12-10,12578,1,989.85,441,1,989.85,21.4375,Italy,0.0,0.0,2011-12-10,0.20679144026990906,Low,Do not prioritise this cycle,eligible customer with recent purchase history
2011-12-10,13721,1,524.14,316,1,524.14,36.41319444444444,United Kingdom,0.0,0.0,2011-12-10,0.2066814476433884,Low,Do not prioritise this cycle,eligible customer with recent purchase history
2011-12-10,15327,1,208.75,116,1,208.75,52.50347222222222,United Kingdom,0.0,0.0,2011-12-10,0.2066578146327838,Low,Do not prioritise this cycle,eligible customer with recent purchase history
2011-12-10,14335,1,109.00999999999999,39,1,109.00999999999999,16.429861111111112,Germany,0.0,0.0,2011-12-10,0.20661348188410938,Low,Do not prioritise this cycle,eligible customer with recent purchase history
2011-12-10,14555,1,126.2,32,1,126.2,57.31666666666667,United Kingdom,0.0,0.0,2011-12-10,0.20651154663376195,Low,Do not prioritise this cycle,eligible customer with recent purchase history
2011-12-10,16171,1,73.2,24,1,73.2,59.38125,United Kingdom,0.0,0.0,2011-12-10,0.2065026690281077,Low,Do not prioritise this cycle,eligible customer with recent purchase history
2011-12-10,17206,1,204.24,76,1,204.24,53.44097222222222,United Kingdom,0.0,0.0,2011-12-10,0.20649415516087608,Low,Do not prioritise this cycle,eligible customer with recent purchase history
2011-12-10,13827,1,111.29,46,1,111.29,57.47361111111111,United Kingdom,0.0,0.0,2011-12-10,0.2064918410114525,Low,Do not prioritise this cycle,eligible customer with recent purchase history
2011-12-10,15252,1,440.23,423,1,440.23,36.4375,United Kingdom,0.0,0.0,2011-12-10,0.2064451773795381,Low,Do not prioritise this cycle,eligible customer with recent purchase history
2011-12-10,16102,1,449.3,166,1,449.3,42.44513888888889,United Kingdom,0.0,0.0,2011-12-10,0.2064271270402742,Low,Do not prioritise this cycle,eligible customer with recent purchase history
2011-12-10,14240,1,663.49,339,1,663.49,30.427083333333332,United Kingdom,0.0,0.0,2011-12-10,0.20630998155990135,Low,Do not prioritise this cycle,eligible customer with recent purchase history
2011-12-10,15526,2,148.44,24,1,74.22,33.37222222222222,United Kingdom,0.0,0.0,2011-12-10,0.20630534878889778,Low,Do not prioritise this cycle,eligible customer with recent purchase history
2011-12-10,13760,1,151.7,101,1,151.7,54.324305555555554,United Kingdom,0.0,0.0,2011-12-10,0.20621462091957646,Low,Do not prioritise this cycle,eligible customer with recent purchase history
2011-12-10,15545,1,157.39,88,1,157.39,54.44166666666667,United Kingdom,0.0,0.0,2011-12-10,0.20621282886007225,Low,Do not prioritise this cycle,eligible customer with recent purchase history
2011-12-10,13669,1,170.4,224,1,170.4,50.602777777777774,United Kingdom,0.0,0.0,2011-12-10,0.20620023539605498,Low,Do not prioritise this cycle,eligible customer with recent purchase history
2011-12-10,15521,1,673.42,366,1,673.42,40.42916666666667,United Kingdom,57.0,0.1347517730496454,2011-12-10,0.20615959099389575,Low,Do not prioritise this cycle,eligible customer with recent purchase history
2011-12-10,17696,1,370.12,433,1,370.12,38.428472222222226,United Kingdom,1.0,0.002304147465437788,2011-12-10,0.20610313753012852,Low,Do not prioritise this cycle,eligible customer with recent purchase history
2011-12-10,15320,1,267.13,326,1,267.13,44.43958333333333,United Kingdom,0.0,0.0,2011-12-10,0.20603457404518236,Low,Do not prioritise this cycle,eligible customer with recent purchase history
2011-12-10,15791,1,389.45000000000005,173,1,389.45000000000005,43.57361111111111,United Kingdom,0.0,0.0,2011-12-10,0.20579258695484837,Low,Do not prioritise this cycle,eligible customer with recent purchase history
2011-12-10,17018,1,515.1,116,1,515.1,40.5125,United Kingdom,0.0,0.0,2011-12-10,0.20577942033056526,Low,Do not prioritise this cycle,eligible customer with recent purchase history
2011-12-10,15335,1,173.97,80,1,173.97,53.46527777777778,United Kingdom,0.0,0.0,2011-12-10,0.20575890566778376,Low,Do not prioritise this cycle,eligible customer with recent purchase history
2011-12-10,13917,1,206.66,190,1,206.66,49.58611111111111,United Kingdom,0.0,0.0,2011-12-10,0.20575756070054002,Low,Do not prioritise this cycle,eligible customer with recent purchase history
2011-12-10,16621,1,204.07,115,1,204.07,51.515277777777776,United Kingdom,0.0,0.0,2011-12-10,0.20574486115990104,Low,Do not prioritise this cycle,eligible customer with recent purchase history
2011-12-10,12531,1,125.22,45,1,125.22,14.533333333333333,Germany,0.0,0.0,2011-12-10,0.20570455422534117,Low,Do not prioritise this cycle,eligible customer with recent purchase history
2011-12-10,15440,1,146.02,72,1,146.02,54.48888888888889,United Kingdom,0.0,0.0,2011-12-10,0.20563160692297663,Low,Do not prioritise this cycle,eligible customer with recent purchase history
2011-12-10,12659,1,73.68,104,1,73.68,29.50486111111111,France,0.0,0.0,2011-12-10,0.20562861328871793,Low,Do not prioritise this cycle,eligible customer with recent purchase history
2011-12-10,17797,2,508.02,249,1,254.01,22.44375,United Kingdom,0.0,0.0,2011-12-10,0.20557471305052016,Low,Do not prioritise this cycle,eligible customer with recent purchase history
2011-12-10,16846,1,214.32,135,1,214.32,50.420138888888886,United Kingdom,0.0,0.0,2011-12-10,0.20556125180929613,Low,Do not prioritise this cycle,eligible customer with recent purchase history
2011-12-10,17839,1,338.8,285,1,338.8,42.27291666666667,United Kingdom,0.0,0.0,2011-12-10,0.205539533572542,Low,Do not prioritise this cycle,eligible customer with recent purchase history
2011-12-10,16932,1,161.94,87,1,161.94,53.40833333333333,United Kingdom,0.0,0.0,2011-12-10,0.2055190950998273,Low,Do not prioritise this cycle,eligible customer with recent purchase history
2011-12-10,13666,1,20.6,4,1,20.6,60.34791666666667,United Kingdom,0.0,0.0,2011-12-10,0.20542564288150805,Low,Do not prioritise this cycle,eligible customer with recent purchase history
2011-12-10,17734,1,160.42,79,1,160.42,53.47708333333333,United Kingdom,0.0,0.0,2011-12-10,0.20537785591705734,Low,Do not prioritise this cycle,eligible customer with recent purchase history
2011-12-10,15270,2,529.2,504,1,264.6,15.608333333333333,United Kingdom,0.0,0.0,2011-12-10,0.20536462115774237,Low,Do not prioritise this cycle,eligible customer with recent purchase history
2011-12-10,17181,1,84.39999999999999,25,1,84.39999999999999,57.38333333333333,United Kingdom,0.0,0.0,2011-12-10,0.2052832001698508,Low,Do not prioritise this cycle,eligible customer with recent purchase history
2011-12-10,17175,1,311.06,222,1,311.06,44.35347222222222,United Kingdom,0.0,0.0,2011-12-10,0.2051845475514601,Low,Do not prioritise this cycle,eligible customer with recent purchase history
2011-12-10,16732,1,603.75,317,1,603.75,31.5875,United Kingdom,0.0,0.0,2011-12-10,0.20514980047127754,Low,Do not prioritise this cycle,eligible customer with recent purchase history
2011-12-10,16206,1,127.19999999999999,69,1,127.19999999999999,54.55486111111111,United Kingdom,0.0,0.0,2011-12-10,0.20511026426566387,Low,Do not prioritise this cycle,eligible customer with recent purchase history
2011-12-10,15277,1,255.89999999999998,205,1,255.89999999999998,46.577777777777776,United Kingdom,0.0,0.0,2011-12-10,0.2050682562287219,Low,Do not prioritise this cycle,eligible customer with recent purchase history
2011-12-10,13006,1,81.57,55,1,81.57,56.424305555555556,United Kingdom,0.0,0.0,2011-12-10,0.20503798515594315,Low,Do not prioritise this cycle,eligible customer with recent purchase history
2011-12-10,16412,1,151.83,73,1,151.83,53.47569444444444,United Kingdom,0.0,0.0,2011-12-10,0.20502740499714553,Low,Do not prioritise this cycle,eligible customer with recent purchase history
2011-12-10,17160,1,516.85,439,1,516.85,31.413194444444443,United Kingdom,0.0,0.0,2011-12-10,0.20496585661428732,Low,Do not prioritise this cycle,eligible customer with recent purchase history
2011-12-10,16071,1,326.24,180,1,326.24,44.53194444444444,United Kingdom,0.0,0.0,2011-12-10,0.20493642531505077,Low,Do not prioritise this cycle,eligible customer with recent purchase history
2011-12-10,14799,1,157.7,146,1,157.7,51.32222222222222,United Kingdom,0.0,0.0,2011-12-10,0.20491862542125863,Low,Do not prioritise this cycle,eligible customer with recent purchase history
2011-12-10,15806,1,262.7,189,1,262.7,46.392361111111114,United Kingdom,0.0,0.0,2011-12-10,0.2048061969902081,Low,Do not prioritise this cycle,eligible customer with recent purchase history
2011-12-10,17158,1,568.42,317,1,568.42,32.364583333333336,United Kingdom,0.0,0.0,2011-12-10,0.20478355180480154,Low,Do not prioritise this cycle,eligible customer with recent purchase history
2011-12-10,16245,1,643.96,584,1,643.96,23.573611111111113,United Kingdom,3.0,0.005110732538330494,2011-12-10,0.20474803432801933,Low,Do not prioritise this cycle,eligible customer with recent purchase history
2011-12-10,15360,1,427.93,223,1,427.93,39.60069444444444,United Kingdom,0.0,0.0,2011-12-10,0.2047325323156598,Low,Do not prioritise this cycle,eligible customer with recent purchase history
2011-12-10,18042,1,165.04999999999998,33,1,165.04999999999998,53.50763888888889,United Kingdom,0.0,0.0,2011-12-10,0.2046511175139966,Low,Do not prioritise this cycle,eligible customer with recent purchase history
2011-12-10,17832,1,155.37,208,1,155.37,49.511805555555554,United Kingdom,0.0,0.0,2011-12-10,0.2046408359613367,Low,Do not prioritise this cycle,eligible customer with recent purchase history
2011-12-10,16239,1,66.3,46,1,66.3,56.64652777777778,United Kingdom,0.0,0.0,2011-12-10,0.2046207453181828,Low,Do not prioritise this cycle,eligible customer with recent purchase history
2011-12-10,17420,1,207.32,96,1,207.32,50.38055555555555,United Kingdom,0.0,0.0,2011-12-10,0.20459577709796267,Low,Do not prioritise this cycle,eligible customer with recent purchase history
2011-12-10,15563,1,625.82,699,1,625.82,22.459027777777777,United Kingdom,11.0,0.015492957746478873,2011-12-10,0.20456542641162612,Low,Do not prioritise this cycle,eligible customer with recent purchase history
2011-12-10,15345,1,393.54,81,1,393.54,45.522222222222226,United Kingdom,3.0,0.03571428571428571,2011-12-10,0.20454550130746973,Low,Do not prioritise this cycle,eligible customer with recent purchase history
2011-12-10,12455,1,262.5,322,1,262.5,73.35347222222222,Spain,0.0,0.0,2011-12-10,0.20452614574846,Low,Do not prioritise this cycle,eligible customer with recent purchase history
2011-12-10,16804,2,395.14,208,1,197.57,23.303472222222222,United Kingdom,0.0,0.0,2011-12-10,0.20438560292617358,Low,Do not prioritise this cycle,eligible customer with recent purchase history
2011-12-10,16825,1,456.48,208,1,456.48,38.50625,United Kingdom,0.0,0.0,2011-12-10,0.20438344699674862,Low,Do not prioritise this cycle,eligible customer with recent purchase history
2011-12-10,14861,1,125.79,117,1,125.79,52.4625,United Kingdom,0.0,0.0,2011-12-10,0.20437381168876256,Low,Do not prioritise this cycle,eligible customer with recent purchase history
2011-12-10,17785,1,131.94,67,1,131.94,53.428472222222226,United Kingdom,0.0,0.0,2011-12-10,0.20433384975063804,Low,Do not prioritise this cycle,eligible customer with recent purchase history
2011-12-10,17361,1,224.28,94,1,224.28,49.34513888888889,United Kingdom,0.0,0.0,2011-12-10,0.20422349434631432,Low,Do not prioritise this cycle,eligible customer with recent purchase history
2011-12-10,18276,1,335.86,186,1,335.86,43.545833333333334,United Kingdom,2.0,0.010638297872340425,2011-12-10,0.20411657061182503,Low,Do not prioritise this cycle,eligible customer with recent purchase history
2011-12-10,15286,1,240.55,55,1,240.55,49.53611111111111,United Kingdom,0.0,0.0,2011-12-10,0.20407250499346286,Low,Do not prioritise this cycle,eligible customer with recent purchase history
2011-12-10,17357,2,388.14,153,1,194.07,24.3125,United Kingdom,0.0,0.0,2011-12-10,0.20404992933458027,Low,Do not prioritise this cycle,eligible customer with recent purchase history
2011-12-10,16602,1,528.0799999999999,336,1,528.0799999999999,36.3375,United Kingdom,19.0,0.05352112676056338,2011-12-10,0.20402965086045394,Low,Do not prioritise this cycle,eligible customer with recent purchase history
2011-12-10,12545,1,288.24,174,1,288.24,75.43125,Spain,0.0,0.0,2011-12-10,0.20401224404929066,Low,Do not prioritise this cycle,eligible customer with recent purchase history
2011-12-10,13894,2,403.77,249,1,201.885,23.594444444444445,United Kingdom,9.0,0.03488372093023256,2011-12-10,0.2037997066373339,Low,Do not prioritise this cycle,eligible customer with recent purchase history
2011-12-10,18067,1,396.33,189,1,396.33,40.334722222222226,United Kingdom,0.0,0.0,2011-12-10,0.2037894412274976,Low,Do not prioritise this cycle,eligible customer with recent purchase history
2011-12-10,16041,1,426.6,540,1,426.6,30.48263888888889,United Kingdom,0.0,0.0,2011-12-10,0.2037099615257779,Low,Do not prioritise this cycle,eligible customer with recent purchase history
2011-12-10,16542,1,119.62,46,1,119.62,53.550694444444446,United Kingdom,0.0,0.0,2011-12-10,0.20369342723920378,Low,Do not prioritise this cycle,eligible customer with recent purchase history
2011-12-10,15853,1,110.8,135,1,110.8,51.55694444444445,United Kingdom,0.0,0.0,2011-12-10,0.20361171533272338,Low,Do not prioritise this cycle,eligible customer with recent purchase history
2011-12-10,17076,1,506.88,183,1,506.88,36.25486111111111,United Kingdom,0.0,0.0,2011-12-10,0.20355128667620268,Low,Do not prioritise this cycle,eligible customer with recent purchase history
2011-12-10,15740,1,154.88,152,1,154.88,49.39652777777778,United Kingdom,0.0,0.0,2011-12-10,0.20347513933104883,Low,Do not prioritise this cycle,eligible customer with recent purchase history
2011-12-10,16363,1,109.36000000000001,52,1,109.36000000000001,53.40694444444444,United Kingdom,0.0,0.0,2011-12-10,0.20341799250736337,Low,Do not prioritise this cycle,eligible customer with recent purchase history
2011-12-10,17095,1,768.3,382,1,768.3,22.485416666666666,United Kingdom,3.0,0.007792207792207792,2011-12-10,0.20340016441776387,Low,Do not prioritise this cycle,eligible customer with recent purchase history
2011-12-10,16628,1,568.21,361,1,568.21,29.46875,United Kingdom,0.0,0.0,2011-12-10,0.20338800848067115,Low,Do not prioritise this cycle,eligible customer with recent purchase history
2011-12-10,13692,1,616.74,491,1,616.74,24.52986111111111,United Kingdom,0.0,0.0,2011-12-10,0.20338359846861948,Low,Do not prioritise this cycle,eligible customer with recent purchase history
2011-12-10,13491,1,127.37,91,1,127.37,51.644444444444446,United Kingdom,0.0,0.0,2011-12-10,0.20329514714428862,Low,Do not prioritise this cycle,eligible customer with recent purchase history
2011-12-10,13637,1,125.65,55,1,125.65,52.43611111111111,United Kingdom,0.0,0.0,2011-12-10,0.20317323265779652,Low,Do not prioritise this cycle,eligible customer with recent purchase history
2011-12-10,14585,1,157.05,91,1,157.05,50.39375,United Kingdom,0.0,0.0,2011-12-10,0.20314279561871199,Low,Do not prioritise this cycle,eligible customer with recent purchase history
2011-12-10,16418,1,306.91,114,1,306.91,44.47291666666667,United Kingdom,0.0,0.0,2011-12-10,0.2031111113377601,Low,Do not prioritise this cycle,eligible customer with recent purchase history
2011-12-10,13732,1,491.86,498,1,491.86,28.340972222222224,United Kingdom,0.0,0.0,2011-12-10,0.20304530117583297,Low,Do not prioritise this cycle,eligible customer with recent purchase history
2011-12-10,17148,1,124.88,82,1,124.88,51.58402777777778,United Kingdom,0.0,0.0,2011-12-10,0.20301087905407555,Low,Do not prioritise this cycle,eligible customer with recent purchase history
2011-12-10,15469,1,234.25,25,1,234.25,50.31875,United Kingdom,1.0,0.038461538461538464,2011-12-10,0.20296404205842167,Low,Do not prioritise this cycle,eligible customer with recent purchase history
2011-12-10,15121,1,162.57,74,1,162.57,50.38125,United Kingdom,0.0,0.0,2011-12-10,0.20296127297006547,Low,Do not prioritise this cycle,eligible customer with recent purchase history
2011-12-10,16726,1,586.83,436,1,586.83,26.37986111111111,United Kingdom,0.0,0.0,2011-12-10,0.20294739126306677,Low,Do not prioritise this cycle,eligible customer with recent purchase history
2011-12-10,15043,1,537.0,300,1,537.0,31.398611111111112,United Kingdom,0.0,0.0,2011-12-10,0.20286415742570393,Low,Do not prioritise this cycle,eligible customer with recent purchase history
2011-12-10,16026,1,236.09,243,1,236.09,43.421527777777776,United Kingdom,0.0,0.0,2011-12-10,0.2028258426511086,Low,Do not prioritise this cycle,eligible customer with recent purchase history
2011-12-10,17623,1,527.0500000000001,265,1,527.0500000000001,32.519444444444446,United Kingdom,0.0,0.0,2011-12-10,0.20279002477178387,Low,Do not prioritise this cycle,eligible customer with recent purchase history
2011-12-10,17700,1,852.81,441,1,852.81,16.50625,United Kingdom,0.0,0.0,2011-12-10,0.2026996501438154,Low,Do not prioritise this cycle,eligible customer with recent purchase history
2011-12-10,16017,1,211.88,102,1,211.88,47.46111111111111,United Kingdom,0.0,0.0,2011-12-10,0.2025937040553159,Low,Do not prioritise this cycle,eligible customer with recent purchase history
2011-12-10,12697,1,183.68,148,1,183.68,28.634027777777778,Sweden,3.0,0.019867549668874173,2011-12-10,0.2025865466208441,Low,Do not prioritise this cycle,eligible customer with recent purchase history
2011-12-10,17986,1,20.8,10,1,20.8,56.40138888888889,United Kingdom,0.0,0.0,2011-12-10,0.20251306974890917,Low,Do not prioritise this cycle,eligible customer with recent purchase history
2011-12-10,15551,1,436.06,218,1,436.06,36.47430555555555,United Kingdom,0.0,0.0,2011-12-10,0.20246014817535693,Low,Do not prioritise this cycle,eligible customer with recent purchase history
2011-12-10,16023,1,219.12,131,1,219.12,46.30972222222222,United Kingdom,0.0,0.0,2011-12-10,0.20245767120997468,Low,Do not prioritise this cycle,eligible customer with recent purchase history
2011-12-10,15659,1,306.45,111,1,306.45,43.609027777777776,United Kingdom,0.0,0.0,2011-12-10,0.20238119649558556,Low,Do not prioritise this cycle,eligible customer with recent purchase history
2011-12-10,16099,1,139.8,72,1,139.8,50.449305555555554,United Kingdom,0.0,0.0,2011-12-10,0.20235851661858228,Low,Do not prioritise this cycle,eligible customer with recent purchase history
2011-12-10,15610,1,112.46000000000001,66,1,112.46000000000001,51.55833333333333,United Kingdom,0.0,0.0,2011-12-10,0.20235225955041203,Low,Do not prioritise this cycle,eligible customer with recent purchase history
2011-12-10,16648,1,290.65999999999997,281,1,290.65999999999997,42.62638888888889,United Kingdom,12.0,0.040955631399317405,2011-12-10,0.2023252618246992,Low,Do not prioritise this cycle,eligible customer with recent purchase history
2011-12-10,14528,1,364.21999999999997,278,1,364.21999999999997,37.28541666666667,United Kingdom,0.0,0.0,2011-12-10,0.20226781666404034,Low,Do not prioritise this cycle,eligible customer with recent purchase history
2011-12-10,14273,1,109.92,68,1,109.92,51.44444444444444,United Kingdom,0.0,0.0,2011-12-10,0.2022343119445406,Low,Do not prioritise this cycle,eligible customer with recent purchase history
2011-12-10,14764,1,278.3,190,1,278.3,46.50416666666667,United Kingdom,15.0,0.07317073170731707,2011-12-10,0.20221690391491626,Low,Do not prioritise this cycle,eligible customer with recent purchase history
2011-12-10,14598,1,221.97,189,1,221.97,44.44513888888889,United Kingdom,0.0,0.0,2011-12-10,0.20220568054178784,Low,Do not prioritise this cycle,eligible customer with recent purchase history
2011-12-10,15835,1,278.58,106,1,278.58,44.34236111111111,United Kingdom,0.0,0.0,2011-12-10,0.2020926667412731,Low,Do not prioritise this cycle,eligible customer with recent purchase history
2011-12-10,14379,1,237.12,164,1,237.12,44.303472222222226,United Kingdom,0.0,0.0,2011-12-10,0.2020357500118374,Low,Do not prioritise this cycle,eligible customer with recent purchase history
2011-12-10,17418,1,296.07,150,1,296.07,42.458333333333336,United Kingdom,0.0,0.0,2011-12-10,0.20195793488125652,Low,Do not prioritise this cycle,eligible customer with recent purchase history
2011-12-10,16841,1,308.76,372,1,308.76,36.50625,United Kingdom,0.0,0.0,2011-12-10,0.2019464181248769,Low,Do not prioritise this cycle,eligible customer with recent purchase history
2011-12-10,17759,1,667.84,631,1,667.84,17.331944444444446,United Kingdom,0.0,0.0,2011-12-10,0.2019106642353215,Low,Do not prioritise this cycle,eligible customer with recent purchase history
2011-12-10,16830,1,325.91,264,1,325.91,38.517361111111114,United Kingdom,0.0,0.0,2011-12-10,0.20190785242634765,Low,Do not prioritise this cycle,eligible customer with recent purchase history
2011-12-10,16676,1,493.62,224,1,493.62,33.49930555555556,United Kingdom,0.0,0.0,2011-12-10,0.20185967680781142,Low,Do not prioritise this cycle,eligible customer with recent purchase history
2011-12-10,16415,1,210.35,187,1,210.35,44.43402777777778,United Kingdom,0.0,0.0,2011-12-10,0.20184536699672745,Low,Do not prioritise this cycle,eligible customer with recent purchase history
2011-12-10,14798,1,76.34,46,1,76.34,52.543055555555554,United Kingdom,0.0,0.0,2011-12-10,0.2017498151350616,Low,Do not prioritise this cycle,eligible customer with recent purchase history
2011-12-10,16768,1,191.6,108,1,191.6,47.55694444444445,United Kingdom,2.0,0.01818181818181818,2011-12-10,0.20162806453894802,Low,Do not prioritise this cycle,eligible customer with recent purchase history
2011-12-10,15667,1,301.32,240,1,301.32,39.544444444444444,United Kingdom,0.0,0.0,2011-12-10,0.20157440663107518,Low,Do not prioritise this cycle,eligible customer with recent purchase history
2011-12-10,14913,1,310.28000000000003,381,1,310.28000000000003,35.64652777777778,United Kingdom,0.0,0.0,2011-12-10,0.2015018949593132,Low,Do not prioritise this cycle,eligible customer with recent purchase history
2011-12-10,13366,1,56.160000000000004,144,1,56.160000000000004,50.43263888888889,United Kingdom,0.0,0.0,2011-12-10,0.2014426757117894,Low,Do not prioritise this cycle,eligible customer with recent purchase history
2011-12-10,13186,1,273.95000000000005,273,1,273.95000000000005,39.513888888888886,United Kingdom,0.0,0.0,2011-12-10,0.20143366475409705,Low,Do not prioritise this cycle,eligible customer with recent purchase history
2011-12-10,16188,1,226.83,137,1,226.83,44.486805555555556,United Kingdom,0.0,0.0,2011-12-10,0.20138910075915198,Low,Do not prioritise this cycle,eligible customer with recent purchase history
2011-12-10,18164,1,399.65000000000003,184,1,399.65000000000003,37.46111111111111,United Kingdom,1.0,0.005405405405405406,2011-12-10,0.20136937434324495,Low,Do not prioritise this cycle,eligible customer with recent purchase history
2011-12-10,13329,1,484.8,288,1,484.8,31.563194444444445,United Kingdom,0.0,0.0,2011-12-10,0.20135184574449036,Low,Do not prioritise this cycle,eligible customer with recent purchase history
2011-12-10,17886,1,503.35,256,1,503.35,31.577083333333334,United Kingdom,0.0,0.0,2011-12-10,0.20126080860446857,Low,Do not prioritise this cycle,eligible customer with recent purchase history
2011-12-10,18045,1,189.4,142,1,189.4,45.453472222222224,United Kingdom,0.0,0.0,2011-12-10,0.2012093741717504,Low,Do not prioritise this cycle,eligible customer with recent purchase history
2011-12-10,17684,1,239.40999999999997,145,1,239.40999999999997,43.53472222222222,United Kingdom,0.0,0.0,2011-12-10,0.20115442004486753,Low,Do not prioritise this cycle,eligible customer with recent purchase history
2011-12-10,17426,2,756.6700000000001,553,1,378.33500000000004,8.245138888888889,United Kingdom,12.0,0.021238938053097345,2011-12-10,0.2011466472428725,Low,Do not prioritise this cycle,purchased in the last 14 days
2011-12-10,15385,1,316.88,161,1,316.88,40.36736111111111,United Kingdom,0.0,0.0,2011-12-10,0.20113435972060495,Low,Do not prioritise this cycle,eligible customer with recent purchase history
2011-12-10,13292,1,329.37,214,1,329.37,38.580555555555556,United Kingdom,0.0,0.0,2011-12-10,0.20110840018837467,Low,Do not prioritise this cycle,eligible customer with recent purchase history
2011-12-10,16504,1,484.38,524,1,484.38,25.3625,United Kingdom,0.0,0.0,2011-12-10,0.2010611228954318,Low,Do not prioritise this cycle,eligible customer with recent purchase history
2011-12-10,13883,1,931.7,532,1,931.7,10.552083333333334,United Kingdom,7.0,0.012987012987012988,2011-12-10,0.20103678762166266,Low,Do not prioritise this cycle,purchased in the last 14 days
2011-12-10,15656,1,184.87,141,1,184.87,45.37777777777778,United Kingdom,0.0,0.0,2011-12-10,0.2010109924481635,Low,Do not prioritise this cycle,eligible customer with recent purchase history
2011-12-10,15288,1,300.16,54,1,300.16,43.293055555555554,United Kingdom,0.0,0.0,2011-12-10,0.2008975490874715,Low,Do not prioritise this cycle,eligible customer with recent purchase history
2011-12-10,13772,1,445.91,237,1,445.91,33.511805555555554,United Kingdom,0.0,0.0,2011-12-10,0.20082716908962195,Low,Do not prioritise this cycle,eligible customer with recent purchase history
2011-12-10,14357,1,225.77,148,1,225.77,43.31736111111111,United Kingdom,0.0,0.0,2011-12-10,0.2006784063991817,Low,Do not prioritise this cycle,eligible customer with recent purchase history
2011-12-10,15450,1,429.84,376,1,429.84,30.284027777777776,United Kingdom,0.0,0.0,2011-12-10,0.20055272031333723,Low,Do not prioritise this cycle,eligible customer with recent purchase history
2011-12-10,17191,1,532.17,307,1,532.17,28.293055555555554,United Kingdom,0.0,0.0,2011-12-10,0.200499662695387,Low,Do not prioritise this cycle,eligible customer with recent purchase history
2011-12-10,13182,1,121.18,201,1,121.18,45.42638888888889,United Kingdom,0.0,0.0,2011-12-10,0.20046022931854018,Low,Do not prioritise this cycle,eligible customer with recent purchase history
2011-12-10,13598,1,180.17000000000002,58,1,180.17000000000002,47.397222222222226,United Kingdom,1.0,0.01694915254237288,2011-12-10,0.20038382562221965,Low,Do not prioritise this cycle,eligible customer with recent purchase history
2011-12-10,13538,1,290.1,38,1,290.1,43.30972222222222,United Kingdom,0.0,0.0,2011-12-10,0.20033955765969158,Low,Do not prioritise this cycle,eligible customer with recent purchase history
2011-12-10,16232,1,265.84,112,1,265.84,43.48888888888889,United Kingdom,3.0,0.02608695652173913,2011-12-10,0.2003373726334586,Low,Do not prioritise this cycle,eligible customer with recent purchase history
2011-12-10,17423,1,248.99,145,1,248.99,46.43333333333333,United Kingdom,14.0,0.0880503144654088,2011-12-10,0.20028915953859408,Low,Do not prioritise this cycle,eligible customer with recent purchase history
2011-12-10,14716,1,141.12,249,1,141.12,43.27152777777778,United Kingdom,0.0,0.0,2011-12-10,0.20026178636703512,Low,Do not prioritise this cycle,eligible customer with recent purchase history
2011-12-10,14495,1,83.2,40,1,83.2,50.480555555555554,United Kingdom,0.0,0.0,2011-12-10,0.20025454389017117,Low,Do not prioritise this cycle,eligible customer with recent purchase history
2011-12-10,15844,1,130.73999999999998,134,1,130.73999999999998,46.361805555555556,United Kingdom,0.0,0.0,2011-12-10,0.20017080253318614,Low,Do not prioritise this cycle,eligible customer with recent purchase history
2011-12-10,16554,1,522.99,273,1,522.99,42.38125,United Kingdom,63.0,0.1875,2011-12-10,0.20003529380739724,Low,Do not prioritise this cycle,eligible customer with recent purchase history
2011-12-10,13451,1,512.76,385,1,512.76,26.334722222222222,United Kingdom,0.0,0.0,2011-12-10,0.19995542246897968,Low,Do not prioritise this cycle,eligible customer with recent purchase history
2011-12-10,13364,1,134.96,71,1,134.96,71.24097222222223,United Kingdom,71.0,0.5,2011-12-10,0.19993606049562881,Low,Do not prioritise this cycle,eligible customer with recent purchase history
2011-12-10,16593,1,74.53,31,1,74.53,50.47152777777778,United Kingdom,0.0,0.0,2011-12-10,0.1998465967320189,Low,Do not prioritise this cycle,eligible customer with recent purchase history
2011-12-10,14150,1,352.46000000000004,234,1,352.46000000000004,35.579861111111114,United Kingdom,0.0,0.0,2011-12-10,0.19982818209484915,Low,Do not prioritise this cycle,eligible customer with recent purchase history
2011-12-10,16218,1,449.2,336,1,449.2,29.584027777777777,United Kingdom,0.0,0.0,2011-12-10,0.19979319682468688,Low,Do not prioritise this cycle,eligible customer with recent purchase history
2011-12-10,17344,1,160.57,66,1,160.57,46.46111111111111,United Kingdom,0.0,0.0,2011-12-10,0.1997738987696848,Low,Do not prioritise this cycle,eligible customer with recent purchase history
2011-12-10,17442,1,326.87,236,1,326.87,36.613194444444446,United Kingdom,1.0,0.004219409282700422,2011-12-10,0.19977091683124132,Low,Do not prioritise this cycle,eligible customer with recent purchase history
2011-12-10,14731,1,129.0,74,1,129.0,47.3375,United Kingdom,0.0,0.0,2011-12-10,0.19974009010985733,Low,Do not prioritise this cycle,eligible customer with recent purchase history
2011-12-10,13636,1,302.57,253,1,302.57,36.5625,United Kingdom,0.0,0.0,2011-12-10,0.1995893526008519,Low,Do not prioritise this cycle,eligible customer with recent purchase history
2011-12-10,18149,1,62.400000000000006,30,1,62.400000000000006,50.49722222222222,United Kingdom,0.0,0.0,2011-12-10,0.19952226869466275,Low,Do not prioritise this cycle,eligible customer with recent purchase history
2011-12-10,16025,1,439.65999999999997,338,1,439.65999999999997,29.510416666666668,United Kingdom,0.0,0.0,2011-12-10,0.1995192856355292,Low,Do not prioritise this cycle,eligible customer with recent purchase history
2011-12-10,15836,1,137.37,26,1,137.37,50.28263888888889,United Kingdom,2.0,0.07142857142857142,2011-12-10,0.19950690987424494,Low,Do not prioritise this cycle,eligible customer with recent purchase history
2011-12-10,15870,1,354.09000000000003,335,1,354.09000000000003,32.543055555555554,United Kingdom,0.0,0.0,2011-12-10,0.19946331430678804,Low,Do not prioritise this cycle,eligible customer with recent purchase history
2011-12-10,17836,1,109.83,87,1,109.83,47.324305555555554,United Kingdom,0.0,0.0,2011-12-10,0.1994594526079208,Low,Do not prioritise this cycle,eligible customer with recent purchase history
2011-12-10,18216,1,481.75,200,1,481.75,31.29513888888889,United Kingdom,0.0,0.0,2011-12-10,0.1994175683502089,Low,Do not prioritise this cycle,eligible customer with recent purchase history
2011-12-10,15096,1,219.39,120,1,219.39,42.56458333333333,United Kingdom,0.0,0.0,2011-12-10,0.19941314506489313,Low,Do not prioritise this cycle,eligible customer with recent purchase history
2011-12-10,14336,1,500.52000000000004,770,1,500.52000000000004,16.51388888888889,United Kingdom,0.0,0.0,2011-12-10,0.19939705562001755,Low,Do not prioritise this cycle,eligible customer with recent purchase history
2011-12-10,15065,1,299.38,202,1,299.38,37.59375,United Kingdom,0.0,0.0,2011-12-10,0.19933066514384085,Low,Do not prioritise this cycle,eligible customer with recent purchase history
2011-12-10,15597,1,324.57,279,1,324.57,35.44027777777778,United Kingdom,3.0,0.010638297872340425,2011-12-10,0.19929098236980236,Low,Do not prioritise this cycle,eligible customer with recent purchase history
2011-12-10,14504,1,130.55,45,1,130.55,47.333333333333336,United Kingdom,0.0,0.0,2011-12-10,0.19923681724740186,Low,Do not prioritise this cycle,eligible customer with recent purchase history
2011-12-10,14862,1,537.1,342,1,537.1,25.582638888888887,United Kingdom,0.0,0.0,2011-12-10,0.19923553104022407,Low,Do not prioritise this cycle,eligible customer with recent purchase history
2011-12-10,14921,1,413.06,322,1,413.06,30.446527777777778,United Kingdom,0.0,0.0,2011-12-10,0.1992156207108106,Low,Do not prioritise this cycle,eligible customer with recent purchase history
2011-12-10,18019,1,38.45,7,1,38.45,51.49305555555556,United Kingdom,0.0,0.0,2011-12-10,0.19920396824433756,Low,Do not prioritise this cycle,eligible customer with recent purchase history
2011-12-10,16971,1,357.21,72,1,357.21,38.37083333333333,United Kingdom,0.0,0.0,2011-12-10,0.1990387958797464,Low,Do not prioritise this cycle,eligible customer with recent purchase history
2011-12-10,17702,1,485.6,302,1,485.6,30.33125,United Kingdom,10.0,0.03205128205128205,2011-12-10,0.19902326794273603,Low,Do not prioritise this cycle,eligible customer with recent purchase history
2011-12-10,16208,1,166.67000000000002,90,1,166.67000000000002,44.516666666666666,United Kingdom,0.0,0.0,2011-12-10,0.19891669665350747,Low,Do not prioritise this cycle,eligible customer with recent purchase history
2011-12-10,15720,1,598.73,281,1,598.73,24.383333333333333,United Kingdom,0.0,0.0,2011-12-10,0.19884106619949887,Low,Do not prioritise this cycle,eligible customer with recent purchase history
2011-12-10,14218,1,169.48000000000002,160,1,169.48000000000002,42.583333333333336,United Kingdom,0.0,0.0,2011-12-10,0.198838644867414,Low,Do not prioritise this cycle,eligible customer with recent purchase history
2011-12-10,18240,1,125.58000000000001,66,1,125.58000000000001,46.454166666666666,United Kingdom,0.0,0.0,2011-12-10,0.19883231838974424,Low,Do not prioritise this cycle,eligible customer with recent purchase history
2011-12-10,18127,2,209.13,160,1,104.565,19.413194444444443,United Kingdom,0.0,0.0,2011-12-10,0.1987773473216472,Low,Do not prioritise this cycle,eligible customer with recent purchase history
2011-12-10,16601,1,243.63,131,1,243.63,40.53541666666667,United Kingdom,0.0,0.0,2011-12-10,0.19873548872340763,Low,Do not prioritise this cycle,eligible customer with recent purchase history
2011-12-10,16357,1,400.93,191,1,400.93,33.330555555555556,United Kingdom,0.0,0.0,2011-12-10,0.19862461232739465,Low,Do not prioritise this cycle,eligible customer with recent purchase history
2011-12-10,16847,1,193.44,78,1,193.44,43.43819444444444,United Kingdom,0.0,0.0,2011-12-10,0.19859541561514327,Low,Do not prioritise this cycle,eligible customer with recent purchase history
2011-12-10,16444,1,113.27,70,1,113.27,46.423611111111114,United Kingdom,0.0,0.0,2011-12-10,0.19855512292111185,Low,Do not prioritise this cycle,eligible customer with recent purchase history
2011-12-10,16343,2,370.48,195,1,185.24,16.260416666666668,United Kingdom,0.0,0.0,2011-12-10,0.19854905004983797,Low,Do not prioritise this cycle,eligible customer with recent purchase history
2011-12-10,16680,1,183.7,94,1,183.7,43.267361111111114,United Kingdom,0.0,0.0,2011-12-10,0.19850465790333352,Low,Do not prioritise this cycle,eligible customer with recent purchase history
2011-12-10,18117,1,319.46999999999997,617,1,319.46999999999997,25.46736111111111,United Kingdom,0.0,0.0,2011-12-10,0.1984585910506756,Low,Do not prioritise this cycle,eligible customer with recent purchase history
2011-12-10,13174,1,708.76,425,1,708.76,16.39236111111111,United Kingdom,0.0,0.0,2011-12-10,0.19844016259638833,Low,Do not prioritise this cycle,eligible customer with recent purchase history
2011-12-10,16318,1,328.15,199,1,328.15,35.454861111111114,United Kingdom,0.0,0.0,2011-12-10,0.19843093765960465,Low,Do not prioritise this cycle,eligible customer with recent purchase history
2011-12-10,14690,1,154.99,85,1,154.99,44.34791666666667,United Kingdom,0.0,0.0,2011-12-10,0.19838470908022493,Low,Do not prioritise this cycle,eligible customer with recent purchase history
2011-12-10,15957,1,428.89,211,1,428.89,31.490277777777777,United Kingdom,0.0,0.0,2011-12-10,0.1983573441066205,Low,Do not prioritise this cycle,eligible customer with recent purchase history
2011-12-10,13168,1,346.53000000000003,125,1,346.53000000000003,36.46111111111111,United Kingdom,0.0,0.0,2011-12-10,0.19830192972541258,Low,Do not prioritise this cycle,eligible customer with recent purchase history
2011-12-10,16018,1,247.0,146,1,247.0,39.40763888888889,United Kingdom,0.0,0.0,2011-12-10,0.19825551865924224,Low,Do not prioritise this cycle,eligible customer with recent purchase history
2011-12-10,14756,1,738.96,416,1,738.96,15.240972222222222,United Kingdom,0.0,0.0,2011-12-10,0.1982117828763944,Low,Do not prioritise this cycle,eligible customer with recent purchase history
2011-12-10,16012,1,283.17,248,1,283.17,35.44097222222222,United Kingdom,0.0,0.0,2011-12-10,0.19813246596846282,Low,Do not prioritise this cycle,eligible customer with recent purchase history
2011-12-10,17703,1,307.78000000000003,214,1,307.78000000000003,35.33958333333333,United Kingdom,0.0,0.0,2011-12-10,0.19808013941385838,Low,Do not prioritise this cycle,eligible customer with recent purchase history
2011-12-10,16560,1,509.23,331,1,509.23,26.55902777777778,United Kingdom,6.0,0.017804154302670624,2011-12-10,0.19805245295563725,Low,Do not prioritise this cycle,eligible customer with recent purchase history
2011-12-10,18147,1,80.46,123,1,80.46,45.50972222222222,United Kingdom,0.0,0.0,2011-12-10,0.19797850321475047,Low,Do not prioritise this cycle,eligible customer with recent purchase history
2011-12-10,15025,1,377.01,189,1,377.01,33.361111111111114,United Kingdom,0.0,0.0,2011-12-10,0.19797273523892361,Low,Do not prioritise this cycle,eligible customer with recent purchase history
2011-12-10,17360,2,254.84,168,1,127.42,17.450694444444444,United Kingdom,0.0,0.0,2011-12-10,0.197872677339786,Low,Do not prioritise this cycle,eligible customer with recent purchase history
2011-12-10,15376,1,244.34,82,1,244.34,40.37222222222222,United Kingdom,0.0,0.0,2011-12-10,0.19772086493051638,Low,Do not prioritise this cycle,eligible customer with recent purchase history
2011-12-10,16743,1,352.23,369,1,352.23,29.449305555555554,United Kingdom,0.0,0.0,2011-12-10,0.19771676296139867,Low,Do not prioritise this cycle,eligible customer with recent purchase history
2011-12-10,17799,1,524.18,409,1,524.18,22.363888888888887,United Kingdom,0.0,0.0,2011-12-10,0.1977145880489114,Low,Do not prioritise this cycle,eligible customer with recent purchase history
2011-12-10,17895,1,98.0,130,1,98.0,44.291666666666664,United Kingdom,0.0,0.0,2011-12-10,0.19766056963878664,Low,Do not prioritise this cycle,eligible customer with recent purchase history
2011-12-10,15010,1,308.94,184,1,308.94,35.47083333333333,United Kingdom,0.0,0.0,2011-12-10,0.1976527020029173,Low,Do not prioritise this cycle,eligible customer with recent purchase history
2011-12-10,17255,1,185.95,157,1,185.95,40.4875,United Kingdom,0.0,0.0,2011-12-10,0.19764564249790417,Low,Do not prioritise this cycle,eligible customer with recent purchase history
2011-12-10,14810,1,218.55,103,1,218.55,40.52847222222222,United Kingdom,0.0,0.0,2011-12-10,0.1975417848484068,Low,Do not prioritise this cycle,eligible customer with recent purchase history
2011-12-10,17917,1,110.82,56,1,110.82,45.44444444444444,United Kingdom,0.0,0.0,2011-12-10,0.19749405295257,Low,Do not prioritise this cycle,eligible customer with recent purchase history
2011-12-10,17371,2,326.26,112,1,163.13,17.4375,United Kingdom,0.0,0.0,2011-12-10,0.1974832617878535,Low,Do not prioritise this cycle,eligible customer with recent purchase history
2011-12-10,16225,1,142.68,42,1,142.68,44.645833333333336,United Kingdom,0.0,0.0,2011-12-10,0.19748239088509967,Low,Do not prioritise this cycle,eligible customer with recent purchase history
2011-12-10,15872,2,360.93,212,1,180.465,14.503472222222221,United Kingdom,0.0,0.0,2011-12-10,0.19745637716637743,Low,Do not prioritise this cycle,eligible customer with recent purchase history
2011-12-10,14701,2,591.09,259,1,295.545,10.473611111111111,United Kingdom,0.0,0.0,2011-12-10,0.19742849231699167,Low,Do not prioritise this cycle,purchased in the last 14 days
2011-12-10,15557,1,473.65000000000003,219,1,473.65000000000003,28.468055555555555,United Kingdom,0.0,0.0,2011-12-10,0.1974273625691937,Low,Do not prioritise this cycle,eligible customer with recent purchase history
2011-12-10,15329,1,295.7,100,1,295.7,39.35,United Kingdom,4.0,0.038461538461538464,2011-12-10,0.19742007863565197,Low,Do not prioritise this cycle,eligible customer with recent purchase history
2011-12-10,13046,1,431.59000000000003,188,1,431.59000000000003,30.641666666666666,United Kingdom,0.0,0.0,2011-12-10,0.19736498188936594,Low,Do not prioritise this cycle,eligible customer with recent purchase history
2011-12-10,15093,1,569.92,481,1,569.92,18.452083333333334,United Kingdom,0.0,0.0,2011-12-10,0.19733121725368793,Low,Do not prioritise this cycle,eligible customer with recent purchase history
2011-12-10,18245,1,894.25,460,1,894.25,7.383333333333334,United Kingdom,0.0,0.0,2011-12-10,0.1972609893406371,Low,Do not prioritise this cycle,purchased in the last 14 days
2011-12-10,14636,1,309.66,124,1,309.66,36.325,United Kingdom,0.0,0.0,2011-12-10,0.19720034185935117,Low,Do not prioritise this cycle,eligible customer with recent purchase history
2011-12-10,12944,1,317.56,144,1,317.56,35.53888888888889,United Kingdom,0.0,0.0,2011-12-10,0.19719150893796317,Low,Do not prioritise this cycle,eligible customer with recent purchase history
2011-12-10,15407,1,315.71,229,1,315.71,33.50347222222222,United Kingdom,0.0,0.0,2011-12-10,0.19719150581178266,Low,Do not prioritise this cycle,eligible customer with recent purchase history
2011-12-10,13118,2,398.11,136,1,199.055,19.468055555555555,United Kingdom,12.0,0.08108108108108109,2011-12-10,0.1971754649785229,Low,Do not prioritise this cycle,eligible customer with recent purchase history
2011-12-10,13103,1,243.94,82,1,243.94,39.59861111111111,United Kingdom,0.0,0.0,2011-12-10,0.19713023431517546,Low,Do not prioritise this cycle,eligible customer with recent purchase history
2011-12-10,15014,1,142.44,83,1,142.44,43.16180555555555,United Kingdom,0.0,0.0,2011-12-10,0.1971233454216193,Low,Do not prioritise this cycle,eligible customer with recent purchase history
2011-12-10,16190,1,215.08,88,1,215.08,40.33402777777778,United Kingdom,0.0,0.0,2011-12-10,0.19702611197319336,Low,Do not prioritise this cycle,eligible customer with recent purchase history
2011-12-10,18263,1,401.76,420,1,401.76,25.625,United Kingdom,1.0,0.0023752969121140144,2011-12-10,0.19696315497503303,Low,Do not prioritise this cycle,eligible customer with recent purchase history
2011-12-10,14499,1,444.36,310,1,444.36,26.457638888888887,United Kingdom,0.0,0.0,2011-12-10,0.19682888588927533,Low,Do not prioritise this cycle,eligible customer with recent purchase history
2011-12-10,17928,1,106.2,22,1,106.2,45.422222222222224,United Kingdom,0.0,0.0,2011-12-10,0.196725497538631,Low,Do not prioritise this cycle,eligible customer with recent purchase history
2011-12-10,13617,1,178.48,112,1,178.48,40.423611111111114,United Kingdom,0.0,0.0,2011-12-10,0.19656666838458822,Low,Do not prioritise this cycle,eligible customer with recent purchase history
2011-12-10,17052,1,413.75,261,1,413.75,28.381944444444443,United Kingdom,0.0,0.0,2011-12-10,0.19655103190373197,Low,Do not prioritise this cycle,eligible customer with recent purchase history
2011-12-10,17985,1,634.95,183,1,634.95,22.4,United Kingdom,0.0,0.0,2011-12-10,0.19649822488527455,Low,Do not prioritise this cycle,eligible customer with recent purchase history
2011-12-10,12660,1,227.1,126,1,227.1,11.440277777777778,France,0.0,0.0,2011-12-10,0.19644614082189912,Low,Do not prioritise this cycle,purchased in the last 14 days
2011-12-10,16235,1,192.02,78,1,192.02,40.544444444444444,United Kingdom,0.0,0.0,2011-12-10,0.1963876046323121,Low,Do not prioritise this cycle,eligible customer with recent purchase history
2011-12-10,17403,1,281.62,117,1,281.62,36.3625,United Kingdom,0.0,0.0,2011-12-10,0.19635580451381973,Low,Do not prioritise this cycle,eligible customer with recent purchase history
2011-12-10,16325,1,178.22,74,1,178.22,46.63333333333333,United Kingdom,12.0,0.13953488372093023,2011-12-10,0.19628016051579752,Low,Do not prioritise this cycle,eligible customer with recent purchase history
2011-12-10,13091,1,345.82,466,1,345.82,28.3375,United Kingdom,16.0,0.03319502074688797,2011-12-10,0.19625511698750495,Low,Do not prioritise this cycle,eligible customer with recent purchase history
2011-12-10,16903,1,373.24,262,1,373.24,29.352777777777778,United Kingdom,0.0,0.0,2011-12-10,0.19622238219471,Low,Do not prioritise this cycle,eligible customer with recent purchase history
2011-12-10,18170,1,324.8,160,1,324.8,33.392361111111114,United Kingdom,0.0,0.0,2011-12-10,0.19607445336632465,Low,Do not prioritise this cycle,eligible customer with recent purchase history
2011-12-10,14792,1,6.2,2,1,6.2,63.611805555555556,United Kingdom,2.0,0.5,2011-12-10,0.19607434511666658,Low,Do not prioritise this cycle,eligible customer with recent purchase history
2011-12-10,16996,1,415.18,154,1,415.18,30.303472222222222,United Kingdom,0.0,0.0,2011-12-10,0.1960489689046682,Low,Do not prioritise this cycle,eligible customer with recent purchase history
2011-12-10,17806,1,546.04,727,1,546.04,11.408333333333333,United Kingdom,0.0,0.0,2011-12-10,0.19597851926363521,Low,Do not prioritise this cycle,purchased in the last 14 days
2011-12-10,16880,1,410.06,146,1,410.06,30.51875,United Kingdom,0.0,0.0,2011-12-10,0.19592675524642292,Low,Do not prioritise this cycle,eligible customer with recent purchase history
2011-12-10,13557,1,343.38,322,1,343.38,28.358333333333334,United Kingdom,0.0,0.0,2011-12-10,0.1957976277842892,Low,Do not prioritise this cycle,eligible customer with recent purchase history
2011-12-10,13029,1,474.29999999999995,42,1,474.29999999999995,30.615972222222222,United Kingdom,0.0,0.0,2011-12-10,0.19578013389236482,Low,Do not prioritise this cycle,eligible customer with recent purchase history
2011-12-10,17041,1,330.68,412,1,330.68,26.527083333333334,United Kingdom,0.0,0.0,2011-12-10,0.1957553345708173,Low,Do not prioritise this cycle,eligible customer with recent purchase history
2011-12-10,12435,1,3850.9000000000005,1176,1,3850.9000000000005,79.62083333333334,Denmark,0.0,0.0,2011-12-10,0.1957541710499821,Low,Do not prioritise this cycle,eligible customer with recent purchase history
2011-12-10,12552,1,317.82,85,1,317.82,39.49236111111111,Italy,0.0,0.0,2011-12-10,0.19571822643762776,Low,Do not prioritise this cycle,eligible customer with recent purchase history
2011-12-10,17593,1,678.2,840,1,678.2,3.5625,United Kingdom,0.0,0.0,2011-12-10,0.19570348227438455,Low,Do not prioritise this cycle,purchased in the last 14 days
2011-12-10,13697,1,151.29999999999998,177,1,151.29999999999998,38.61527777777778,United Kingdom,0.0,0.0,2011-12-10,0.1956975894121242,Low,Do not prioritise this cycle,eligible customer with recent purchase history
2011-12-10,14295,1,166.20000000000002,84,1,166.20000000000002,40.34027777777778,United Kingdom,0.0,0.0,2011-12-10,0.19566358108858178,Low,Do not prioritise this cycle,eligible customer with recent purchase history
2011-12-10,15847,1,208.59,101,1,208.59,38.388194444444444,United Kingdom,0.0,0.0,2011-12-10,0.19564153431393433,Low,Do not prioritise this cycle,eligible customer with recent purchase history
2011-12-10,14597,1,718.05,459,1,718.05,11.449305555555556,United Kingdom,0.0,0.0,2011-12-10,0.19561543044448015,Low,Do not prioritise this cycle,purchased in the last 14 days
2011-12-10,16571,1,524.9,348,1,524.9,26.509722222222223,United Kingdom,27.0,0.072,2011-12-10,0.19555415842771298,Low,Do not prioritise this cycle,eligible customer with recent purchase history
2011-12-10,17977,1,288.14,342,1,288.14,29.43888888888889,United Kingdom,0.0,0.0,2011-12-10,0.19551259359417394,Low,Do not prioritise this cycle,eligible customer with recent purchase history
2011-12-10,17932,1,397.06,196,1,397.06,29.174305555555556,United Kingdom,0.0,0.0,2011-12-10,0.1955027356332136,Low,Do not prioritise this cycle,eligible customer with recent purchase history
2011-12-10,15018,1,204.87,95,1,204.87,38.46736111111111,United Kingdom,0.0,0.0,2011-12-10,0.19549193129295225,Low,Do not prioritise this cycle,eligible customer with recent purchase history
2011-12-10,18261,1,99.44,44,1,99.44,43.35,United Kingdom,0.0,0.0,2011-12-10,0.19540685984901293,Low,Do not prioritise this cycle,eligible customer with recent purchase history
2011-12-10,17947,1,176.68,168,1,176.68,37.454861111111114,United Kingdom,0.0,0.0,2011-12-10,0.19533780356791744,Low,Do not prioritise this cycle,eligible customer with recent purchase history
2011-12-10,15153,1,329.25,198,1,329.25,31.285416666666666,United Kingdom,0.0,0.0,2011-12-10,0.19532224740889187,Low,Do not prioritise this cycle,eligible customer with recent purchase history
2011-12-10,14530,1,379.79,344,1,379.79,25.556944444444444,United Kingdom,0.0,0.0,2011-12-10,0.19507796806447372,Low,Do not prioritise this cycle,eligible customer with recent purchase history
2011-12-10,15727,1,569.67,438,1,569.67,16.475,United Kingdom,0.0,0.0,2011-12-10,0.19505623102936084,Low,Do not prioritise this cycle,eligible customer with recent purchase history
2011-12-10,12716,1,339.59,203,1,339.59,3.6284722222222223,France,0.0,0.0,2011-12-10,0.19501452862930344,Low,Do not prioritise this cycle,purchased in the last 14 days
2011-12-10,17024,1,39.599999999999994,24,1,39.599999999999994,45.425694444444446,United Kingdom,0.0,0.0,2011-12-10,0.1950059280006819,Low,Do not prioritise this cycle,eligible customer with recent purchase history
2011-12-10,16969,1,171.45,76,1,171.45,39.45,United Kingdom,0.0,0.0,2011-12-10,0.1949927873216915,Low,Do not prioritise this cycle,eligible customer with recent purchase history
2011-12-10,16863,1,338.55,304,1,338.55,31.356944444444444,United Kingdom,16.0,0.05,2011-12-10,0.19496055215979993,Low,Do not prioritise this cycle,eligible customer with recent purchase history
2011-12-10,16836,1,160.55,81,1,160.55,39.579861111111114,United Kingdom,0.0,0.0,2011-12-10,0.19489413851401236,Low,Do not prioritise this cycle,eligible customer with recent purchase history
2011-12-10,17999,1,191.72,127,1,191.72,37.33611111111111,United Kingdom,0.0,0.0,2011-12-10,0.19489257805026142,Low,Do not prioritise this cycle,eligible customer with recent purchase history
2011-12-10,17979,1,249.77,117,1,249.77,35.49652777777778,United Kingdom,0.0,0.0,2011-12-10,0.19487068179621972,Low,Do not prioritise this cycle,eligible customer with recent purchase history
2011-12-10,17537,1,266.92,330,1,266.92,29.544444444444444,United Kingdom,0.0,0.0,2011-12-10,0.19481167022329254,Low,Do not prioritise this cycle,eligible customer with recent purchase history
2011-12-10,16005,2,317.31,173,1,158.655,12.425694444444444,United Kingdom,0.0,0.0,2011-12-10,0.1947870403130349,Low,Do not prioritise this cycle,purchased in the last 14 days
2011-12-10,12838,1,292.34000000000003,131,1,292.34000000000003,33.486111111111114,United Kingdom,0.0,0.0,2011-12-10,0.19475510797077786,Low,Do not prioritise this cycle,eligible customer with recent purchase history
2011-12-10,15748,1,149.31,51,1,149.31,40.46458333333333,United Kingdom,0.0,0.0,2011-12-10,0.1947047790910464,Low,Do not prioritise this cycle,eligible customer with recent purchase history
2011-12-10,13728,1,219.12,104,1,219.12,36.549305555555556,United Kingdom,0.0,0.0,2011-12-10,0.1946074404397681,Low,Do not prioritise this cycle,eligible customer with recent purchase history
2011-12-10,16057,1,718.89,243,1,718.89,16.35902777777778,United Kingdom,4.0,0.016194331983805668,2011-12-10,0.1945858997782896,Low,Do not prioritise this cycle,eligible customer with recent purchase history
2011-12-10,14050,1,260.38,242,1,260.38,31.583333333333332,United Kingdom,0.0,0.0,2011-12-10,0.19453866951447132,Low,Do not prioritise this cycle,eligible customer with recent purchase history
2011-12-10,16914,1,208.46,121,1,208.46,36.35625,United Kingdom,0.0,0.0,2011-12-10,0.19449574179338422,Low,Do not prioritise this cycle,eligible customer with recent purchase history
2011-12-10,16612,1,317.36,112,1,317.36,32.68194444444445,United Kingdom,0.0,0.0,2011-12-10,0.1944680195113608,Low,Do not prioritise this cycle,eligible customer with recent purchase history
2011-12-10,12970,2,428.44,302,1,214.22,7.395833333333333,United Kingdom,0.0,0.0,2011-12-10,0.19443518566327767,Low,Do not prioritise this cycle,purchased in the last 14 days
2011-12-10,14167,1,172.74,44,1,172.74,39.39652777777778,United Kingdom,0.0,0.0,2011-12-10,0.19440023625438668,Low,Do not prioritise this cycle,eligible customer with recent purchase history
2011-12-10,13544,1,162.55,51,1,162.55,39.50208333333333,United Kingdom,0.0,0.0,2011-12-10,0.1943390704860639,Low,Do not prioritise this cycle,eligible customer with recent purchase history
2011-12-10,15669,1,118.8,80,1,118.8,40.33125,United Kingdom,0.0,0.0,2011-12-10,0.19433573025510584,Low,Do not prioritise this cycle,eligible customer with recent purchase history
2011-12-10,15645,1,611.59,255,1,611.59,18.50347222222222,United Kingdom,0.0,0.0,2011-12-10,0.19430757885107977,Low,Do not prioritise this cycle,eligible customer with recent purchase history
2011-12-10,15599,1,312.90999999999997,357,1,312.90999999999997,26.511111111111113,United Kingdom,0.0,0.0,2011-12-10,0.19426590359862242,Low,Do not prioritise this cycle,eligible customer with recent purchase history
2011-12-10,12849,1,346.39,109,1,346.39,31.429861111111112,United Kingdom,0.0,0.0,2011-12-10,0.19424765465137497,Low,Do not prioritise this cycle,eligible customer with recent purchase history
2011-12-10,14557,1,788.38,510,1,788.38,85.34166666666667,United Kingdom,510.0,0.5,2011-12-10,0.19423481951269225,Low,Do not prioritise this cycle,eligible customer with recent purchase history
2011-12-10,14582,1,114.11,73,1,114.11,40.50277777777778,United Kingdom,0.0,0.0,2011-12-10,0.19421151745236168,Low,Do not prioritise this cycle,eligible customer with recent purchase history
2011-12-10,14675,1,604.75,341,1,604.75,16.459722222222222,United Kingdom,0.0,0.0,2011-12-10,0.19418874155369126,Low,Do not prioritise this cycle,eligible customer with recent purchase history
2011-12-10,18177,1,303.6,166,1,303.6,31.386111111111113,United Kingdom,0.0,0.0,2011-12-10,0.19413561553069975,Low,Do not prioritise this cycle,eligible customer with recent purchase history
2011-12-10,16887,1,194.88,157,1,194.88,35.41180555555555,United Kingdom,0.0,0.0,2011-12-10,0.19409879318321796,Low,Do not prioritise this cycle,eligible customer with recent purchase history
2011-12-10,14485,1,165.75,71,1,165.75,38.482638888888886,United Kingdom,0.0,0.0,2011-12-10,0.19403425031575847,Low,Do not prioritise this cycle,eligible customer with recent purchase history
2011-12-10,18270,1,171.20000000000002,60,1,171.20000000000002,38.41875,United Kingdom,0.0,0.0,2011-12-10,0.19392872695219032,Low,Do not prioritise this cycle,eligible customer with recent purchase history
2011-12-10,14108,1,306.58,172,1,306.58,30.554861111111112,United Kingdom,0.0,0.0,2011-12-10,0.19370859214883882,Low,Do not prioritise this cycle,eligible customer with recent purchase history
2011-12-10,17233,1,190.88,131,1,190.88,35.4125,United Kingdom,0.0,0.0,2011-12-10,0.1935193795868246,Low,Do not prioritise this cycle,eligible customer with recent purchase history
2011-12-10,15811,1,444.82,311,1,444.82,22.353472222222223,United Kingdom,2.0,0.006389776357827476,2011-12-10,0.19348024147124956,Low,Do not prioritise this cycle,eligible customer with recent purchase history
2011-12-10,16916,1,378.18,337,1,378.18,23.494444444444444,United Kingdom,0.0,0.0,2011-12-10,0.1933802454487285,Low,Do not prioritise this cycle,eligible customer with recent purchase history
2011-12-10,15449,1,326.82,296,1,326.82,26.37361111111111,United Kingdom,1.0,0.003367003367003367,2011-12-10,0.1932468311457101,Low,Do not prioritise this cycle,eligible customer with recent purchase history
2011-12-10,15618,1,357.81,239,1,357.81,32.643055555555556,United Kingdom,26.0,0.09811320754716982,2011-12-10,0.1932371258922175,Low,Do not prioritise this cycle,eligible customer with recent purchase history
2011-12-10,16043,1,97.5,161,1,97.5,37.46527777777778,United Kingdom,0.0,0.0,2011-12-10,0.1931393158348632,Low,Do not prioritise this cycle,eligible customer with recent purchase history
2011-12-10,12650,1,242.44000000000003,250,1,242.44000000000003,3.3097222222222222,France,0.0,0.0,2011-12-10,0.19309049625160912,Low,Do not prioritise this cycle,purchased in the last 14 days
2011-12-10,13904,1,131.52,109,1,131.52,37.42986111111111,United Kingdom,0.0,0.0,2011-12-10,0.19305448249197266,Low,Do not prioritise this cycle,eligible customer with recent purchase history
2011-12-10,13824,1,269.1,108,1,269.1,32.47152777777778,United Kingdom,0.0,0.0,2011-12-10,0.19297541407062585,Low,Do not prioritise this cycle,eligible customer with recent purchase history
2011-12-10,17011,1,270.9,186,1,270.9,30.4375,United Kingdom,0.0,0.0,2011-12-10,0.19294425802949497,Low,Do not prioritise this cycle,eligible customer with recent purchase history
2011-12-10,18081,1,135.4,140,1,135.4,36.3125,United Kingdom,0.0,0.0,2011-12-10,0.19289706781666538,Low,Do not prioritise this cycle,eligible customer with recent purchase history
2011-12-10,18006,1,444.68,220,1,444.68,23.29722222222222,United Kingdom,0.0,0.0,2011-12-10,0.19284023574600642,Low,Do not prioritise this cycle,eligible customer with recent purchase history
2011-12-10,16445,1,230.51,111,1,230.51,33.477777777777774,United Kingdom,0.0,0.0,2011-12-10,0.1927638587187914,Low,Do not prioritise this cycle,eligible customer with recent purchase history
2011-12-10,14098,1,147.35,104,1,147.35,36.574305555555554,United Kingdom,0.0,0.0,2011-12-10,0.19274645078722755,Low,Do not prioritise this cycle,eligible customer with recent purchase history
2011-12-10,13643,1,260.04,147,1,260.04,31.349305555555556,United Kingdom,0.0,0.0,2011-12-10,0.19262244465144507,Low,Do not prioritise this cycle,eligible customer with recent purchase history
2011-12-10,12890,1,380.47,259,1,380.47,24.273611111111112,United Kingdom,0.0,0.0,2011-12-10,0.1925934754937159,Low,Do not prioritise this cycle,eligible customer with recent purchase history
2011-12-10,13532,1,210.31,129,1,210.31,33.482638888888886,United Kingdom,0.0,0.0,2011-12-10,0.19256800611856256,Low,Do not prioritise this cycle,eligible customer with recent purchase history
2011-12-10,16337,1,151.05,87,1,151.05,36.58125,United Kingdom,0.0,0.0,2011-12-10,0.1925388267084954,Low,Do not prioritise this cycle,eligible customer with recent purchase history
2011-12-10,14064,1,256.06,275,1,256.06,29.448611111111113,United Kingdom,6.0,0.021352313167259787,2011-12-10,0.1924236653127323,Low,Do not prioritise this cycle,eligible customer with recent purchase history
2011-12-10,15289,1,241.8,240,1,241.8,29.424305555555556,United Kingdom,0.0,0.0,2011-12-10,0.1924218502472929,Low,Do not prioritise this cycle,eligible customer with recent purchase history
2011-12-10,14995,1,113.92,52,1,113.92,38.514583333333334,United Kingdom,0.0,0.0,2011-12-10,0.19235671867929155,Low,Do not prioritise this cycle,eligible customer with recent purchase history
2011-12-10,14748,1,296.98,162,1,296.98,29.227083333333333,United Kingdom,0.0,0.0,2011-12-10,0.1922971585703293,Low,Do not prioritise this cycle,eligible customer with recent purchase history
2011-12-10,14662,1,246.31,262,1,246.31,28.490972222222222,United Kingdom,0.0,0.0,2011-12-10,0.19225299685089453,Low,Do not prioritise this cycle,eligible customer with recent purchase history
2011-12-10,14345,1,108.97999999999999,50,1,108.97999999999999,38.58958333333333,United Kingdom,0.0,0.0,2011-12-10,0.19224684097241873,Low,Do not prioritise this cycle,eligible customer with recent purchase history
2011-12-10,14929,1,223.88,136,1,223.88,32.27708333333333,United Kingdom,0.0,0.0,2011-12-10,0.19216249747015843,Low,Do not prioritise this cycle,eligible customer with recent purchase history
2011-12-10,16204,1,405.71,231,1,405.71,23.430555555555557,United Kingdom,0.0,0.0,2011-12-10,0.19212253350586792,Low,Do not prioritise this cycle,eligible customer with recent purchase history
2011-12-10,13149,1,543.44,396,1,543.44,14.452083333333333,United Kingdom,0.0,0.0,2011-12-10,0.19210856274604488,Low,Do not prioritise this cycle,eligible customer with recent purchase history
2011-12-10,17796,1,75.9,18,1,75.9,40.34861111111111,United Kingdom,0.0,0.0,2011-12-10,0.19209679462593185,Low,Do not prioritise this cycle,eligible customer with recent purchase history
2011-12-10,17621,1,478.12,204,1,478.12,21.284027777777776,United Kingdom,0.0,0.0,2011-12-10,0.19194066853847244,Low,Do not prioritise this cycle,eligible customer with recent purchase history
2011-12-10,16479,2,300.83000000000004,102,1,150.41500000000002,10.430555555555555,United Kingdom,0.0,0.0,2011-12-10,0.19187023862554978,Low,Do not prioritise this cycle,purchased in the last 14 days
2011-12-10,13651,1,79.19999999999999,32,1,79.19999999999999,39.49236111111111,United Kingdom,0.0,0.0,2011-12-10,0.1918081753600434,Low,Do not prioritise this cycle,eligible customer with recent purchase history
2011-12-10,13310,1,314.38,192,1,314.38,28.275694444444444,United Kingdom,4.0,0.02040816326530612,2011-12-10,0.19178046303263444,Low,Do not prioritise this cycle,eligible customer with recent purchase history
2011-12-10,15986,1,168.12,268,1,168.12,30.363194444444446,United Kingdom,0.0,0.0,2011-12-10,0.19170214232297422,Low,Do not prioritise this cycle,eligible customer with recent purchase history
2011-12-10,15606,1,480.78,130,1,480.78,61.34236111111111,United Kingdom,172.0,0.5695364238410596,2011-12-10,0.19169701317076612,Low,Do not prioritise this cycle,eligible customer with recent purchase history
2011-12-10,15368,1,446.94000000000005,230,1,446.94000000000005,21.3875,United Kingdom,0.0,0.0,2011-12-10,0.1916774286868481,Low,Do not prioritise this cycle,eligible customer with recent purchase history
2011-12-10,16207,1,394.38,140,1,394.38,25.422916666666666,United Kingdom,0.0,0.0,2011-12-10,0.1916394218175919,Low,Do not prioritise this cycle,eligible customer with recent purchase history
2011-12-10,15238,1,299.21000000000004,115,1,299.21000000000004,29.397222222222222,United Kingdom,0.0,0.0,2011-12-10,0.19162739559444816,Low,Do not prioritise this cycle,eligible customer with recent purchase history
2011-12-10,18105,1,113.48,46,1,113.48,37.49722222222222,United Kingdom,0.0,0.0,2011-12-10,0.19148986969308007,Low,Do not prioritise this cycle,eligible customer with recent purchase history
2011-12-10,16271,1,521.21,351,1,521.21,15.491666666666667,United Kingdom,0.0,0.0,2011-12-10,0.19147741085972272,Low,Do not prioritise this cycle,eligible customer with recent purchase history
2011-12-10,14974,1,114.39,44,1,114.39,37.45763888888889,United Kingdom,0.0,0.0,2011-12-10,0.19144828644909534,Low,Do not prioritise this cycle,eligible customer with recent purchase history
2011-12-10,17793,1,323.04,232,1,323.04,25.4,United Kingdom,0.0,0.0,2011-12-10,0.19143633281212755,Low,Do not prioritise this cycle,eligible customer with recent purchase history
2011-12-10,16423,1,346.12,230,1,346.12,24.610416666666666,United Kingdom,0.0,0.0,2011-12-10,0.19142089833074802,Low,Do not prioritise this cycle,eligible customer with recent purchase history
2011-12-10,15423,1,43.5,101,1,43.5,38.41597222222222,United Kingdom,0.0,0.0,2011-12-10,0.19134204190642223,Low,Do not prioritise this cycle,eligible customer with recent purchase history
2011-12-10,16386,1,256.1,198,1,256.1,28.480555555555554,United Kingdom,0.0,0.0,2011-12-10,0.19133955856763993,Low,Do not prioritise this cycle,eligible customer with recent purchase history
2011-12-10,17351,1,159.85,21,1,159.85,36.21875,United Kingdom,0.0,0.0,2011-12-10,0.19130454196710653,Low,Do not prioritise this cycle,eligible customer with recent purchase history
2011-12-10,13710,1,180.48,176,1,180.48,31.655555555555555,United Kingdom,0.0,0.0,2011-12-10,0.1913038930505586,Low,Do not prioritise this cycle,eligible customer with recent purchase history
2011-12-10,13577,1,493.79999999999995,194,1,493.79999999999995,25.361805555555556,United Kingdom,20.0,0.09345794392523364,2011-12-10,0.1912715417303882,Low,Do not prioritise this cycle,eligible customer with recent purchase history
2011-12-10,16555,1,133.91,85,1,133.91,35.39513888888889,United Kingdom,0.0,0.0,2011-12-10,0.19118671200885698,Low,Do not prioritise this cycle,eligible customer with recent purchase history
2011-12-10,17379,1,404.66,663,1,404.66,11.419444444444444,United Kingdom,0.0,0.0,2011-12-10,0.19111808066111644,Low,Do not prioritise this cycle,purchased in the last 14 days
2011-12-10,14863,1,266.76,132,1,266.76,29.372222222222224,United Kingdom,0.0,0.0,2011-12-10,0.19107474431022362,Low,Do not prioritise this cycle,eligible customer with recent purchase history
2011-12-10,17166,1,78.75,21,1,78.75,38.59305555555556,United Kingdom,0.0,0.0,2011-12-10,0.19093891172369584,Low,Do not prioritise this cycle,eligible customer with recent purchase history
2011-12-10,16706,1,101.95,26,1,101.95,37.423611111111114,United Kingdom,0.0,0.0,2011-12-10,0.1907754776780407,Low,Do not prioritise this cycle,eligible customer with recent purchase history
2011-12-10,17964,1,209.94,106,1,209.94,31.552777777777777,United Kingdom,0.0,0.0,2011-12-10,0.19072702844070838,Low,Do not prioritise this cycle,eligible customer with recent purchase history
2011-12-10,15532,1,355.14,146,1,355.14,25.38125,United Kingdom,0.0,0.0,2011-12-10,0.1906999957019508,Low,Do not prioritise this cycle,eligible customer with recent purchase history
2011-12-10,18181,1,382.8,146,1,382.8,24.369444444444444,United Kingdom,0.0,0.0,2011-12-10,0.19067695802354773,Low,Do not prioritise this cycle,eligible customer with recent purchase history
2011-12-10,13455,1,365.4,164,1,365.4,24.527083333333334,United Kingdom,0.0,0.0,2011-12-10,0.19066666526813328,Low,Do not prioritise this cycle,eligible customer with recent purchase history
2011-12-10,15900,1,351.11,221,1,351.11,23.486805555555556,United Kingdom,0.0,0.0,2011-12-10,0.19056605502022494,Low,Do not prioritise this cycle,eligible customer with recent purchase history
2011-12-10,17274,1,111.97999999999999,79,1,111.97999999999999,35.44722222222222,United Kingdom,0.0,0.0,2011-12-10,0.19054846604497294,Low,Do not prioritise this cycle,eligible customer with recent purchase history
2011-12-10,17430,1,153.16,130,1,153.16,32.608333333333334,United Kingdom,0.0,0.0,2011-12-10,0.1904617025444407,Low,Do not prioritise this cycle,eligible customer with recent purchase history
2011-12-10,16488,1,144.23000000000002,109,1,144.23000000000002,33.42916666666667,United Kingdom,0.0,0.0,2011-12-10,0.19045097372905417,Low,Do not prioritise this cycle,eligible customer with recent purchase history
2011-12-10,14953,1,289.82,225,1,289.82,25.375694444444445,United Kingdom,0.0,0.0,2011-12-10,0.19043155466682643,Low,Do not prioritise this cycle,eligible customer with recent purchase history
2011-12-10,17720,1,308.34,158,1,308.34,26.372222222222224,United Kingdom,0.0,0.0,2011-12-10,0.19042922361770215,Low,Do not prioritise this cycle,eligible customer with recent purchase history
2011-12-10,14039,1,152.2,92,1,152.2,33.425,United Kingdom,0.0,0.0,2011-12-10,0.1903474680130382,Low,Do not prioritise this cycle,eligible customer with recent purchase history
2011-12-10,17510,1,308.48,214,1,308.48,24.583333333333332,United Kingdom,0.0,0.0,2011-12-10,0.19013778510055493,Low,Do not prioritise this cycle,eligible customer with recent purchase history
2011-12-10,17162,1,251.8,136,1,251.8,28.518055555555556,United Kingdom,0.0,0.0,2011-12-10,0.1901363690028502,Low,Do not prioritise this cycle,eligible customer with recent purchase history
2011-12-10,17772,2,182.77,58,1,91.385,10.538194444444445,United Kingdom,0.0,0.0,2011-12-10,0.19009220873890645,Low,Do not prioritise this cycle,purchased in the last 14 days
2011-12-10,17852,2,114.34,53,1,57.17,11.475,United Kingdom,0.0,0.0,2011-12-10,0.19007147244923203,Low,Do not prioritise this cycle,purchased in the last 14 days
2011-12-10,13145,1,118.80000000000001,24,1,118.80000000000001,39.46875,United Kingdom,3.0,0.1111111111111111,2011-12-10,0.1899950731713743,Low,Do not prioritise this cycle,eligible customer with recent purchase history
2011-12-10,14174,1,134.46,94,1,134.46,33.446527777777774,United Kingdom,0.0,0.0,2011-12-10,0.18994108359206274,Low,Do not prioritise this cycle,eligible customer with recent purchase history
2011-12-10,16907,1,269.77000000000004,69,1,269.77000000000004,29.247222222222224,United Kingdom,0.0,0.0,2011-12-10,0.18992512637092201,Low,Do not prioritise this cycle,eligible customer with recent purchase history
2011-12-10,14903,1,398.81,202,1,398.81,21.32847222222222,United Kingdom,0.0,0.0,2011-12-10,0.18988274185334242,Low,Do not prioritise this cycle,eligible customer with recent purchase history
2011-12-10,17637,1,208.11,65,1,208.11,31.464583333333334,United Kingdom,0.0,0.0,2011-12-10,0.18987656767187439,Low,Do not prioritise this cycle,eligible customer with recent purchase history
2011-12-10,14902,1,332.66,218,1,332.66,25.559722222222224,United Kingdom,9.0,0.039647577092511016,2011-12-10,0.1898600895346888,Low,Do not prioritise this cycle,eligible customer with recent purchase history
2011-12-10,13623,1,195.85999999999999,144,1,195.85999999999999,30.5,United Kingdom,2.0,0.0136986301369863,2011-12-10,0.1898004827918222,Low,Do not prioritise this cycle,eligible customer with recent purchase history
2011-12-10,15530,1,333.62,284,1,333.62,21.48263888888889,United Kingdom,0.0,0.0,2011-12-10,0.18978863790498696,Low,Do not prioritise this cycle,eligible customer with recent purchase history
2011-12-10,13236,1,305.62,248,1,305.62,24.46527777777778,United Kingdom,5.0,0.019762845849802372,2011-12-10,0.18970285396176645,Low,Do not prioritise this cycle,eligible customer with recent purchase history
2011-12-10,14073,1,151.04,130,1,151.04,32.34097222222222,United Kingdom,2.0,0.015151515151515152,2011-12-10,0.18970126453592345,Low,Do not prioritise this cycle,eligible customer with recent purchase history
2011-12-10,18080,1,390.0,312,1,390.0,18.665277777777778,United Kingdom,0.0,0.0,2011-12-10,0.18969610911073806,Low,Do not prioritise this cycle,eligible customer with recent purchase history
2011-12-10,15524,1,440.0,4,1,440.0,24.49375,United Kingdom,0.0,0.0,2011-12-10,0.18968701858452242,Low,Do not prioritise this cycle,eligible customer with recent purchase history
2011-12-10,18150,1,153.3,96,1,153.3,32.299305555555556,United Kingdom,0.0,0.0,2011-12-10,0.1896281467237172,Low,Do not prioritise this cycle,eligible customer with recent purchase history
2011-12-10,15919,1,369.17,303,1,369.17,19.522222222222222,United Kingdom,0.0,0.0,2011-12-10,0.1896206853029634,Low,Do not prioritise this cycle,eligible customer with recent purchase history
2011-12-10,12539,1,1050.66,446,1,1050.66,22.4375,Spain,0.0,0.0,2011-12-10,0.1896181430974537,Low,Do not prioritise this cycle,eligible customer with recent purchase history
2011-12-10,15556,1,279.77,236,1,279.77,24.32777777777778,United Kingdom,0.0,0.0,2011-12-10,0.18960701610889236,Low,Do not prioritise this cycle,eligible customer with recent purchase history
2011-12-10,17682,1,574.98,378,1,574.98,10.334027777777777,United Kingdom,0.0,0.0,2011-12-10,0.18959117713610055,Low,Do not prioritise this cycle,purchased in the last 14 days
2011-12-10,18036,1,151.07999999999998,80,1,151.07999999999998,32.388888888888886,United Kingdom,0.0,0.0,2011-12-10,0.18934867610402223,Low,Do not prioritise this cycle,eligible customer with recent purchase history
2011-12-10,14715,1,272.63,224,1,272.63,24.493055555555557,United Kingdom,0.0,0.0,2011-12-10,0.18932771567139908,Low,Do not prioritise this cycle,eligible customer with recent purchase history
2011-12-10,13938,1,71.66,70,1,71.66,35.390972222222224,United Kingdom,0.0,0.0,2011-12-10,0.1893053224089212,Low,Do not prioritise this cycle,eligible customer with recent purchase history
2011-12-10,17896,1,256.32,288,1,256.32,23.417361111111113,United Kingdom,0.0,0.0,2011-12-10,0.18927557599304887,Low,Do not prioritise this cycle,eligible customer with recent purchase history
2011-12-10,16014,1,132.45000000000002,36,1,132.45000000000002,37.49722222222222,United Kingdom,4.0,0.1,2011-12-10,0.18927528177822003,Low,Do not prioritise this cycle,eligible customer with recent purchase history
2011-12-10,15721,1,507.08000000000004,409,1,507.08000000000004,11.490277777777777,United Kingdom,0.0,0.0,2011-12-10,0.18923965921434835,Low,Do not prioritise this cycle,purchased in the last 14 days
2011-12-10,15017,1,125.58,63,1,125.58,33.56041666666667,United Kingdom,0.0,0.0,2011-12-10,0.18923803118221277,Low,Do not prioritise this cycle,eligible customer with recent purchase history
2011-12-10,16255,1,437.12,306,1,437.12,16.47222222222222,United Kingdom,0.0,0.0,2011-12-10,0.18920823211672766,Low,Do not prioritise this cycle,eligible customer with recent purchase history
2011-12-10,12893,1,188.14,96,1,188.14,30.476388888888888,United Kingdom,0.0,0.0,2011-12-10,0.1892008214349762,Low,Do not prioritise this cycle,eligible customer with recent purchase history
2011-12-10,13449,1,291.88,222,1,291.88,23.647222222222222,United Kingdom,0.0,0.0,2011-12-10,0.18917303399730395,Low,Do not prioritise this cycle,eligible customer with recent purchase history
2011-12-10,14404,1,126.8,58,1,126.8,33.479166666666664,United Kingdom,0.0,0.0,2011-12-10,0.1891207413682073,Low,Do not prioritise this cycle,eligible customer with recent purchase history
2011-12-10,13986,1,320.46,430,1,320.46,17.375,United Kingdom,0.0,0.0,2011-12-10,0.1890872977418866,Low,Do not prioritise this cycle,eligible customer with recent purchase history
2011-12-10,14759,1,755.12,322,1,755.12,4.497916666666667,United Kingdom,0.0,0.0,2011-12-10,0.18898399037856328,Low,Do not prioritise this cycle,purchased in the last 14 days
2011-12-10,18125,1,197.85,109,1,197.85,29.479861111111113,United Kingdom,0.0,0.0,2011-12-10,0.18896061627997016,Low,Do not prioritise this cycle,eligible customer with recent purchase history
2011-12-10,16936,1,262.68,173,1,262.68,25.538888888888888,United Kingdom,0.0,0.0,2011-12-10,0.188916010518669,Low,Do not prioritise this cycle,eligible customer with recent purchase history
2011-12-10,15184,1,165.57999999999998,149,1,165.57999999999998,29.429861111111112,United Kingdom,0.0,0.0,2011-12-10,0.18881204834922702,Low,Do not prioritise this cycle,eligible customer with recent purchase history
2011-12-10,14851,1,305.22,186,1,305.22,23.40277777777778,United Kingdom,0.0,0.0,2011-12-10,0.1886933917013588,Low,Do not prioritise this cycle,eligible customer with recent purchase history
2011-12-10,12484,1,738.57,327,1,738.57,35.3625,Spain,1.0,0.003048780487804878,2011-12-10,0.188679312546859,Low,Do not prioritise this cycle,eligible customer with recent purchase history
2011-12-10,14968,1,147.59,127,1,147.59,30.418055555555554,United Kingdom,0.0,0.0,2011-12-10,0.18867211267715278,Low,Do not prioritise this cycle,eligible customer with recent purchase history
2011-12-10,14912,1,385.06,526,1,385.06,16.61111111111111,Italy,0.0,0.0,2011-12-10,0.1886680113886179,Low,Do not prioritise this cycle,eligible customer with recent purchase history
2011-12-10,18246,1,363.2,96,1,363.2,23.507638888888888,United Kingdom,0.0,0.0,2011-12-10,0.1886463713874002,Low,Do not prioritise this cycle,eligible customer with recent purchase history
2011-12-10,15269,1,408.8,26,1,408.8,23.602777777777778,United Kingdom,0.0,0.0,2011-12-10,0.18863258643793923,Low,Do not prioritise this cycle,eligible customer with recent purchase history
2011-12-10,12981,1,185.04,108,1,185.04,29.5,United Kingdom,0.0,0.0,2011-12-10,0.18862831368327276,Low,Do not prioritise this cycle,eligible customer with recent purchase history
2011-12-10,16134,1,334.56,213,1,334.56,21.57986111111111,United Kingdom,0.0,0.0,2011-12-10,0.18860955829465806,Low,Do not prioritise this cycle,eligible customer with recent purchase history
2011-12-10,16660,2,847.5899999999999,337,1,423.79499999999996,16.37986111111111,United Kingdom,120.0,0.26258205689277897,2011-12-10,0.18858656406280724,Low,Do not prioritise this cycle,eligible customer with recent purchase history
2011-12-10,15983,1,326.75,192,1,326.75,22.268055555555556,United Kingdom,0.0,0.0,2011-12-10,0.18853161684283573,Low,Do not prioritise this cycle,eligible customer with recent purchase history
2011-12-10,15692,1,191.04,138,1,191.04,28.408333333333335,United Kingdom,0.0,0.0,2011-12-10,0.18852875298481128,Low,Do not prioritise this cycle,eligible customer with recent purchase history
2011-12-10,14789,1,197.64,116,1,197.64,28.625694444444445,United Kingdom,0.0,0.0,2011-12-10,0.18846178828131624,Low,Do not prioritise this cycle,eligible customer with recent purchase history
2011-12-10,18097,1,686.4000000000001,268,1,686.4000000000001,7.530555555555556,United Kingdom,0.0,0.0,2011-12-10,0.1884497153510018,Low,Do not prioritise this cycle,purchased in the last 14 days
2011-12-10,17671,1,474.16,248,1,474.16,15.485416666666667,United Kingdom,0.0,0.0,2011-12-10,0.18840545449386475,Low,Do not prioritise this cycle,eligible customer with recent purchase history
2011-12-10,17540,1,310.1,130,1,310.1,24.502777777777776,United Kingdom,1.0,0.007633587786259542,2011-12-10,0.18835776999906814,Low,Do not prioritise this cycle,eligible customer with recent purchase history
2011-12-10,12990,1,145.60000000000002,70,1,145.60000000000002,31.457638888888887,United Kingdom,0.0,0.0,2011-12-10,0.1883537463792087,Low,Do not prioritise this cycle,eligible customer with recent purchase history
2011-12-10,13146,1,228.91,154,1,228.91,26.354861111111113,United Kingdom,0.0,0.0,2011-12-10,0.18830018418433572,Low,Do not prioritise this cycle,eligible customer with recent purchase history
2011-12-10,17738,1,307.56,318,1,307.56,19.37152777777778,United Kingdom,0.0,0.0,2011-12-10,0.18819724337883717,Low,Do not prioritise this cycle,eligible customer with recent purchase history
2011-12-10,16511,1,367.56,142,1,367.56,21.554861111111112,United Kingdom,0.0,0.0,2011-12-10,0.1881679304287013,Low,Do not prioritise this cycle,eligible customer with recent purchase history
2011-12-10,12832,1,115.23,63,1,115.23,32.4375,United Kingdom,0.0,0.0,2011-12-10,0.18815890595228102,Low,Do not prioritise this cycle,eligible customer with recent purchase history
2011-12-10,14093,1,442.85,406,1,442.85,12.314583333333333,United Kingdom,0.0,0.0,2011-12-10,0.18813421050211435,Low,Do not prioritise this cycle,purchased in the last 14 days
2011-12-10,17219,1,114.23,89,1,114.23,31.524305555555557,United Kingdom,0.0,0.0,2011-12-10,0.18793784339038558,Low,Do not prioritise this cycle,eligible customer with recent purchase history
2011-12-10,14733,1,541.71,119,1,541.71,16.347916666666666,United Kingdom,2.0,0.01652892561983471,2011-12-10,0.18791813583809064,Low,Do not prioritise this cycle,eligible customer with recent purchase history
2011-12-10,17422,1,280.4,504,1,280.4,16.439583333333335,United Kingdom,6.0,0.011764705882352941,2011-12-10,0.1879038038011204,Low,Do not prioritise this cycle,eligible customer with recent purchase history
2011-12-10,13048,1,460.86,281,1,460.86,14.442361111111111,United Kingdom,0.0,0.0,2011-12-10,0.18790043042549137,Low,Do not prioritise this cycle,eligible customer with recent purchase history
2011-12-10,15406,1,258.42,124,1,258.42,31.443055555555556,United Kingdom,18.0,0.1267605633802817,2011-12-10,0.18784020113043282,Low,Do not prioritise this cycle,eligible customer with recent purchase history
2011-12-10,14898,1,292.22,156,1,292.22,23.379166666666666,United Kingdom,0.0,0.0,2011-12-10,0.1878070288673866,Low,Do not prioritise this cycle,eligible customer with recent purchase history
2011-12-10,14765,1,158.61,113,1,158.61,29.17152777777778,United Kingdom,0.0,0.0,2011-12-10,0.1878030167092466,Low,Do not prioritise this cycle,eligible customer with recent purchase history
2011-12-10,16433,1,184.26,106,1,184.26,28.410416666666666,United Kingdom,0.0,0.0,2011-12-10,0.18778489507604937,Low,Do not prioritise this cycle,eligible customer with recent purchase history
2011-12-10,13828,1,209.49,311,1,209.49,22.331944444444446,United Kingdom,0.0,0.0,2011-12-10,0.1877002739623585,Low,Do not prioritise this cycle,eligible customer with recent purchase history
2011-12-10,13592,1,42.45,13,1,42.45,35.59097222222222,United Kingdom,0.0,0.0,2011-12-10,0.18768111180924343,Low,Do not prioritise this cycle,eligible customer with recent purchase history
2011-12-10,14829,1,165.92,88,1,165.92,29.322222222222223,United Kingdom,0.0,0.0,2011-12-10,0.18765281279283594,Low,Do not prioritise this cycle,eligible customer with recent purchase history
2011-12-10,16898,1,189.34,169,1,189.34,26.344444444444445,United Kingdom,0.0,0.0,2011-12-10,0.1875477578380193,Low,Do not prioritise this cycle,eligible customer with recent purchase history
2011-12-10,14784,1,175.31,181,1,175.31,26.4375,United Kingdom,0.0,0.0,2011-12-10,0.18747022601306593,Low,Do not prioritise this cycle,eligible customer with recent purchase history
2011-12-10,12596,1,236.32,314,1,236.32,51.456944444444446,Spain,0.0,0.0,2011-12-10,0.1873722127423055,Low,Do not prioritise this cycle,eligible customer with recent purchase history
2011-12-10,18156,1,528.71,228,1,528.71,12.483333333333333,United Kingdom,0.0,0.0,2011-12-10,0.18727704812089763,Low,Do not prioritise this cycle,purchased in the last 14 days
2011-12-10,15539,1,538.46,410,1,538.46,7.433333333333334,United Kingdom,0.0,0.0,2011-12-10,0.18712880284226344,Low,Do not prioritise this cycle,purchased in the last 14 days
2011-12-10,15857,1,297.0,308,1,297.0,18.4875,United Kingdom,0.0,0.0,2011-12-10,0.18711136445881707,Low,Do not prioritise this cycle,eligible customer with recent purchase history
2011-12-10,14593,1,278.4,214,1,278.4,21.466666666666665,United Kingdom,0.0,0.0,2011-12-10,0.18710888860882083,Low,Do not prioritise this cycle,eligible customer with recent purchase history
2011-12-10,14517,1,78.0,18,1,78.0,33.40277777777778,United Kingdom,0.0,0.0,2011-12-10,0.1871012814576465,Low,Do not prioritise this cycle,eligible customer with recent purchase history
2011-12-10,13142,1,307.09,258,1,307.09,19.32847222222222,United Kingdom,0.0,0.0,2011-12-10,0.18708451325807848,Low,Do not prioritise this cycle,eligible customer with recent purchase history
2011-12-10,16366,1,327.3,256,1,327.3,18.653472222222224,United Kingdom,0.0,0.0,2011-12-10,0.18707861093238645,Low,Do not prioritise this cycle,eligible customer with recent purchase history
2011-12-10,15463,1,126.14,106,1,126.14,29.460416666666667,United Kingdom,0.0,0.0,2011-12-10,0.18705725963825548,Low,Do not prioritise this cycle,eligible customer with recent purchase history
2011-12-10,17022,1,71.0,108,1,71.0,31.285416666666666,United Kingdom,0.0,0.0,2011-12-10,0.1869999191954444,Low,Do not prioritise this cycle,eligible customer with recent purchase history
2011-12-10,14881,1,255.4,316,1,255.4,19.5375,United Kingdom,0.0,0.0,2011-12-10,0.18694837532003944,Low,Do not prioritise this cycle,eligible customer with recent purchase history
2011-12-10,16720,1,155.23999999999998,182,1,155.23999999999998,26.318055555555556,United Kingdom,0.0,0.0,2011-12-10,0.1868899875147819,Low,Do not prioritise this cycle,eligible customer with recent purchase history
2011-12-10,17624,1,443.18,242,1,443.18,14.547222222222222,United Kingdom,0.0,0.0,2011-12-10,0.18683007151991773,Low,Do not prioritise this cycle,eligible customer with recent purchase history
2011-12-10,13603,1,164.34,164,1,164.34,26.335416666666667,United Kingdom,0.0,0.0,2011-12-10,0.18681446265192003,Low,Do not prioritise this cycle,eligible customer with recent purchase history
2011-12-10,12933,1,250.04,121,1,250.04,24.306944444444444,United Kingdom,0.0,0.0,2011-12-10,0.1867755401430271,Low,Do not prioritise this cycle,eligible customer with recent purchase history
2011-12-10,12844,1,151.08,48,1,151.08,29.436805555555555,United Kingdom,0.0,0.0,2011-12-10,0.1866450584877449,Low,Do not prioritise this cycle,eligible customer with recent purchase history
2011-12-10,13522,1,125.80000000000001,44,1,125.80000000000001,30.367361111111112,United Kingdom,0.0,0.0,2011-12-10,0.1865989291840257,Low,Do not prioritise this cycle,eligible customer with recent purchase history
2011-12-10,15810,1,30.79,5,1,30.79,78.59861111111111,United Kingdom,123.0,0.9609375,2011-12-10,0.18652903841789364,Low,Do not prioritise this cycle,eligible customer with recent purchase history
2011-12-10,14714,1,160.19,229,1,160.19,24.45347222222222,United Kingdom,0.0,0.0,2011-12-10,0.186511031147545,Low,Do not prioritise this cycle,eligible customer with recent purchase history
2011-12-10,15967,1,245.03,149,1,245.03,23.346527777777776,United Kingdom,0.0,0.0,2011-12-10,0.18645529494869967,Low,Do not prioritise this cycle,eligible customer with recent purchase history
2011-12-10,15773,1,635.6800000000001,311,1,635.6800000000001,5.466666666666667,United Kingdom,0.0,0.0,2011-12-10,0.18643290041168536,Low,Do not prioritise this cycle,purchased in the last 14 days
2011-12-10,13271,1,217.38,253,1,217.38,37.39513888888889,United Kingdom,72.0,0.22153846153846155,2011-12-10,0.18642389191264816,Low,Do not prioritise this cycle,eligible customer with recent purchase history
2011-12-10,18014,1,158.47,67,1,158.47,28.355555555555554,United Kingdom,0.0,0.0,2011-12-10,0.18639397782145148,Low,Do not prioritise this cycle,eligible customer with recent purchase history
2011-12-10,14950,1,371.2,136,1,371.2,19.425,United Kingdom,1.0,0.0072992700729927005,2011-12-10,0.18637349002849884,Low,Do not prioritise this cycle,eligible customer with recent purchase history
2011-12-10,15725,1,415.25,221,1,415.25,15.38125,United Kingdom,0.0,0.0,2011-12-10,0.18634542215355612,Low,Do not prioritise this cycle,eligible customer with recent purchase history
2011-12-10,16516,1,101.69999999999999,58,1,101.69999999999999,30.375694444444445,United Kingdom,0.0,0.0,2011-12-10,0.18624030965154592,Low,Do not prioritise this cycle,eligible customer with recent purchase history
2011-12-10,17054,1,149.01,65,1,149.01,28.461111111111112,United Kingdom,0.0,0.0,2011-12-10,0.18619376022127174,Low,Do not prioritise this cycle,eligible customer with recent purchase history
2011-12-10,14080,1,45.599999999999994,48,1,45.599999999999994,32.53541666666667,United Kingdom,0.0,0.0,2011-12-10,0.1861860960166722,Low,Do not prioritise this cycle,eligible customer with recent purchase history
2011-12-10,16535,1,593.75,356,1,593.75,5.3625,United Kingdom,0.0,0.0,2011-12-10,0.18609018683060782,Low,Do not prioritise this cycle,purchased in the last 14 days
2011-12-10,13790,1,348.8,748,1,348.8,4.341666666666667,United Kingdom,0.0,0.0,2011-12-10,0.1860812018478158,Low,Do not prioritise this cycle,purchased in the last 14 days
2011-12-10,17235,1,208.16,98,1,208.16,25.339583333333334,United Kingdom,0.0,0.0,2011-12-10,0.18604352327406748,Low,Do not prioritise this cycle,eligible customer with recent purchase history
2011-12-10,15027,1,99.18,42,1,99.18,30.572222222222223,United Kingdom,0.0,0.0,2011-12-10,0.18603368437594878,Low,Do not prioritise this cycle,eligible customer with recent purchase history
2011-12-10,15419,1,135.85999999999999,230,1,135.85999999999999,24.60902777777778,United Kingdom,0.0,0.0,2011-12-10,0.18602192733152728,Low,Do not prioritise this cycle,eligible customer with recent purchase history
2011-12-10,17038,1,112.4,28,1,112.4,30.42361111111111,United Kingdom,0.0,0.0,2011-12-10,0.18601495307029361,Low,Do not prioritise this cycle,eligible customer with recent purchase history
2011-12-10,15458,1,161.64,156,1,161.64,25.45277777777778,United Kingdom,0.0,0.0,2011-12-10,0.1859705593621018,Low,Do not prioritise this cycle,eligible customer with recent purchase history
2011-12-10,17831,1,35.400000000000006,12,1,35.400000000000006,33.36875,United Kingdom,0.0,0.0,2011-12-10,0.18588661348879676,Low,Do not prioritise this cycle,eligible customer with recent purchase history
2011-12-10,12556,1,290.81,192,1,290.81,50.454166666666666,Spain,0.0,0.0,2011-12-10,0.18587309197202484,Low,Do not prioritise this cycle,eligible customer with recent purchase history
2011-12-10,18209,1,139.10000000000002,58,1,139.10000000000002,28.49513888888889,United Kingdom,0.0,0.0,2011-12-10,0.18584255461950044,Low,Do not prioritise this cycle,eligible customer with recent purchase history
2011-12-10,17519,1,356.02000000000004,194,1,356.02000000000004,17.303472222222222,United Kingdom,0.0,0.0,2011-12-10,0.1857405084373724,Low,Do not prioritise this cycle,eligible customer with recent purchase history
2011-12-10,14666,1,179.95,155,1,179.95,24.460416666666667,United Kingdom,0.0,0.0,2011-12-10,0.18570697067914688,Low,Do not prioritise this cycle,eligible customer with recent purchase history
2011-12-10,13992,1,76.8,64,1,76.8,30.35902777777778,United Kingdom,0.0,0.0,2011-12-10,0.1857024953724801,Low,Do not prioritise this cycle,eligible customer with recent purchase history
2011-12-10,16139,1,329.04,175,1,329.04,18.64097222222222,United Kingdom,0.0,0.0,2011-12-10,0.18567733527274136,Low,Do not prioritise this cycle,eligible customer with recent purchase history
2011-12-10,14111,1,397.35,256,1,397.35,14.427777777777777,United Kingdom,1.0,0.0038910505836575876,2011-12-10,0.18565438235074083,Low,Do not prioritise this cycle,eligible customer with recent purchase history
2011-12-10,17153,1,213.78,104,1,213.78,24.429166666666667,United Kingdom,0.0,0.0,2011-12-10,0.18564049529477764,Low,Do not prioritise this cycle,eligible customer with recent purchase history
2011-12-10,17555,1,287.81,193,1,287.81,19.48472222222222,United Kingdom,0.0,0.0,2011-12-10,0.18555394702662253,Low,Do not prioritise this cycle,eligible customer with recent purchase history
2011-12-10,13939,1,178.34,190,1,178.34,23.435416666666665,United Kingdom,0.0,0.0,2011-12-10,0.18555178656813587,Low,Do not prioritise this cycle,eligible customer with recent purchase history
2011-12-10,17791,1,106.1,46,1,106.1,29.49375,United Kingdom,0.0,0.0,2011-12-10,0.185508087693297,Low,Do not prioritise this cycle,eligible customer with recent purchase history
2011-12-10,17515,1,67.65,23,1,67.65,31.413888888888888,United Kingdom,0.0,0.0,2011-12-10,0.1855002165452184,Low,Do not prioritise this cycle,eligible customer with recent purchase history
2011-12-10,15115,1,340.11,157,1,340.11,18.375694444444445,United Kingdom,0.0,0.0,2011-12-10,0.18545002190856183,Low,Do not prioritise this cycle,eligible customer with recent purchase history
2011-12-10,13170,1,116.00999999999999,147,1,116.00999999999999,26.486805555555556,United Kingdom,0.0,0.0,2011-12-10,0.1853942354263836,Low,Do not prioritise this cycle,eligible customer with recent purchase history
2011-12-10,14853,1,261.29999999999995,48,1,261.29999999999995,24.294444444444444,United Kingdom,1.0,0.02040816326530612,2011-12-10,0.18523697837232558,Low,Do not prioritise this cycle,eligible customer with recent purchase history
2011-12-10,13926,1,223.85000000000002,104,1,223.85000000000002,23.447222222222223,United Kingdom,0.0,0.0,2011-12-10,0.18519377943537324,Low,Do not prioritise this cycle,eligible customer with recent purchase history
2011-12-10,17901,1,110.38,24,1,110.38,29.271527777777777,United Kingdom,0.0,0.0,2011-12-10,0.18506928625723365,Low,Do not prioritise this cycle,eligible customer with recent purchase history
2011-12-10,16557,1,180.7,98,1,180.7,24.413888888888888,United Kingdom,0.0,0.0,2011-12-10,0.18468676654275012,Low,Do not prioritise this cycle,eligible customer with recent purchase history
2011-12-10,17664,1,278.45,195,1,278.45,18.521527777777777,United Kingdom,0.0,0.0,2011-12-10,0.18466499053228766,Low,Do not prioritise this cycle,eligible customer with recent purchase history
2011-12-10,12454,1,3528.34,1006,1,3528.34,56.28263888888889,Spain,1006.0,0.5,2011-12-10,0.18460327846555893,Low,Do not prioritise this cycle,eligible customer with recent purchase history
2011-12-10,13153,1,486.22,418,1,486.22,5.490277777777778,United Kingdom,0.0,0.0,2011-12-10,0.18455387037843834,Low,Do not prioritise this cycle,purchased in the last 14 days
2011-12-10,12938,1,114.14,140,1,114.14,25.527083333333334,United Kingdom,0.0,0.0,2011-12-10,0.18453894879744653,Low,Do not prioritise this cycle,eligible customer with recent purchase history
2011-12-10,15758,1,205.25,47,1,205.25,24.55,United Kingdom,0.0,0.0,2011-12-10,0.18450555345078823,Low,Do not prioritise this cycle,eligible customer with recent purchase history
2011-12-10,15781,1,134.16,114,1,134.16,25.377083333333335,United Kingdom,0.0,0.0,2011-12-10,0.18447974763276878,Low,Do not prioritise this cycle,eligible customer with recent purchase history
2011-12-10,14494,1,139.56,92,1,139.56,25.610416666666666,United Kingdom,0.0,0.0,2011-12-10,0.1843949963373868,Low,Do not prioritise this cycle,eligible customer with recent purchase history
2011-12-10,12448,1,365.45,240,1,365.45,44.42638888888889,Spain,0.0,0.0,2011-12-10,0.18430573465639677,Low,Do not prioritise this cycle,eligible customer with recent purchase history
2011-12-10,13846,1,201.13,43,1,201.13,24.49513888888889,United Kingdom,0.0,0.0,2011-12-10,0.1842922482124903,Low,Do not prioritise this cycle,eligible customer with recent purchase history
2011-12-10,13117,1,143.14000000000001,242,1,143.14000000000001,21.49861111111111,United Kingdom,0.0,0.0,2011-12-10,0.1841977260071226,Low,Do not prioritise this cycle,eligible customer with recent purchase history
2011-12-10,17198,1,170.56,115,1,170.56,23.55625,United Kingdom,0.0,0.0,2011-12-10,0.1841197286131999,Low,Do not prioritise this cycle,eligible customer with recent purchase history
2011-12-10,17680,1,184.4,96,1,184.4,23.470833333333335,United Kingdom,0.0,0.0,2011-12-10,0.18407384141984132,Low,Do not prioritise this cycle,eligible customer with recent purchase history
2011-12-10,17636,1,285.56,182,1,285.56,19.38888888888889,United Kingdom,6.0,0.031914893617021274,2011-12-10,0.18402018750095175,Low,Do not prioritise this cycle,eligible customer with recent purchase history
2011-12-10,17538,1,98.42,134,1,98.42,25.491666666666667,United Kingdom,0.0,0.0,2011-12-10,0.18401202457280005,Low,Do not prioritise this cycle,eligible customer with recent purchase history
2011-12-10,13823,1,307.24,114,1,307.24,18.568055555555556,United Kingdom,0.0,0.0,2011-12-10,0.1839996066258663,Low,Do not prioritise this cycle,eligible customer with recent purchase history
2011-12-10,17080,1,211.29999999999998,94,1,211.29999999999998,22.459027777777777,United Kingdom,0.0,0.0,2011-12-10,0.18399716129371266,Low,Do not prioritise this cycle,eligible customer with recent purchase history
2011-12-10,15747,1,424.57,187,1,424.57,12.481944444444444,United Kingdom,0.0,0.0,2011-12-10,0.18391179459171086,Low,Do not prioritise this cycle,purchased in the last 14 days
2011-12-10,17301,1,197.63,149,1,197.63,21.428472222222222,United Kingdom,0.0,0.0,2011-12-10,0.18388667320209137,Low,Do not prioritise this cycle,eligible customer with recent purchase history
2011-12-10,16616,1,290.32,260,1,290.32,15.311805555555555,United Kingdom,0.0,0.0,2011-12-10,0.183824085371193,Low,Do not prioritise this cycle,eligible customer with recent purchase history
2011-12-10,16482,1,220.62,346,1,220.62,15.477083333333333,United Kingdom,0.0,0.0,2011-12-10,0.18369692905155352,Low,Do not prioritise this cycle,eligible customer with recent purchase history
2011-12-10,14044,1,110.71000000000001,57,1,110.71000000000001,26.49652777777778,United Kingdom,0.0,0.0,2011-12-10,0.18368342728664724,Low,Do not prioritise this cycle,eligible customer with recent purchase history
2011-12-10,14034,1,177.91,116,1,177.91,22.415277777777778,United Kingdom,0.0,0.0,2011-12-10,0.1835122246814305,Low,Do not prioritise this cycle,eligible customer with recent purchase history
2011-12-10,12991,1,200.2,44,1,200.2,23.351388888888888,United Kingdom,0.0,0.0,2011-12-10,0.18347423210625372,Low,Do not prioritise this cycle,eligible customer with recent purchase history
2011-12-10,15699,1,309.65,113,1,309.65,17.648611111111112,United Kingdom,0.0,0.0,2011-12-10,0.18339029958328312,Low,Do not prioritise this cycle,eligible customer with recent purchase history
2011-12-10,13525,1,345.9,186,1,345.9,14.499305555555555,United Kingdom,0.0,0.0,2011-12-10,0.18334760529207073,Low,Do not prioritise this cycle,eligible customer with recent purchase history
2011-12-10,16496,1,414.48,327,1,414.48,8.561805555555555,United Kingdom,0.0,0.0,2011-12-10,0.18333208264514278,Low,Do not prioritise this cycle,purchased in the last 14 days
2011-12-10,16953,1,20.8,10,1,20.8,30.3375,United Kingdom,0.0,0.0,2011-12-10,0.1833239096338022,Low,Do not prioritise this cycle,eligible customer with recent purchase history
2011-12-10,13606,1,30.119999999999997,36,1,30.119999999999997,29.259722222222223,United Kingdom,0.0,0.0,2011-12-10,0.18324965805895072,Low,Do not prioritise this cycle,eligible customer with recent purchase history
2011-12-10,14661,1,107.95,35,1,107.95,26.50625,United Kingdom,0.0,0.0,2011-12-10,0.1832355426859161,Low,Do not prioritise this cycle,eligible customer with recent purchase history
2011-12-10,12904,1,264.89,137,1,264.89,18.393055555555556,United Kingdom,0.0,0.0,2011-12-10,0.18321419556001187,Low,Do not prioritise this cycle,eligible customer with recent purchase history
2011-12-10,13189,1,133.68,316,1,133.68,18.55625,United Kingdom,0.0,0.0,2011-12-10,0.18317000318387205,Low,Do not prioritise this cycle,eligible customer with recent purchase history
2011-12-10,15432,1,171.19,65,1,171.19,23.3125,United Kingdom,0.0,0.0,2011-12-10,0.18308614600333487,Low,Do not prioritise this cycle,eligible customer with recent purchase history
2011-12-10,17650,1,166.08,150,1,166.08,21.380555555555556,United Kingdom,0.0,0.0,2011-12-10,0.18307760789458172,Low,Do not prioritise this cycle,eligible customer with recent purchase history
2011-12-10,17458,1,316.5,170,1,316.5,15.457638888888889,United Kingdom,0.0,0.0,2011-12-10,0.18300843723796606,Low,Do not prioritise this cycle,eligible customer with recent purchase history
2011-12-10,13984,1,101.18,32,1,101.18,26.47361111111111,United Kingdom,0.0,0.0,2011-12-10,0.18299014295725555,Low,Do not prioritise this cycle,eligible customer with recent purchase history
2011-12-10,15582,1,141.4,46,1,141.4,24.586805555555557,United Kingdom,0.0,0.0,2011-12-10,0.182908531935263,Low,Do not prioritise this cycle,eligible customer with recent purchase history
2011-12-10,15157,1,430.70000000000005,482,1,430.70000000000005,3.522222222222222,United Kingdom,0.0,0.0,2011-12-10,0.18288366721625904,Low,Do not prioritise this cycle,purchased in the last 14 days
2011-12-10,13198,1,392.06,279,1,392.06,10.363194444444444,United Kingdom,2.0,0.0071174377224199285,2011-12-10,0.1828764982734377,Low,Do not prioritise this cycle,purchased in the last 14 days
2011-12-10,14860,1,170.32,232,1,170.32,19.40486111111111,United Kingdom,2.0,0.008547008547008548,2011-12-10,0.1828619083178722,Low,Do not prioritise this cycle,eligible customer with recent purchase history
2011-12-10,15567,1,186.01,223,1,186.01,18.55,United Kingdom,0.0,0.0,2011-12-10,0.18285134578586557,Low,Do not prioritise this cycle,eligible customer with recent purchase history
2011-12-10,16956,1,308.74,114,1,308.74,17.627777777777776,United Kingdom,2.0,0.017241379310344827,2011-12-10,0.18283008379740384,Low,Do not prioritise this cycle,eligible customer with recent purchase history
2011-12-10,13332,1,333.05,176,1,333.05,14.4375,United Kingdom,0.0,0.0,2011-12-10,0.1828066750756008,Low,Do not prioritise this cycle,eligible customer with recent purchase history
2011-12-10,15168,1,106.56,52,1,106.56,25.523611111111112,United Kingdom,0.0,0.0,2011-12-10,0.18280276104426404,Low,Do not prioritise this cycle,eligible customer with recent purchase history
2011-12-10,14362,1,161.2,100,1,161.2,22.369444444444444,United Kingdom,0.0,0.0,2011-12-10,0.18278062468507056,Low,Do not prioritise this cycle,eligible customer with recent purchase history
2011-12-10,16024,1,245.96,378,1,245.96,12.440277777777778,United Kingdom,0.0,0.0,2011-12-10,0.18274254098810785,Low,Do not prioritise this cycle,purchased in the last 14 days
2011-12-10,15318,1,312.62,642,1,312.62,3.5208333333333335,United Kingdom,0.0,0.0,2011-12-10,0.1827201664689129,Low,Do not prioritise this cycle,purchased in the last 14 days
2011-12-10,14793,1,228.99,91,1,228.99,21.381944444444443,United Kingdom,3.0,0.031914893617021274,2011-12-10,0.18268803109874604,Low,Do not prioritise this cycle,eligible customer with recent purchase history
2011-12-10,14703,1,318.17,183,1,318.17,14.609027777777778,United Kingdom,0.0,0.0,2011-12-10,0.18267750243832523,Low,Do not prioritise this cycle,eligible customer with recent purchase history
2011-12-10,16200,1,530.05,292,1,530.05,4.388888888888889,United Kingdom,0.0,0.0,2011-12-10,0.18266547692983212,Low,Do not prioritise this cycle,purchased in the last 14 days
2011-12-10,15497,1,291.6,96,1,291.6,17.50625,United Kingdom,0.0,0.0,2011-12-10,0.18253990990607344,Low,Do not prioritise this cycle,eligible customer with recent purchase history
2011-12-10,14424,1,322.08,48,1,322.08,17.508333333333333,United Kingdom,0.0,0.0,2011-12-10,0.18246638250459418,Low,Do not prioritise this cycle,eligible customer with recent purchase history
2011-12-10,16399,1,230.16,105,1,230.16,19.325,United Kingdom,0.0,0.0,2011-12-10,0.1824437655943819,Low,Do not prioritise this cycle,eligible customer with recent purchase history
2011-12-10,16519,1,109.28,29,1,109.28,25.346527777777776,United Kingdom,0.0,0.0,2011-12-10,0.1823443289439023,Low,Do not prioritise this cycle,eligible customer with recent purchase history
2011-12-10,17286,1,153.92,118,1,153.92,21.46736111111111,United Kingdom,0.0,0.0,2011-12-10,0.18227569509513006,Low,Do not prioritise this cycle,eligible customer with recent purchase history
2011-12-10,14052,1,225.36,89,1,225.36,19.479166666666668,United Kingdom,0.0,0.0,2011-12-10,0.18215357515251315,Low,Do not prioritise this cycle,eligible customer with recent purchase history
2011-12-10,15988,1,158.03,181,1,158.03,19.44236111111111,United Kingdom,0.0,0.0,2011-12-10,0.1820486029594943,Low,Do not prioritise this cycle,eligible customer with recent purchase history
2011-12-10,15124,1,93.44,144,1,93.44,22.577083333333334,United Kingdom,0.0,0.0,2011-12-10,0.18200009139566273,Low,Do not prioritise this cycle,eligible customer with recent purchase history
2011-12-10,13569,1,253.93,119,1,253.93,17.45347222222222,United Kingdom,0.0,0.0,2011-12-10,0.18196215520920175,Low,Do not prioritise this cycle,eligible customer with recent purchase history
2011-12-10,16666,1,118.98,233,1,118.98,19.415972222222223,United Kingdom,0.0,0.0,2011-12-10,0.18196054689771604,Low,Do not prioritise this cycle,eligible customer with recent purchase history
2011-12-10,13030,1,371.74,190,1,371.74,11.395833333333334,United Kingdom,0.0,0.0,2011-12-10,0.18187231669434156,Low,Do not prioritise this cycle,purchased in the last 14 days
2011-12-10,15494,1,171.85,71,1,171.85,21.38125,United Kingdom,0.0,0.0,2011-12-10,0.1818441887375837,Low,Do not prioritise this cycle,eligible customer with recent purchase history
2011-12-10,17904,1,191.67,63,1,191.67,21.460416666666667,United Kingdom,1.0,0.015625,2011-12-10,0.18184092558636647,Low,Do not prioritise this cycle,eligible customer with recent purchase history
2011-12-10,18043,1,107.7,36,1,107.7,24.466666666666665,United Kingdom,0.0,0.0,2011-12-10,0.18180678571160105,Low,Do not prioritise this cycle,eligible customer with recent purchase history
2011-12-10,13507,1,456.37,385,1,456.37,3.4493055555555556,United Kingdom,0.0,0.0,2011-12-10,0.1817826398126228,Low,Do not prioritise this cycle,purchased in the last 14 days
2011-12-10,13844,1,361.62,196,1,361.62,11.44375,United Kingdom,0.0,0.0,2011-12-10,0.18175798710200755,Low,Do not prioritise this cycle,purchased in the last 14 days
2011-12-10,17561,1,167.62,146,1,167.62,19.463194444444444,United Kingdom,0.0,0.0,2011-12-10,0.18169347319923573,Low,Do not prioritise this cycle,eligible customer with recent purchase history
2011-12-10,13282,1,359.04,135,1,359.04,18.352083333333333,United Kingdom,17.0,0.1118421052631579,2011-12-10,0.18165078319155814,Low,Do not prioritise this cycle,eligible customer with recent purchase history
2011-12-10,15435,1,149.29,54,1,149.29,22.30625,United Kingdom,0.0,0.0,2011-12-10,0.18163681334420217,Low,Do not prioritise this cycle,eligible customer with recent purchase history
2011-12-10,17385,1,261.11,201,1,261.11,14.540277777777778,United Kingdom,0.0,0.0,2011-12-10,0.1815175045615338,Low,Do not prioritise this cycle,eligible customer with recent purchase history
2011-12-10,16212,1,192.19,93,1,192.19,19.458333333333332,United Kingdom,0.0,0.0,2011-12-10,0.1813812279014237,Low,Do not prioritise this cycle,eligible customer with recent purchase history
2011-12-10,13579,1,302.34,130,1,302.34,14.638194444444444,United Kingdom,0.0,0.0,2011-12-10,0.18137986911295942,Low,Do not prioritise this cycle,eligible customer with recent purchase history
2011-12-10,16638,1,129.78,56,1,129.78,22.535416666666666,United Kingdom,0.0,0.0,2011-12-10,0.18134663629789746,Low,Do not prioritise this cycle,eligible customer with recent purchase history
2011-12-10,17345,1,253.60999999999999,168,1,253.60999999999999,15.372916666666667,United Kingdom,0.0,0.0,2011-12-10,0.18134264589719157,Low,Do not prioritise this cycle,eligible customer with recent purchase history
2011-12-10,15634,1,243.55,99,1,243.55,17.31388888888889,United Kingdom,0.0,0.0,2011-12-10,0.18125763078698556,Low,Do not prioritise this cycle,eligible customer with recent purchase history
2011-12-10,16364,1,359.49,165,1,359.49,11.522916666666667,United Kingdom,0.0,0.0,2011-12-10,0.18122198331588132,Low,Do not prioritise this cycle,purchased in the last 14 days
2011-12-10,15561,1,350.92,172,1,350.92,11.536805555555556,United Kingdom,0.0,0.0,2011-12-10,0.18113998870308123,Low,Do not prioritise this cycle,purchased in the last 14 days
2011-12-10,17767,1,271.2,128,1,271.2,15.3875,United Kingdom,0.0,0.0,2011-12-10,0.1810964027844747,Low,Do not prioritise this cycle,eligible customer with recent purchase history
2011-12-10,14657,1,209.28,127,1,209.28,17.46736111111111,United Kingdom,0.0,0.0,2011-12-10,0.18099869463142165,Low,Do not prioritise this cycle,eligible customer with recent purchase history
2011-12-10,15863,1,59.64,17,1,59.64,25.465972222222224,United Kingdom,0.0,0.0,2011-12-10,0.1809822346325969,Low,Do not prioritise this cycle,eligible customer with recent purchase history
2011-12-10,17247,1,282.19,106,1,282.19,15.360416666666667,United Kingdom,0.0,0.0,2011-12-10,0.180969156876194,Low,Do not prioritise this cycle,eligible customer with recent purchase history
2011-12-10,17911,1,366.23,223,1,366.23,9.380555555555556,United Kingdom,0.0,0.0,2011-12-10,0.1808923084030215,Low,Do not prioritise this cycle,purchased in the last 14 days
2011-12-10,14334,1,223.5,134,1,223.5,16.582638888888887,United Kingdom,0.0,0.0,2011-12-10,0.18085301953514366,Low,Do not prioritise this cycle,eligible customer with recent purchase history
2011-12-10,16330,1,202.95,124,1,202.95,17.483333333333334,United Kingdom,0.0,0.0,2011-12-10,0.18080061926751176,Low,Do not prioritise this cycle,eligible customer with recent purchase history
2011-12-10,13211,1,310.78,255,1,310.78,10.386805555555556,United Kingdom,0.0,0.0,2011-12-10,0.18077461266438674,Low,Do not prioritise this cycle,purchased in the last 14 days
2011-12-10,14641,1,110.46,90,1,110.46,21.554166666666667,United Kingdom,0.0,0.0,2011-12-10,0.18076743233056036,Low,Do not prioritise this cycle,eligible customer with recent purchase history
2011-12-10,17658,1,277.82,400,1,277.82,25.49513888888889,United Kingdom,94.0,0.1902834008097166,2011-12-10,0.18075493934907536,Low,Do not prioritise this cycle,eligible customer with recent purchase history
2011-12-10,17010,1,195.36,118,1,195.36,18.382638888888888,United Kingdom,2.0,0.016666666666666666,2011-12-10,0.18061556343639112,Low,Do not prioritise this cycle,eligible customer with recent purchase history
2011-12-10,13739,1,216.9,54,1,216.9,18.43402777777778,United Kingdom,0.0,0.0,2011-12-10,0.1806008730093033,Low,Do not prioritise this cycle,eligible customer with recent purchase history
2011-12-10,17760,1,115.05,74,1,115.05,21.544444444444444,United Kingdom,0.0,0.0,2011-12-10,0.18059754649034426,Low,Do not prioritise this cycle,eligible customer with recent purchase history
2011-12-10,14954,1,336.17,127,1,336.17,12.395833333333334,United Kingdom,0.0,0.0,2011-12-10,0.18059600216684313,Low,Do not prioritise this cycle,purchased in the last 14 days
2011-12-10,13322,1,199.48000000000002,117,1,199.48000000000002,17.402083333333334,United Kingdom,0.0,0.0,2011-12-10,0.18053638680207018,Low,Do not prioritise this cycle,eligible customer with recent purchase history
2011-12-10,18084,1,90.47999999999999,312,1,90.47999999999999,16.41875,United Kingdom,0.0,0.0,2011-12-10,0.1805179382148738,Low,Do not prioritise this cycle,eligible customer with recent purchase history
2011-12-10,16406,1,163.07,122,1,163.07,18.502083333333335,United Kingdom,0.0,0.0,2011-12-10,0.18048965373509088,Low,Do not prioritise this cycle,eligible customer with recent purchase history
2011-12-10,15163,1,149.47,138,1,149.47,18.45138888888889,United Kingdom,0.0,0.0,2011-12-10,0.1803936538245152,Low,Do not prioritise this cycle,eligible customer with recent purchase history
2011-12-10,14157,1,155.71,85,1,155.71,19.519444444444446,United Kingdom,0.0,0.0,2011-12-10,0.18037908739713474,Low,Do not prioritise this cycle,eligible customer with recent purchase history
2011-12-10,17914,1,336.43,473,1,336.43,3.501388888888889,United Kingdom,0.0,0.0,2011-12-10,0.180362934832418,Low,Do not prioritise this cycle,purchased in the last 14 days
2011-12-10,14205,1,243.8,78,1,243.8,16.54513888888889,United Kingdom,0.0,0.0,2011-12-10,0.18036127741947686,Low,Do not prioritise this cycle,eligible customer with recent purchase history
2011-12-10,15197,1,306.36,267,1,306.36,10.583333333333334,United Kingdom,4.0,0.014760147601476014,2011-12-10,0.18034948953109808,Low,Do not prioritise this cycle,purchased in the last 14 days
2011-12-10,13160,1,91.8,56,1,91.8,22.45347222222222,United Kingdom,0.0,0.0,2011-12-10,0.18034571080171594,Low,Do not prioritise this cycle,eligible customer with recent purchase history
2011-12-10,17827,1,411.65000000000003,286,1,411.65000000000003,5.375,United Kingdom,0.0,0.0,2011-12-10,0.18030504104948997,Low,Do not prioritise this cycle,purchased in the last 14 days
2011-12-10,17584,1,492.85,213,1,492.85,7.283333333333333,United Kingdom,12.0,0.05333333333333334,2011-12-10,0.180223284960241,Low,Do not prioritise this cycle,purchased in the last 14 days
2011-12-10,17600,1,161.67000000000002,144,1,161.67000000000002,17.59513888888889,United Kingdom,0.0,0.0,2011-12-10,0.18020093775192203,Low,Do not prioritise this cycle,eligible customer with recent purchase history
2011-12-10,18110,1,236.3,86,1,236.3,19.476388888888888,United Kingdom,7.0,0.07526881720430108,2011-12-10,0.1801873956229097,Low,Do not prioritise this cycle,eligible customer with recent purchase history
2011-12-10,14581,1,138.6,217,1,138.6,16.472916666666666,United Kingdom,0.0,0.0,2011-12-10,0.18010628009330548,Low,Do not prioritise this cycle,eligible customer with recent purchase history
2011-12-10,16642,1,380.6,348,1,380.6,4.520138888888889,United Kingdom,0.0,0.0,2011-12-10,0.18000956838707513,Low,Do not prioritise this cycle,purchased in the last 14 days
2011-12-10,16062,1,375.48,150,1,375.48,9.489583333333334,United Kingdom,0.0,0.0,2011-12-10,0.17993551652340103,Low,Do not prioritise this cycle,purchased in the last 14 days
2011-12-10,13427,1,117.74,114,1,117.74,19.456944444444446,United Kingdom,0.0,0.0,2011-12-10,0.17989597045629072,Low,Do not prioritise this cycle,eligible customer with recent purchase history
2011-12-10,16824,1,237.74,102,1,237.74,15.473611111111111,United Kingdom,0.0,0.0,2011-12-10,0.17987698337456917,Low,Do not prioritise this cycle,eligible customer with recent purchase history
2011-12-10,12920,1,164.23,129,1,164.23,17.37152777777778,United Kingdom,0.0,0.0,2011-12-10,0.1798491523097447,Low,Do not prioritise this cycle,eligible customer with recent purchase history
2011-12-10,13565,1,130.04,94,1,130.04,19.39375,United Kingdom,0.0,0.0,2011-12-10,0.17981107393861465,Low,Do not prioritise this cycle,eligible customer with recent purchase history
2011-12-10,17329,1,279.75,75,1,279.75,14.4,United Kingdom,0.0,0.0,2011-12-10,0.17970103159291306,Low,Do not prioritise this cycle,eligible customer with recent purchase history
2011-12-10,16185,1,194.41,107,1,194.41,16.596527777777776,United Kingdom,0.0,0.0,2011-12-10,0.17967527807997544,Low,Do not prioritise this cycle,eligible customer with recent purchase history
2011-12-10,15148,1,301.29,187,1,301.29,10.652083333333334,United Kingdom,0.0,0.0,2011-12-10,0.17955027881399846,Low,Do not prioritise this cycle,purchased in the last 14 days
2011-12-10,15619,1,336.40000000000003,136,1,336.40000000000003,10.656944444444445,United Kingdom,0.0,0.0,2011-12-10,0.17954230282195807,Low,Do not prioritise this cycle,purchased in the last 14 days
2011-12-10,14966,1,191.32,187,1,191.32,14.48611111111111,United Kingdom,0.0,0.0,2011-12-10,0.17950619140435878,Low,Do not prioritise this cycle,eligible customer with recent purchase history
2011-12-10,17253,1,178.26,43,1,178.26,18.459027777777777,United Kingdom,0.0,0.0,2011-12-10,0.17947189005620975,Low,Do not prioritise this cycle,eligible customer with recent purchase history
2011-12-10,12993,1,42.36000000000001,36,1,42.36000000000001,23.340972222222224,United Kingdom,0.0,0.0,2011-12-10,0.17939713052253634,Low,Do not prioritise this cycle,eligible customer with recent purchase history
2011-12-10,17936,1,389.84,262,1,389.84,5.436111111111111,United Kingdom,0.0,0.0,2011-12-10,0.17939419436678408,Low,Do not prioritise this cycle,purchased in the last 14 days
2011-12-10,15471,1,469.48,266,1,469.48,2.408333333333333,United Kingdom,0.0,0.0,2011-12-10,0.17932001841743575,Low,Do not prioritise this cycle,purchased in the last 14 days
2011-12-10,15987,1,244.86,182,1,244.86,12.348611111111111,United Kingdom,0.0,0.0,2011-12-10,0.17925289808197264,Low,Do not prioritise this cycle,purchased in the last 14 days
2011-12-10,14408,1,308.22,162,1,308.22,10.513194444444444,United Kingdom,0.0,0.0,2011-12-10,0.17919421001486927,Low,Do not prioritise this cycle,purchased in the last 14 days
2011-12-10,17019,1,276.68,169,1,276.68,11.454166666666667,United Kingdom,0.0,0.0,2011-12-10,0.17919158727348408,Low,Do not prioritise this cycle,purchased in the last 14 days
2011-12-10,16938,1,325.63,215,1,325.63,8.569444444444445,United Kingdom,0.0,0.0,2011-12-10,0.17918256834244695,Low,Do not prioritise this cycle,purchased in the last 14 days
2011-12-10,16143,1,475.58000000000004,204,1,475.58000000000004,3.407638888888889,United Kingdom,0.0,0.0,2011-12-10,0.17909939193494698,Low,Do not prioritise this cycle,purchased in the last 14 days
2011-12-10,13736,1,374.37,269,1,374.37,5.361805555555556,United Kingdom,0.0,0.0,2011-12-10,0.1790812786292703,Low,Do not prioritise this cycle,purchased in the last 14 days
2011-12-10,15907,1,437.08,252,1,437.08,3.4854166666666666,United Kingdom,0.0,0.0,2011-12-10,0.1790296892386294,Low,Do not prioritise this cycle,purchased in the last 14 days
2011-12-10,15850,1,119.97,60,1,119.97,19.406944444444445,United Kingdom,0.0,0.0,2011-12-10,0.17898627596824737,Low,Do not prioritise this cycle,eligible customer with recent purchase history
2011-12-10,13962,1,51.95,57,1,51.95,21.634027777777778,United Kingdom,0.0,0.0,2011-12-10,0.17880718504215554,Low,Do not prioritise this cycle,eligible customer with recent purchase history
2011-12-10,18040,1,118.2,52,1,118.2,19.40277777777778,United Kingdom,0.0,0.0,2011-12-10,0.17880234319225113,Low,Do not prioritise this cycle,eligible customer with recent purchase history
2011-12-10,14869,1,334.39,195,1,334.39,8.475,United Kingdom,1.0,0.00510204081632653,2011-12-10,0.17879597478922113,Low,Do not prioritise this cycle,purchased in the last 14 days
2011-12-10,13589,1,232.65,86,1,232.65,14.493055555555555,United Kingdom,0.0,0.0,2011-12-10,0.17879311719797922,Low,Do not prioritise this cycle,eligible customer with recent purchase history
2011-12-10,14480,1,279.05,143,1,279.05,11.309027777777779,United Kingdom,0.0,0.0,2011-12-10,0.17870230165559137,Low,Do not prioritise this cycle,purchased in the last 14 days
2011-12-10,13184,1,196.85,125,1,196.85,14.498611111111112,United Kingdom,0.0,0.0,2011-12-10,0.17858534417000999,Low,Do not prioritise this cycle,eligible customer with recent purchase history
2011-12-10,15783,1,246.3,212,1,246.3,10.590277777777779,United Kingdom,0.0,0.0,2011-12-10,0.1785815689398785,Low,Do not prioritise this cycle,purchased in the last 14 days
2011-12-10,16414,1,75.45,11,1,75.45,21.595833333333335,United Kingdom,0.0,0.0,2011-12-10,0.1785694399988592,Low,Do not prioritise this cycle,eligible customer with recent purchase history
2011-12-10,15822,1,445.27,215,1,445.27,3.3819444444444446,United Kingdom,0.0,0.0,2011-12-10,0.178524118174731,Low,Do not prioritise this cycle,purchased in the last 14 days
2011-12-10,17384,1,108.75,45,1,108.75,19.341666666666665,United Kingdom,0.0,0.0,2011-12-10,0.1784073371281662,Low,Do not prioritise this cycle,eligible customer with recent purchase history
2011-12-10,12618,1,137.31,95,1,137.31,21.53472222222222,Italy,0.0,0.0,2011-12-10,0.17838258504505292,Low,Do not prioritise this cycle,eligible customer with recent purchase history
2011-12-10,15657,1,30.0,24,1,30.0,22.486805555555556,United Kingdom,0.0,0.0,2011-12-10,0.17829307474429534,Low,Do not prioritise this cycle,eligible customer with recent purchase history
2011-12-10,14804,1,353.27,121,1,353.27,8.527777777777779,United Kingdom,0.0,0.0,2011-12-10,0.17822035946828516,Low,Do not prioritise this cycle,purchased in the last 14 days
2011-12-10,14984,1,103.09,39,1,103.09,19.397222222222222,United Kingdom,0.0,0.0,2011-12-10,0.17820397976646496,Low,Do not prioritise this cycle,eligible customer with recent purchase history
2011-12-10,13502,1,102.84,154,1,102.84,16.55625,United Kingdom,0.0,0.0,2011-12-10,0.1781988965650123,Low,Do not prioritise this cycle,eligible customer with recent purchase history
2011-12-10,15053,1,219.19,472,1,219.19,4.4944444444444445,United Kingdom,0.0,0.0,2011-12-10,0.17814464817233913,Low,Do not prioritise this cycle,purchased in the last 14 days
2011-12-10,15540,1,213.3,200,1,213.3,11.422916666666667,United Kingdom,0.0,0.0,2011-12-10,0.17814230079632742,Low,Do not prioritise this cycle,purchased in the last 14 days
2011-12-10,16411,1,83.15,62,1,83.15,19.44236111111111,United Kingdom,0.0,0.0,2011-12-10,0.17813952695053825,Low,Do not prioritise this cycle,eligible customer with recent purchase history
2011-12-10,18249,1,95.34,128,1,95.34,17.37013888888889,United Kingdom,0.0,0.0,2011-12-10,0.17813338317707686,Low,Do not prioritise this cycle,eligible customer with recent purchase history
2011-12-10,16784,1,107.6,24,1,107.6,19.48611111111111,United Kingdom,0.0,0.0,2011-12-10,0.178119428678939,Low,Do not prioritise this cycle,eligible customer with recent purchase history
2011-12-10,14587,1,127.61,33,1,127.61,18.518055555555556,United Kingdom,0.0,0.0,2011-12-10,0.17809417833488983,Low,Do not prioritise this cycle,eligible customer with recent purchase history
2011-12-10,12951,1,312.29,172,1,312.29,8.490277777777777,United Kingdom,0.0,0.0,2011-12-10,0.17806156196539327,Low,Do not prioritise this cycle,purchased in the last 14 days
2011-12-10,17297,1,131.78,67,1,131.78,17.386805555555554,United Kingdom,0.0,0.0,2011-12-10,0.17799510297086607,Low,Do not prioritise this cycle,eligible customer with recent purchase history
2011-12-10,17075,1,138.05,51,1,138.05,17.50138888888889,United Kingdom,0.0,0.0,2011-12-10,0.1779544757939052,Low,Do not prioritise this cycle,eligible customer with recent purchase history
2011-12-10,17155,1,108.39999999999999,88,1,108.39999999999999,17.47361111111111,United Kingdom,0.0,0.0,2011-12-10,0.17784097365179083,Low,Do not prioritise this cycle,eligible customer with recent purchase history
2011-12-10,12953,1,329.85,84,1,329.85,9.608333333333333,United Kingdom,0.0,0.0,2011-12-10,0.17776068815481197,Low,Do not prioritise this cycle,purchased in the last 14 days
2011-12-10,17885,1,190.19,167,1,190.19,12.38888888888889,United Kingdom,0.0,0.0,2011-12-10,0.17767951880808602,Low,Do not prioritise this cycle,purchased in the last 14 days
2011-12-10,13349,1,197.32,224,1,197.32,10.661805555555556,United Kingdom,0.0,0.0,2011-12-10,0.17763423301732595,Low,Do not prioritise this cycle,purchased in the last 14 days
2011-12-10,16495,1,437.9,171,1,437.9,3.4444444444444446,United Kingdom,0.0,0.0,2011-12-10,0.17763330491604606,Low,Do not prioritise this cycle,purchased in the last 14 days
2011-12-10,14023,1,310.93,183,1,310.93,7.418055555555555,United Kingdom,0.0,0.0,2011-12-10,0.17747470353485564,Low,Do not prioritise this cycle,purchased in the last 14 days
2011-12-10,14987,1,163.2,64,1,163.2,15.584027777777777,United Kingdom,0.0,0.0,2011-12-10,0.17746719332791852,Low,Do not prioritise this cycle,eligible customer with recent purchase history
2011-12-10,14708,1,425.19,211,1,425.19,2.652083333333333,United Kingdom,0.0,0.0,2011-12-10,0.17745773502945497,Low,Do not prioritise this cycle,purchased in the last 14 days
2011-12-10,12984,1,97.5,26,1,97.5,18.474305555555556,United Kingdom,0.0,0.0,2011-12-10,0.17720670185468448,Low,Do not prioritise this cycle,eligible customer with recent purchase history
2011-12-10,14601,1,213.96,168,1,213.96,10.591666666666667,United Kingdom,0.0,0.0,2011-12-10,0.1770374018917496,Low,Do not prioritise this cycle,purchased in the last 14 days
2011-12-10,13638,1,122.64,93,1,122.64,15.556944444444444,United Kingdom,0.0,0.0,2011-12-10,0.17695134080659247,Low,Do not prioritise this cycle,eligible customer with recent purchase history
2011-12-10,15186,1,182.15,53,1,182.15,14.376388888888888,United Kingdom,0.0,0.0,2011-12-10,0.17690982867512992,Low,Do not prioritise this cycle,eligible customer with recent purchase history
2011-12-10,17236,1,218.4,74,1,218.4,12.5,United Kingdom,0.0,0.0,2011-12-10,0.17685978407498035,Low,Do not prioritise this cycle,purchased in the last 14 days
2011-12-10,13428,1,218.47,156,1,218.47,10.402777777777779,United Kingdom,0.0,0.0,2011-12-10,0.1768130039814278,Low,Do not prioritise this cycle,purchased in the last 14 days
2011-12-10,17516,1,159.23,41,1,159.23,15.297916666666667,United Kingdom,0.0,0.0,2011-12-10,0.17678077890797367,Low,Do not prioritise this cycle,eligible customer with recent purchase history
2011-12-10,14577,1,213.07,73,1,213.07,12.467361111111112,United Kingdom,0.0,0.0,2011-12-10,0.17669022057371192,Low,Do not prioritise this cycle,purchased in the last 14 days
2011-12-10,12586,1,196.94,79,1,196.94,17.316666666666666,Italy,0.0,0.0,2011-12-10,0.1766552591790712,Low,Do not prioritise this cycle,eligible customer with recent purchase history
2011-12-10,15951,1,333.05,139,1,333.05,8.643055555555556,United Kingdom,7.0,0.04794520547945205,2011-12-10,0.17652116871666312,Low,Do not prioritise this cycle,purchased in the last 14 days
2011-12-10,14551,1,60.8,40,1,60.8,18.433333333333334,United Kingdom,0.0,0.0,2011-12-10,0.17652090396858208,Low,Do not prioritise this cycle,eligible customer with recent purchase history
2011-12-10,15393,1,107.76,56,1,107.76,16.3,United Kingdom,0.0,0.0,2011-12-10,0.17647027599641063,Low,Do not prioritise this cycle,eligible customer with recent purchase history
2011-12-10,18112,1,156.05,145,1,156.05,12.386805555555556,United Kingdom,0.0,0.0,2011-12-10,0.17646891771992398,Low,Do not prioritise this cycle,purchased in the last 14 days
2011-12-10,15520,1,343.5,314,1,343.5,1.5430555555555556,United Kingdom,0.0,0.0,2011-12-10,0.17645284165904782,Low,Do not prioritise this cycle,purchased in the last 14 days
2011-12-10,16596,1,129.5,50,1,129.5,15.581944444444444,United Kingdom,0.0,0.0,2011-12-10,0.17640433650762266,Low,Do not prioritise this cycle,eligible customer with recent purchase history
2011-12-10,13403,1,75.0,44,1,75.0,17.647222222222222,United Kingdom,0.0,0.0,2011-12-10,0.17639438247308123,Low,Do not prioritise this cycle,eligible customer with recent purchase history
2011-12-10,15101,1,215.25,207,1,215.25,8.570833333333333,United Kingdom,0.0,0.0,2011-12-10,0.17634141106284204,Low,Do not prioritise this cycle,purchased in the last 14 days
2011-12-10,14293,1,307.15000000000003,282,1,307.15000000000003,3.3631944444444444,United Kingdom,0.0,0.0,2011-12-10,0.17627479431713622,Low,Do not prioritise this cycle,purchased in the last 14 days
2011-12-10,13417,1,404.83,90,1,404.83,4.632638888888889,United Kingdom,0.0,0.0,2011-12-10,0.17626479317961957,Low,Do not prioritise this cycle,purchased in the last 14 days
2011-12-10,15428,1,93.78,102,1,93.78,15.295833333333333,United Kingdom,0.0,0.0,2011-12-10,0.17622106265070922,Low,Do not prioritise this cycle,eligible customer with recent purchase history
2011-12-10,15790,1,220.85,114,1,220.85,10.379861111111111,United Kingdom,0.0,0.0,2011-12-10,0.17614135309030765,Low,Do not prioritise this cycle,purchased in the last 14 days
2011-12-10,14300,1,43.2,32,1,43.2,18.627083333333335,United Kingdom,0.0,0.0,2011-12-10,0.17608956462840297,Low,Do not prioritise this cycle,eligible customer with recent purchase history
2011-12-10,14448,1,273.0,60,1,273.0,9.42361111111111,United Kingdom,0.0,0.0,2011-12-10,0.17583750110926932,Low,Do not prioritise this cycle,purchased in the last 14 days
2011-12-10,15809,1,116.56,50,1,116.56,36.30555555555556,United Kingdom,50.0,0.5,2011-12-10,0.17582012334288155,Low,Do not prioritise this cycle,eligible customer with recent purchase history
2011-12-10,13657,1,229.8,77,1,229.8,10.477777777777778,United Kingdom,0.0,0.0,2011-12-10,0.17579867574354366,Low,Do not prioritise this cycle,purchased in the last 14 days
2011-12-10,13899,1,90.02000000000001,34,1,90.02000000000001,16.430555555555557,United Kingdom,0.0,0.0,2011-12-10,0.17575493626546831,Low,Do not prioritise this cycle,eligible customer with recent purchase history
2011-12-10,14583,1,264.91,220,1,264.91,5.477777777777778,United Kingdom,0.0,0.0,2011-12-10,0.17564711731051927,Low,Do not prioritise this cycle,purchased in the last 14 days
2011-12-10,16833,1,435.24,134,1,435.24,1.3895833333333334,United Kingdom,0.0,0.0,2011-12-10,0.17552555709443252,Low,Do not prioritise this cycle,purchased in the last 14 days
2011-12-10,17359,1,127.86,161,1,127.86,11.390972222222222,United Kingdom,0.0,0.0,2011-12-10,0.17537178607932916,Low,Do not prioritise this cycle,purchased in the last 14 days
2011-12-10,12994,1,328.95,156,1,328.95,4.345138888888889,United Kingdom,0.0,0.0,2011-12-10,0.17534244034868302,Low,Do not prioritise this cycle,purchased in the last 14 days
2011-12-10,17711,1,164.57,139,1,164.57,10.51388888888889,United Kingdom,0.0,0.0,2011-12-10,0.1752897687075362,Low,Do not prioritise this cycle,purchased in the last 14 days
2011-12-10,17031,1,154.4,110,1,154.4,11.567361111111111,United Kingdom,0.0,0.0,2011-12-10,0.17527352278929395,Low,Do not prioritise this cycle,purchased in the last 14 days
2011-12-10,13780,1,243.73000000000002,145,1,243.73000000000002,7.424305555555556,United Kingdom,0.0,0.0,2011-12-10,0.17519683686733248,Low,Do not prioritise this cycle,purchased in the last 14 days
2011-12-10,17526,1,323.1,170,1,323.1,4.538194444444445,United Kingdom,2.0,0.011627906976744186,2011-12-10,0.17516081979671044,Low,Do not prioritise this cycle,purchased in the last 14 days
2011-12-10,13725,1,114.86,82,1,114.86,49.58125,United Kingdom,139.0,0.6289592760180995,2011-12-10,0.1750672767281887,Low,Do not prioritise this cycle,eligible customer with recent purchase history
2011-12-10,13068,1,179.0,100,1,179.0,10.375,United Kingdom,0.0,0.0,2011-12-10,0.17488554907381687,Low,Do not prioritise this cycle,purchased in the last 14 days
2011-12-10,17115,1,224.68,112,1,224.68,8.395833333333334,United Kingdom,0.0,0.0,2011-12-10,0.17484207239689478,Low,Do not prioritise this cycle,purchased in the last 14 days
2011-12-10,12544,1,316.7,134,1,316.7,36.322916666666664,Spain,4.0,0.028985507246376812,2011-12-10,0.17468037958666163,Low,Do not prioritise this cycle,eligible customer with recent purchase history
2011-12-10,14470,1,163.55,55,1,163.55,11.561805555555555,United Kingdom,0.0,0.0,2011-12-10,0.17456281355456474,Low,Do not prioritise this cycle,purchased in the last 14 days
2011-12-10,15206,1,183.6,72,1,183.6,10.42986111111111,United Kingdom,0.0,0.0,2011-12-10,0.17456200422731186,Low,Do not prioritise this cycle,purchased in the last 14 days
2011-12-10,13496,1,152.32,112,1,152.32,10.543055555555556,United Kingdom,0.0,0.0,2011-12-10,0.17455746408720443,Low,Do not prioritise this cycle,purchased in the last 14 days
2011-12-10,13207,1,52.739999999999995,58,1,52.739999999999995,15.380555555555556,United Kingdom,0.0,0.0,2011-12-10,0.17453953106366682,Low,Do not prioritise this cycle,eligible customer with recent purchase history
2011-12-10,13832,1,52.199999999999996,28,1,52.199999999999996,19.35,United Kingdom,3.0,0.0967741935483871,2011-12-10,0.1745186751053605,Low,Do not prioritise this cycle,eligible customer with recent purchase history
2011-12-10,15898,1,385.89,146,1,385.89,1.3590277777777777,United Kingdom,0.0,0.0,2011-12-10,0.1745124507055212,Low,Do not prioritise this cycle,purchased in the last 14 days
2011-12-10,18184,1,49.8,60,1,49.8,15.355555555555556,United Kingdom,0.0,0.0,2011-12-10,0.17448516513775078,Low,Do not prioritise this cycle,eligible customer with recent purchase history
2011-12-10,14946,1,100.9,22,1,100.9,14.435416666666667,United Kingdom,0.0,0.0,2011-12-10,0.1744521534167942,Low,Do not prioritise this cycle,eligible customer with recent purchase history
2011-12-10,14209,1,197.10000000000002,34,1,197.10000000000002,10.570833333333333,United Kingdom,0.0,0.0,2011-12-10,0.17434403719918926,Low,Do not prioritise this cycle,purchased in the last 14 days
2011-12-10,17618,1,304.8,84,1,304.8,5.506944444444445,United Kingdom,0.0,0.0,2011-12-10,0.17433641887800985,Low,Do not prioritise this cycle,purchased in the last 14 days
2011-12-10,16668,1,40.199999999999996,60,1,40.199999999999996,15.261805555555556,United Kingdom,0.0,0.0,2011-12-10,0.17418958798367995,Low,Do not prioritise this cycle,eligible customer with recent purchase history
2011-12-10,14960,1,132.97,201,1,132.97,8.4625,United Kingdom,0.0,0.0,2011-12-10,0.17417159650875103,Low,Do not prioritise this cycle,purchased in the last 14 days
2011-12-10,12541,1,361.04,258,1,361.04,29.555555555555557,Spain,0.0,0.0,2011-12-10,0.1741577153728163,Low,Do not prioritise this cycle,eligible customer with recent purchase history
2011-12-10,17856,1,275.4,265,1,275.4,1.5972222222222223,United Kingdom,0.0,0.0,2011-12-10,0.17401122827935653,Low,Do not prioritise this cycle,purchased in the last 14 days
2011-12-10,18058,1,170.16,88,1,170.16,9.640277777777778,United Kingdom,0.0,0.0,2011-12-10,0.17396935759869214,Low,Do not prioritise this cycle,purchased in the last 14 days
2011-12-10,15073,1,181.45,63,1,181.45,9.552777777777777,United Kingdom,0.0,0.0,2011-12-10,0.17376184664644764,Low,Do not prioritise this cycle,purchased in the last 14 days
2011-12-10,15097,1,248.08,170,1,248.08,4.414583333333334,United Kingdom,0.0,0.0,2011-12-10,0.17367212454021327,Low,Do not prioritise this cycle,purchased in the last 14 days
2011-12-10,13705,1,189.18,126,1,189.18,7.477777777777778,United Kingdom,0.0,0.0,2011-12-10,0.17359624925165773,Low,Do not prioritise this cycle,purchased in the last 14 days
2011-12-10,14349,1,133.5,86,1,133.5,10.347916666666666,United Kingdom,0.0,0.0,2011-12-10,0.17353392408322516,Low,Do not prioritise this cycle,purchased in the last 14 days
2011-12-10,14452,1,137.07,73,1,137.07,10.495833333333334,United Kingdom,0.0,0.0,2011-12-10,0.17350210582132392,Low,Do not prioritise this cycle,purchased in the last 14 days
2011-12-10,18101,1,113.42,63,1,113.42,11.432638888888889,United Kingdom,0.0,0.0,2011-12-10,0.1734013595850336,Low,Do not prioritise this cycle,purchased in the last 14 days
2011-12-10,12966,1,160.18,75,1,160.18,9.473611111111111,United Kingdom,0.0,0.0,2011-12-10,0.17339778696090918,Low,Do not prioritise this cycle,purchased in the last 14 days
2011-12-10,16933,1,338.5,161,1,338.5,1.4625,United Kingdom,2.0,0.012269938650306749,2011-12-10,0.17327428990997604,Low,Do not prioritise this cycle,purchased in the last 14 days
2011-12-10,15862,1,173.15,86,1,173.15,8.438888888888888,United Kingdom,0.0,0.0,2011-12-10,0.17319226558124695,Low,Do not prioritise this cycle,purchased in the last 14 days
2011-12-10,16968,1,186.12,228,1,186.12,4.373611111111111,United Kingdom,0.0,0.0,2011-12-10,0.17312738997866836,Low,Do not prioritise this cycle,purchased in the last 14 days
2011-12-10,13298,1,360.0,96,1,360.0,1.4506944444444445,United Kingdom,0.0,0.0,2011-12-10,0.17311155012009674,Low,Do not prioritise this cycle,purchased in the last 14 days
2011-12-10,16528,1,244.41,171,1,244.41,3.46875,United Kingdom,0.0,0.0,2011-12-10,0.17295948038153286,Low,Do not prioritise this cycle,purchased in the last 14 days
2011-12-10,12538,1,363.95,191,1,363.95,29.280555555555555,Spain,0.0,0.0,2011-12-10,0.17291722272157067,Low,Do not prioritise this cycle,eligible customer with recent purchase history
2011-12-10,15904,1,164.68,84,1,164.68,8.381944444444445,United Kingdom,0.0,0.0,2011-12-10,0.17291697290315464,Low,Do not prioritise this cycle,purchased in the last 14 days
2011-12-10,16856,1,35.400000000000006,12,1,35.400000000000006,14.625694444444445,United Kingdom,0.0,0.0,2011-12-10,0.17283745961322852,Low,Do not prioritise this cycle,eligible customer with recent purchase history
2011-12-10,13188,1,114.60000000000001,25,1,114.60000000000001,11.355555555555556,United Kingdom,0.0,0.0,2011-12-10,0.17274141975768753,Low,Do not prioritise this cycle,purchased in the last 14 days
2011-12-10,16539,1,335.2,56,1,335.2,2.6381944444444443,United Kingdom,0.0,0.0,2011-12-10,0.17265139534448934,Low,Do not prioritise this cycle,purchased in the last 14 days
2011-12-10,13017,1,204.0,48,1,204.0,7.3381944444444445,United Kingdom,0.0,0.0,2011-12-10,0.17255178941168722,Low,Do not prioritise this cycle,purchased in the last 14 days
2011-12-10,12425,1,777.2,496,1,777.2,78.2701388888889,Portugal,0.0,0.0,2011-12-10,0.1725165161634257,Low,Do not prioritise this cycle,eligible customer with recent purchase history
2011-12-10,13255,1,173.81,67,1,173.81,9.448611111111111,United Kingdom,3.0,0.04285714285714286,2011-12-10,0.17245951530706144,Low,Do not prioritise this cycle,purchased in the last 14 days
2011-12-10,13838,1,212.14,94,1,212.14,5.541666666666667,United Kingdom,0.0,0.0,2011-12-10,0.17230125717650918,Low,Do not prioritise this cycle,purchased in the last 14 days
2011-12-10,14087,1,194.42,251,1,194.42,2.4715277777777778,United Kingdom,1.0,0.003968253968253968,2011-12-10,0.17225965880977395,Low,Do not prioritise this cycle,purchased in the last 14 days
2011-12-10,14931,3,621.6800000000001,318,3,207.2266666666667,4.570138888888889,Channel Islands,0.0,0.0,2011-12-10,0.1722259507516469,Low,Do not prioritise this cycle,purchased in the last 14 days; frequent 90-day buyer
2011-12-10,13560,1,174.37,64,1,174.37,7.450694444444444,United Kingdom,0.0,0.0,2011-12-10,0.17218586645732847,Low,Do not prioritise this cycle,purchased in the last 14 days
2011-12-10,14578,1,168.63,240,1,168.63,3.279166666666667,United Kingdom,0.0,0.0,2011-12-10,0.17216921141451702,Low,Do not prioritise this cycle,purchased in the last 14 days
2011-12-10,17383,1,199.29,150,1,199.29,4.266666666666667,United Kingdom,0.0,0.0,2011-12-10,0.17206774716150974,Low,Do not prioritise this cycle,purchased in the last 14 days
2011-12-10,13173,1,187.71,163,1,187.71,4.339583333333334,United Kingdom,0.0,0.0,2011-12-10,0.17205686286577399,Low,Do not prioritise this cycle,purchased in the last 14 days
2011-12-10,17884,1,114.61,299,1,114.61,3.51875,United Kingdom,0.0,0.0,2011-12-10,0.1720232298255318,Low,Do not prioritise this cycle,purchased in the last 14 days
2011-12-10,17157,1,157.54000000000002,70,1,157.54000000000002,7.618055555555555,United Kingdom,0.0,0.0,2011-12-10,0.17199657595092077,Low,Do not prioritise this cycle,purchased in the last 14 days
2011-12-10,17929,1,136.0,16,1,136.0,11.332638888888889,United Kingdom,1.0,0.058823529411764705,2011-12-10,0.17182950624387042,Low,Do not prioritise this cycle,purchased in the last 14 days
2011-12-10,17579,1,178.04,128,1,178.04,4.480555555555555,United Kingdom,0.0,0.0,2011-12-10,0.17133895377145802,Low,Do not prioritise this cycle,purchased in the last 14 days
2011-12-10,15690,1,128.76,204,1,128.76,4.334027777777778,United Kingdom,0.0,0.0,2011-12-10,0.17132923431811808,Low,Do not prioritise this cycle,purchased in the last 14 days
2011-12-10,17250,1,221.87,98,1,221.87,3.4895833333333335,United Kingdom,0.0,0.0,2011-12-10,0.17121861152890275,Low,Do not prioritise this cycle,purchased in the last 14 days
2011-12-10,15467,1,122.32,75,1,122.32,9.404861111111112,United Kingdom,4.0,0.05063291139240506,2011-12-10,0.1710947091940149,Low,Do not prioritise this cycle,purchased in the last 14 days
2011-12-10,13077,1,151.83,256,1,151.83,1.1916666666666667,United Kingdom,0.0,0.0,2011-12-10,0.17063206005807108,Low,Do not prioritise this cycle,purchased in the last 14 days
2011-12-10,14287,1,93.35,45,1,93.35,8.440972222222221,United Kingdom,0.0,0.0,2011-12-10,0.17060624102171765,Low,Do not prioritise this cycle,purchased in the last 14 days
2011-12-10,14594,1,124.83,39,1,124.83,7.438888888888889,United Kingdom,0.0,0.0,2011-12-10,0.17058297482895207,Low,Do not prioritise this cycle,purchased in the last 14 days
2011-12-10,18274,1,175.92,88,1,175.92,30.289583333333333,United Kingdom,88.0,0.5,2011-12-10,0.1705381752498529,Low,Do not prioritise this cycle,eligible customer with recent purchase history
2011-12-10,18015,1,120.03,157,1,120.03,4.382638888888889,United Kingdom,0.0,0.0,2011-12-10,0.17037573433304354,Low,Do not prioritise this cycle,purchased in the last 14 days
2011-12-10,18174,1,104.0,50,1,104.0,7.294444444444444,United Kingdom,0.0,0.0,2011-12-10,0.17017448295413154,Low,Do not prioritise this cycle,purchased in the last 14 days
2011-12-10,16149,1,116.84,140,1,116.84,4.521527777777778,United Kingdom,0.0,0.0,2011-12-10,0.17011214261901267,Low,Do not prioritise this cycle,purchased in the last 14 days
2011-12-10,16597,1,90.04,184,1,90.04,4.344444444444444,United Kingdom,0.0,0.0,2011-12-10,0.17008589301616417,Low,Do not prioritise this cycle,purchased in the last 14 days
2011-12-10,16789,1,80.8,32,1,80.8,8.366666666666667,United Kingdom,0.0,0.0,2011-12-10,0.1700443010069712,Low,Do not prioritise this cycle,purchased in the last 14 days
2011-12-10,12962,1,95.85000000000001,51,1,95.85000000000001,7.336805555555555,United Kingdom,0.0,0.0,2011-12-10,0.17002636070111563,Low,Do not prioritise this cycle,purchased in the last 14 days
2011-12-10,16852,1,31.85,5,1,31.85,10.443055555555556,United Kingdom,0.0,0.0,2011-12-10,0.16982688506165847,Low,Do not prioritise this cycle,purchased in the last 14 days
2011-12-10,14289,1,78.48,14,1,78.48,8.511111111111111,United Kingdom,0.0,0.0,2011-12-10,0.16978890108829017,Low,Do not prioritise this cycle,purchased in the last 14 days
2011-12-10,14569,1,227.39,79,1,227.39,1.3763888888888889,United Kingdom,0.0,0.0,2011-12-10,0.16962168946976972,Low,Do not prioritise this cycle,purchased in the last 14 days
2011-12-10,17942,1,77.50000000000001,38,1,77.50000000000001,7.552083333333333,United Kingdom,0.0,0.0,2011-12-10,0.16952191251489676,Low,Do not prioritise this cycle,purchased in the last 14 days
2011-12-10,14871,1,167.63,71,1,167.63,3.4291666666666667,United Kingdom,0.0,0.0,2011-12-10,0.1694465972473785,Low,Do not prioritise this cycle,purchased in the last 14 days
2011-12-10,18282,1,77.84,28,1,77.84,7.511805555555555,United Kingdom,0.0,0.0,2011-12-10,0.16933853219034972,Low,Do not prioritise this cycle,purchased in the last 14 days
2011-12-10,16988,1,126.12,43,1,126.12,5.331944444444445,United Kingdom,0.0,0.0,2011-12-10,0.16927326174328,Low,Do not prioritise this cycle,purchased in the last 14 days
2011-12-10,16038,1,78.45,15,1,78.45,7.472222222222222,United Kingdom,0.0,0.0,2011-12-10,0.16911282766377722,Low,Do not prioritise this cycle,purchased in the last 14 days
2011-12-10,15550,1,142.35,43,1,142.35,4.348611111111111,United Kingdom,0.0,0.0,2011-12-10,0.169001863086929,Low,Do not prioritise this cycle,purchased in the last 14 days
2011-12-10,13436,1,196.89,76,1,196.89,1.5604166666666666,United Kingdom,0.0,0.0,2011-12-10,0.16897551608279754,Low,Do not prioritise this cycle,purchased in the last 14 days
2011-12-10,14658,1,124.00999999999999,24,1,124.00999999999999,5.350694444444445,United Kingdom,0.0,0.0,2011-12-10,0.16892379116265938,Low,Do not prioritise this cycle,purchased in the last 14 days
2011-12-10,14204,1,161.03,82,1,161.03,2.4319444444444445,United Kingdom,0.0,0.0,2011-12-10,0.16880878767746388,Low,Do not prioritise this cycle,purchased in the last 14 days
2011-12-10,16442,1,179.76,92,1,179.76,1.5118055555555556,United Kingdom,0.0,0.0,2011-12-10,0.16880269088390334,Low,Do not prioritise this cycle,purchased in the last 14 days
2011-12-10,16569,1,124.2,93,1,124.2,3.352777777777778,United Kingdom,0.0,0.0,2011-12-10,0.16873410136254885,Low,Do not prioritise this cycle,purchased in the last 14 days
2011-12-10,17522,1,158.46,102,1,158.46,1.4784722222222222,United Kingdom,0.0,0.0,2011-12-10,0.16844381158534802,Low,Do not prioritise this cycle,purchased in the last 14 days
2011-12-10,17817,1,117.98,41,1,117.98,4.389583333333333,United Kingdom,0.0,0.0,2011-12-10,0.16842310793676918,Low,Do not prioritise this cycle,purchased in the last 14 days
2011-12-10,14219,1,89.94,78,1,89.94,4.317361111111111,United Kingdom,0.0,0.0,2011-12-10,0.16832279504553188,Low,Do not prioritise this cycle,purchased in the last 14 days
2011-12-10,17042,1,121.56,102,1,121.56,2.4819444444444443,United Kingdom,0.0,0.0,2011-12-10,0.1682422615833923,Low,Do not prioritise this cycle,purchased in the last 14 days
2011-12-10,17631,1,111.83000000000001,149,1,111.83000000000001,1.5923611111111111,United Kingdom,0.0,0.0,2011-12-10,0.168194133441665,Low,Do not prioritise this cycle,purchased in the last 14 days
2011-12-10,13311,1,108.46000000000001,34,1,108.46000000000001,4.461805555555555,United Kingdom,0.0,0.0,2011-12-10,0.16813291941108796,Low,Do not prioritise this cycle,purchased in the last 14 days
2011-12-10,17867,2,239.62,168,1,119.81,30.40625,United Kingdom,288.0,0.631578947368421,2011-12-10,0.1679149445539886,Low,Do not prioritise this cycle,eligible customer with recent purchase history
2011-12-10,14865,1,15.0,12,1,15.0,7.315972222222222,United Kingdom,0.0,0.0,2011-12-10,0.16747097780142292,Low,Do not prioritise this cycle,purchased in the last 14 days
2011-12-10,14737,1,82.8,42,1,82.8,3.5722222222222224,United Kingdom,0.0,0.0,2011-12-10,0.1670758964371498,Low,Do not prioritise this cycle,purchased in the last 14 days
2011-12-10,16620,1,83.2,40,1,83.2,3.4868055555555557,United Kingdom,0.0,0.0,2011-12-10,0.16699644992557147,Low,Do not prioritise this cycle,purchased in the last 14 days
2011-12-10,14520,1,105.60000000000001,46,1,105.60000000000001,1.5930555555555554,United Kingdom,0.0,0.0,2011-12-10,0.16637102356279848,Low,Do not prioritise this cycle,purchased in the last 14 days
2011-12-10,13505,1,1490.51,1217,1,1490.51,72.50277777777778,Switzerland,5.0,0.004091653027823241,2011-12-10,0.1661589801126089,Low,Do not prioritise this cycle,eligible customer with recent purchase history
2011-12-10,17830,1,111.05,27,1,111.05,1.4805555555555556,United Kingdom,0.0,0.0,2011-12-10,0.16611590925802325,Low,Do not prioritise this cycle,purchased in the last 14 days
2011-12-10,17436,1,93.89999999999999,42,1,93.89999999999999,1.4791666666666667,United Kingdom,0.0,0.0,2011-12-10,0.1659596996323236,Low,Do not prioritise this cycle,purchased in the last 14 days
2011-12-10,15992,1,41.989999999999995,17,1,41.989999999999995,3.5416666666666665,United Kingdom,0.0,0.0,2011-12-10,0.1657010907993725,Low,Do not prioritise this cycle,purchased in the last 14 days
2011-12-10,18273,1,51.0,20,1,51.0,2.4472222222222224,United Kingdom,0.0,0.0,2011-12-10,0.1652430636710053,Low,Do not prioritise this cycle,purchased in the last 14 days
2011-12-10,13246,1,126.31,56,1,126.31,18.29861111111111,United Kingdom,50.0,0.4716981132075472,2011-12-10,0.16467614748430098,Low,Do not prioritise this cycle,eligible customer with recent purchase history
2011-12-10,13404,1,34.68,12,1,34.68,1.3493055555555555,United Kingdom,0.0,0.0,2011-12-10,0.164023545924679,Low,Do not prioritise this cycle,purchased in the last 14 days
2011-12-10,12462,1,343.48,246,1,343.48,18.617361111111112,Spain,18.0,0.06818181818181818,2011-12-10,0.16343516348987436,Low,Do not prioritise this cycle,eligible customer with recent purchase history
2011-12-10,14936,5,3064.1400000000003,1733,2,612.8280000000001,33.5625,Channel Islands,2.0,0.0011527377521613833,2011-12-10,0.16253891780343985,Low,Do not prioritise this cycle,frequent 90-day buyer
2011-12-10,14768,1,59.400000000000006,12,1,59.400000000000006,17.4625,United Kingdom,18.0,0.6,2011-12-10,0.1620743368474556,Low,Do not prioritise this cycle,eligible customer with recent purchase history
2011-12-10,12772,1,752.47,551,1,752.47,59.611805555555556,Portugal,0.0,0.0,2011-12-10,0.16058301665711316,Low,Do not prioritise this cycle,eligible customer with recent purchase history
2011-12-10,12445,1,77.4,60,1,77.4,22.22013888888889,Spain,0.0,0.0,2011-12-10,0.15951081545341686,Low,Do not prioritise this cycle,eligible customer with recent purchase history
2011-12-10,12759,1,403.92,269,1,403.92,52.38263888888889,Netherlands,0.0,0.0,2011-12-10,0.15807329899377048,Low,Do not prioritise this cycle,eligible customer with recent purchase history
2011-12-10,17828,1,288.43,179,1,288.43,22.638194444444444,Malta,16.0,0.08205128205128205,2011-12-10,0.15787937961860682,Low,Do not prioritise this cycle,eligible customer with recent purchase history
2011-12-10,12421,1,150.48000000000002,76,1,150.48000000000002,15.620138888888889,Spain,0.0,0.0,2011-12-10,0.15723115963196024,Low,Do not prioritise this cycle,eligible customer with recent purchase history
2011-12-10,12789,1,76.85,3,1,76.85,65.43472222222222,Netherlands,0.0,0.0,2011-12-10,0.1548795014288081,Low,Do not prioritise this cycle,eligible customer with recent purchase history
2011-12-10,12442,1,144.06,181,1,144.06,3.401388888888889,Spain,0.0,0.0,2011-12-10,0.15115285286943989,Low,Do not prioritise this cycle,purchased in the last 14 days
2011-12-10,12398,1,1435.66,1389,1,1435.66,45.56458333333333,Switzerland,0.0,0.0,2011-12-10,0.15109119861947062,Low,Do not prioritise this cycle,eligible customer with recent purchase history
2011-12-10,12371,1,1527.96,582,1,1527.96,59.553472222222226,Switzerland,0.0,0.0,2011-12-10,0.14946770341135535,Low,Do not prioritise this cycle,eligible customer with recent purchase history
2011-12-10,12794,1,543.41,365,1,543.41,53.37916666666667,Portugal,0.0,0.0,2011-12-10,0.14928771364948423,Low,Do not prioritise this cycle,eligible customer with recent purchase history
2011-12-10,12446,1,1002.3100000000001,351,1,1002.3100000000001,57.46527777777778,RSA,0.0,0.0,2011-12-10,0.14886648106576184,Low,Do not prioritise this cycle,eligible customer with recent purchase history
2011-12-10,12744,1,999.26,599,1,999.26,56.37916666666667,Singapore,0.0,0.0,2011-12-10,0.14770877790380807,Low,Do not prioritise this cycle,eligible customer with recent purchase history
2011-12-10,12646,2,1346.97,897,2,673.485,4.573611111111111,USA,0.0,0.0,2011-12-10,0.1449816654317491,Low,Do not prioritise this cycle,purchased in the last 14 days
2011-12-10,12381,2,446.07,235,2,223.035,4.469444444444444,Norway,0.0,0.0,2011-12-10,0.14410564585718602,Low,Do not prioritise this cycle,purchased in the last 14 days
2011-12-10,12388,2,1112.3200000000002,702,2,556.1600000000001,15.479166666666666,Australia,0.0,0.0,2011-12-10,0.14175478205967246,Low,Do not prioritise this cycle,eligible customer with recent purchase history
2011-12-10,12798,2,5370.0,3000,2,2685.0,10.338888888888889,Japan,0.0,0.0,2011-12-10,0.14158377633103542,Low,Do not prioritise this cycle,purchased in the last 14 days
2011-12-10,12360,1,923.78,488,1,923.78,52.359722222222224,Austria,0.0,0.0,2011-12-10,0.14128790975942798,Low,Do not prioritise this cycle,eligible customer with recent purchase history
2011-12-10,12775,1,206.36,136,1,206.36,17.310416666666665,Netherlands,0.0,0.0,2011-12-10,0.13155607590305982,Low,Do not prioritise this cycle,eligible customer with recent purchase history
2011-12-10,12458,1,425.48,234,1,425.48,71.35763888888889,Switzerland,0.0,0.0,2011-12-10,0.12914910262987703,Low,Do not prioritise this cycle,eligible customer with recent purchase history
2011-12-10,12808,1,202.3,80,1,202.3,36.579861111111114,Portugal,0.0,0.0,2011-12-10,0.1289560123516145,Low,Do not prioritise this cycle,eligible customer with recent purchase history
2011-12-10,13520,1,596.37,335,1,596.37,58.56944444444444,Switzerland,0.0,0.0,2011-12-10,0.12691179056405075,Low,Do not prioritise this cycle,eligible customer with recent purchase history
2011-12-10,12784,1,518.42,298,1,518.42,15.463194444444444,Portugal,0.0,0.0,2011-12-10,0.12656996213092858,Low,Do not prioritise this cycle,eligible customer with recent purchase history
2011-12-10,12456,1,755.64,556,1,755.64,44.388194444444444,Switzerland,0.0,0.0,2011-12-10,0.12530868725955777,Low,Do not prioritise this cycle,eligible customer with recent purchase history
2011-12-10,12787,1,104.0,50,1,104.0,9.636111111111111,Netherlands,0.0,0.0,2011-12-10,0.12446556759887847,Low,Do not prioritise this cycle,purchased in the last 14 days
2011-12-10,12457,3,1135.98,442,3,378.66,66.44930555555555,Cyprus,38.0,0.07916666666666666,2011-12-10,0.12233528909384248,Low,Do not prioritise this cycle,frequent 90-day buyer
2011-12-10,12795,1,318.48,64,1,318.48,18.564583333333335,Portugal,0.0,0.0,2011-12-10,0.12154785151544187,Low,Do not prioritise this cycle,eligible customer with recent purchase history
2011-12-10,12865,1,586.85,375,1,586.85,26.395138888888887,Austria,0.0,0.0,2011-12-10,0.11949651002588643,Low,Do not prioritise this cycle,eligible customer with recent purchase history
2011-12-10,12374,1,622.93,339,1,622.93,25.349305555555556,Austria,0.0,0.0,2011-12-10,0.11916980405629087,Low,Do not prioritise this cycle,eligible customer with recent purchase history
2011-12-10,12356,1,58.349999999999994,5,1,58.349999999999994,22.63888888888889,Portugal,0.0,0.0,2011-12-10,0.11825115496652304,Low,Do not prioritise this cycle,eligible customer with recent purchase history
2011-12-10,12406,1,1794.05,1025,1,1794.05,22.193055555555556,Denmark,0.0,0.0,2011-12-10,0.11432039267419507,Low,Do not prioritise this cycle,eligible customer with recent purchase history
2011-12-10,12782,1,224.25,127,1,224.25,4.613888888888889,Portugal,0.0,0.0,2011-12-10,0.11382045191064068,Low,Do not prioritise this cycle,purchased in the last 14 days
2011-12-10,12394,1,729.4,628,1,729.4,63.66111111111111,Denmark,0.0,0.0,2011-12-10,0.1114418217230639,Low,Do not prioritise this cycle,eligible customer with recent purchase history
2011-12-10,12753,1,4808.48,2210,1,4808.48,22.54722222222222,Japan,49.0,0.021691013722886232,2011-12-10,0.11042910653983819,Low,Do not prioritise this cycle,eligible customer with recent purchase history
2011-12-10,12432,2,1042.66,374,1,521.33,42.511805555555554,Norway,0.0,0.0,2011-12-10,0.1056471553539791,Low,Do not prioritise this cycle,eligible customer with recent purchase history
2011-12-10,12412,1,306.14000000000004,228,1,306.14000000000004,74.57222222222222,Denmark,0.0,0.0,2011-12-10,0.10505974761110179,Low,Do not prioritise this cycle,eligible customer with recent purchase history
2011-12-10,12438,1,1696.78,586,1,1696.78,14.438888888888888,Norway,0.0,0.0,2011-12-10,0.1047353631560566,Low,Do not prioritise this cycle,eligible customer with recent purchase history
2011-12-10,12372,1,353.12,200,1,353.12,71.49166666666666,Denmark,0.0,0.0,2011-12-10,0.10412575000105198,Low,Do not prioritise this cycle,eligible customer with recent purchase history
2011-12-10,12358,1,380.40000000000003,120,1,380.40000000000003,1.5652777777777778,Austria,0.0,0.0,2011-12-10,0.10163962567771513,Low,Do not prioritise this cycle,purchased in the last 14 days
2011-12-10,12384,1,194.73000000000002,59,1,194.73000000000002,28.639583333333334,Switzerland,5.0,0.078125,2011-12-10,0.10122226163358643,Low,Do not prioritise this cycle,eligible customer with recent purchase history
2011-12-10,12452,1,348.57,181,1,348.57,16.663194444444443,Switzerland,0.0,0.0,2011-12-10,0.10097866532093723,Low,Do not prioritise this cycle,eligible customer with recent purchase history
2011-12-10,12434,1,519.89,317,1,519.89,84.47361111111111,Australia,0.0,0.0,2011-12-10,0.09905301646578597,Low,Do not prioritise this cycle,eligible customer with recent purchase history
2011-12-10,12403,1,391.7,94,1,391.7,49.547916666666666,Denmark,0.0,0.0,2011-12-10,0.09432278470409217,Low,Do not prioritise this cycle,eligible customer with recent purchase history
2011-12-10,12393,1,521.5,294,1,521.5,72.34652777777778,Australia,0.0,0.0,2011-12-10,0.09384268495170091,Low,Do not prioritise this cycle,eligible customer with recent purchase history
2011-12-10,13919,1,153.66,135,1,153.66,59.4,Denmark,37.0,0.21511627906976744,2011-12-10,0.09089516568376922,Low,Do not prioritise this cycle,eligible customer with recent purchase history
2011-12-10,12430,1,216.4,116,1,216.4,43.36875,Norway,0.0,0.0,2011-12-10,0.09013331014931933,Low,Do not prioritise this cycle,eligible customer with recent purchase history
2011-12-10,16321,2,150.0,72,1,75.0,72.37847222222223,Australia,36.0,0.3333333333333333,2011-12-10,0.08990140833224197,Low,Do not prioritise this cycle,eligible customer with recent purchase history
2011-12-10,12429,1,905.52,512,1,905.52,9.276388888888889,Denmark,0.0,0.0,2011-12-10,0.08968689992156287,Low,Do not prioritise this cycle,purchased in the last 14 days
2011-12-10,12781,1,237.48,324,1,237.48,63.55763888888889,Czech Republic,39.0,0.10743801652892562,2011-12-10,0.08400363733221587,Low,Do not prioritise this cycle,eligible customer with recent purchase history
2011-12-10,14934,1,1062.1,583,1,1062.1,81.57638888888889,Channel Islands,1.0,0.0017123287671232876,2011-12-10,0.08072385705490992,Low,Do not prioritise this cycle,eligible customer with recent purchase history
2011-12-10,12367,1,150.9,172,1,150.9,4.3,Denmark,0.0,0.0,2011-12-10,0.07534677241934404,Low,Do not prioritise this cycle,purchased in the last 14 days
2011-12-10,14937,2,862.3199999999999,312,1,431.15999999999997,56.47986111111111,Channel Islands,0.0,0.0,2011-12-10,0.07013776545786701,Low,Do not prioritise this cycle,eligible customer with recent purchase history
2011-12-10,12478,1,545.99,233,1,545.99,3.5861111111111112,Greece,0.0,0.0,2011-12-10,0.06936255316534311,Low,Do not prioritise this cycle,purchased in the last 14 days
2011-12-10,12558,1,269.96,196,1,269.96,7.554861111111111,USA,196.0,0.5,2011-12-10,0.05874544826841847,Low,Do not prioritise this cycle,purchased in the last 14 days
2011-12-10,12756,1,112.07999999999998,144,1,112.07999999999998,86.60347222222222,Japan,0.0,0.0,2011-12-10,0.05841585883281176,Low,Do not prioritise this cycle,eligible customer with recent purchase history
2011-12-10,12512,2,138.03,99,1,69.015,66.37847222222223,Israel,0.0,0.0,2011-12-10,0.0579457069218766,Low,Do not prioritise this cycle,eligible customer with recent purchase history
2011-12-10,12607,1,1579.51,1228,1,1579.51,60.329166666666666,USA,1228.0,0.5,2011-12-10,0.05711827854328239,Low,Do not prioritise this cycle,eligible customer with recent purchase history
2011-12-10,12359,1,2876.85,657,1,2876.85,57.46736111111111,Cyprus,6.0,0.00904977375565611,2011-12-10,0.05103667770993061,Low,Do not prioritise this cycle,eligible customer with recent purchase history
2011-12-10,12812,1,229.64000000000001,164,1,229.64000000000001,44.5875,Japan,0.0,0.0,2011-12-10,0.04941933502430139,Low,Do not prioritise this cycle,eligible customer with recent purchase history
2011-12-10,12420,1,600.39,345,1,600.39,63.62847222222222,Cyprus,0.0,0.0,2011-12-10,0.0353306816912432,Low,Do not prioritise this cycle,eligible customer with recent purchase history
2011-12-10,12370,1,739.28,380,1,739.28,51.38125,Cyprus,0.0,0.0,2011-12-10,0.03430356910271054,Low,Do not prioritise this cycle,eligible customer with recent purchase history
2011-12-10,12391,1,460.89,300,1,460.89,21.49513888888889,Cyprus,0.0,0.0,2011-12-10,0.028331172191273308,Low,Do not prioritise this cycle,eligible customer with recent purchase history
2011-12-10,16446,1,168469.6,80995,1,168469.6,0.6145833333333334,United Kingdom,80995.0,0.5,2011-12-10,3.266251135320067e-06,Low,Do not prioritise this cycle,purchased in the last 14 days

